ipeds_unitid,fedsupport_name,state,fedsupport_years,joins_herd_erab,herd_inst_name_long,match_basis,decision_rationale
100654,Alabama A&M U.,Alabama,1971-2023,yes,Alabama A&M University,native_unitid,FedSupport native IPEDS UnitID (NCSES-assigned); joins HERD era-B on UNITID
100663,"U. Alabama, The, Birmingham",Alabama,1971-2023,yes,"University of Alabama at Birmingham, The",native_unitid,FedSupport native IPEDS UnitID (NCSES-assigned); joins HERD era-B on UNITID
100690,Amridge U.,Alabama,2004-2004,no,,native_unitid,FedSupport native IPEDS UnitID (NCSES-assigned); no HERD era-B row carries this UNITID (NSF-funded institution outside the HERD UNITID set or HERD-side NULL — see backfill offer)
100706,"U. Alabama, The, Huntsville",Alabama,1971-2023,yes,"University of Alabama in Huntsville, The",native_unitid,FedSupport native IPEDS UnitID (NCSES-assigned); joins HERD era-B on UNITID
100724,Alabama State U.,Alabama,1972-2023,yes,Alabama State University,native_unitid,FedSupport native IPEDS UnitID (NCSES-assigned); joins HERD era-B on UNITID
100733,"U. Alabama, The, System Office",Alabama,1979-2020,no,,native_unitid,FedSupport native IPEDS UnitID (NCSES-assigned); no HERD era-B row carries this UNITID (NSF-funded institution outside the HERD UNITID set or HERD-side NULL — see backfill offer)
100751,"U. Alabama, The, Tuscaloosa",Alabama,1971-2023,yes,"University of Alabama, The, Tuscaloosa",native_unitid,FedSupport native IPEDS UnitID (NCSES-assigned); joins HERD era-B on UNITID
100760,Central Alabama Community C.,Alabama,1981-2011,no,,native_unitid,FedSupport native IPEDS UnitID (NCSES-assigned); no HERD era-B row carries this UNITID (NSF-funded institution outside the HERD UNITID set or HERD-side NULL — see backfill offer)
100812,Athens State U.,Alabama,1972-2021,no,,native_unitid,FedSupport native IPEDS UnitID (NCSES-assigned); no HERD era-B row carries this UNITID (NSF-funded institution outside the HERD UNITID set or HERD-side NULL — see backfill offer)
100830,"Auburn U., Auburn",Alabama,1992-2023,yes,"Auburn University, Montgomery",native_unitid,FedSupport native IPEDS UnitID (NCSES-assigned); joins HERD era-B on UNITID
100849,"Auburn U., Auburn",Alabama,1992-2013,no,,native_unitid,FedSupport native IPEDS UnitID (NCSES-assigned); no HERD era-B row carries this UNITID (NSF-funded institution outside the HERD UNITID set or HERD-side NULL — see backfill offer)
100858,"Auburn U., Auburn",Alabama,1971-2023,yes,"Auburn University, Auburn",native_unitid,FedSupport native IPEDS UnitID (NCSES-assigned); joins HERD era-B on UNITID
100937,Birmingham Southern C.,Alabama,1971-2020,no,,native_unitid,FedSupport native IPEDS UnitID (NCSES-assigned); no HERD era-B row carries this UNITID (NSF-funded institution outside the HERD UNITID set or HERD-side NULL — see backfill offer)
101028,Chattahoochee Valley Community C.,Alabama,1977-1977,no,,native_unitid,FedSupport native IPEDS UnitID (NCSES-assigned); no HERD era-B row carries this UNITID (NSF-funded institution outside the HERD UNITID set or HERD-side NULL — see backfill offer)
101073,"Concordia C., Selma",Alabama,1975-2003,no,,native_unitid,FedSupport native IPEDS UnitID (NCSES-assigned); no HERD era-B row carries this UNITID (NSF-funded institution outside the HERD UNITID set or HERD-side NULL — see backfill offer)
101143,Enterprise State Community C.,Alabama,1990-2003,no,,native_unitid,FedSupport native IPEDS UnitID (NCSES-assigned); no HERD era-B row carries this UNITID (NSF-funded institution outside the HERD UNITID set or HERD-side NULL — see backfill offer)
101161,Coastal Alabama Community C.,Alabama,1978-2018,no,,native_unitid,FedSupport native IPEDS UnitID (NCSES-assigned); no HERD era-B row carries this UNITID (NSF-funded institution outside the HERD UNITID set or HERD-side NULL — see backfill offer)
101189,Faulkner U.,Alabama,1992-1994,no,,native_unitid,FedSupport native IPEDS UnitID (NCSES-assigned); no HERD era-B row carries this UNITID (NSF-funded institution outside the HERD UNITID set or HERD-side NULL — see backfill offer)
101240,Gadsden State Community C.,Alabama,1971-2019,no,,native_unitid,FedSupport native IPEDS UnitID (NCSES-assigned); no HERD era-B row carries this UNITID (NSF-funded institution outside the HERD UNITID set or HERD-side NULL — see backfill offer)
101286,"Wallace Community C., Dothan",Alabama,1971-2007,no,,native_unitid,FedSupport native IPEDS UnitID (NCSES-assigned); no HERD era-B row carries this UNITID (NSF-funded institution outside the HERD UNITID set or HERD-side NULL — see backfill offer)
101295,"Wallace State Community C., Hanceville",Alabama,1992-2021,no,,native_unitid,FedSupport native IPEDS UnitID (NCSES-assigned); no HERD era-B row carries this UNITID (NSF-funded institution outside the HERD UNITID set or HERD-side NULL — see backfill offer)
101301,"Wallace State Community C., Selma",Alabama,2008-2011,no,,native_unitid,FedSupport native IPEDS UnitID (NCSES-assigned); no HERD era-B row carries this UNITID (NSF-funded institution outside the HERD UNITID set or HERD-side NULL — see backfill offer)
101435,Huntingdon C.,Alabama,1971-2001,no,,native_unitid,FedSupport native IPEDS UnitID (NCSES-assigned); no HERD era-B row carries this UNITID (NSF-funded institution outside the HERD UNITID set or HERD-side NULL — see backfill offer)
101462,J. F. Drake State Community and Technical C.,Alabama,1998-2016,no,,native_unitid,FedSupport native IPEDS UnitID (NCSES-assigned); no HERD era-B row carries this UNITID (NSF-funded institution outside the HERD UNITID set or HERD-side NULL — see backfill offer)
101480,Jacksonville State U.,Alabama,1971-2023,yes,Jacksonville State University,native_unitid,FedSupport native IPEDS UnitID (NCSES-assigned); joins HERD era-B on UNITID
101499,Coastal Alabama Community C.,Alabama,2011-2011,no,,native_unitid,FedSupport native IPEDS UnitID (NCSES-assigned); no HERD era-B row carries this UNITID (NSF-funded institution outside the HERD UNITID set or HERD-side NULL — see backfill offer)
101505,Jefferson State Community C.,Alabama,1971-2015,no,,native_unitid,FedSupport native IPEDS UnitID (NCSES-assigned); no HERD era-B row carries this UNITID (NSF-funded institution outside the HERD UNITID set or HERD-side NULL — see backfill offer)
101514,Calhoun Community C.,Alabama,1978-2015,no,,native_unitid,FedSupport native IPEDS UnitID (NCSES-assigned); no HERD era-B row carries this UNITID (NSF-funded institution outside the HERD UNITID set or HERD-side NULL — see backfill offer)
101569,"Lawson State Community C., Birmingham",Alabama,1972-2021,no,,native_unitid,FedSupport native IPEDS UnitID (NCSES-assigned); no HERD era-B row carries this UNITID (NSF-funded institution outside the HERD UNITID set or HERD-side NULL — see backfill offer)
101587,"U. West Alabama, The",Alabama,1971-2023,yes,"University of West Alabama, The",native_unitid,FedSupport native IPEDS UnitID (NCSES-assigned); joins HERD era-B on UNITID
101602,"Lurleen B. Wallace Community C., Andalusia",Alabama,1971-2016,no,,native_unitid,FedSupport native IPEDS UnitID (NCSES-assigned); no HERD era-B row carries this UNITID (NSF-funded institution outside the HERD UNITID set or HERD-side NULL — see backfill offer)
101648,Marion Military Institute,Alabama,2007-2023,no,,native_unitid,FedSupport native IPEDS UnitID (NCSES-assigned); no HERD era-B row carries this UNITID (NSF-funded institution outside the HERD UNITID set or HERD-side NULL — see backfill offer)
101675,Miles C.,Alabama,1971-2023,no,,native_unitid,FedSupport native IPEDS UnitID (NCSES-assigned); no HERD era-B row carries this UNITID (NSF-funded institution outside the HERD UNITID set or HERD-side NULL — see backfill offer)
101693,U. Mobile,Alabama,1972-2023,no,,native_unitid,FedSupport native IPEDS UnitID (NCSES-assigned); no HERD era-B row carries this UNITID (NSF-funded institution outside the HERD UNITID set or HERD-side NULL — see backfill offer)
101709,U. Montevallo,Alabama,1971-1999,no,,native_unitid,FedSupport native IPEDS UnitID (NCSES-assigned); no HERD era-B row carries this UNITID (NSF-funded institution outside the HERD UNITID set or HERD-side NULL — see backfill offer)
101736,Northwest-Shoals Community C.,Alabama,1998-2003,no,,native_unitid,FedSupport native IPEDS UnitID (NCSES-assigned); no HERD era-B row carries this UNITID (NSF-funded institution outside the HERD UNITID set or HERD-side NULL — see backfill offer)
101879,U. North Alabama,Alabama,1971-2023,yes,University of North Alabama,native_unitid,FedSupport native IPEDS UnitID (NCSES-assigned); joins HERD era-B on UNITID
101897,Northeast Alabama Community C.,Alabama,1971-1971,no,,native_unitid,FedSupport native IPEDS UnitID (NCSES-assigned); no HERD era-B row carries this UNITID (NSF-funded institution outside the HERD UNITID set or HERD-side NULL — see backfill offer)
101912,Oakwood U.,Alabama,1972-2023,yes,Oakwood University,native_unitid,FedSupport native IPEDS UnitID (NCSES-assigned); joins HERD era-B on UNITID
101949,Coastal Alabama Community C.,Alabama,1993-2011,no,,native_unitid,FedSupport native IPEDS UnitID (NCSES-assigned); no HERD era-B row carries this UNITID (NSF-funded institution outside the HERD UNITID set or HERD-side NULL — see backfill offer)
101994,Reid State Technical C.,Alabama,2008-2011,no,,native_unitid,FedSupport native IPEDS UnitID (NCSES-assigned); no HERD era-B row carries this UNITID (NSF-funded institution outside the HERD UNITID set or HERD-side NULL — see backfill offer)
102030,Bishop State Community C.,Alabama,1975-2011,no,,native_unitid,FedSupport native IPEDS UnitID (NCSES-assigned); no HERD era-B row carries this UNITID (NSF-funded institution outside the HERD UNITID set or HERD-side NULL — see backfill offer)
102049,Samford U.,Alabama,1971-2023,no,,native_unitid,FedSupport native IPEDS UnitID (NCSES-assigned); no HERD era-B row carries this UNITID (NSF-funded institution outside the HERD UNITID set or HERD-side NULL — see backfill offer)
102058,Selma U.,Alabama,1977-1996,no,,native_unitid,FedSupport native IPEDS UnitID (NCSES-assigned); no HERD era-B row carries this UNITID (NSF-funded institution outside the HERD UNITID set or HERD-side NULL — see backfill offer)
102067,Shelton State Community C.,Alabama,1981-2011,no,,native_unitid,FedSupport native IPEDS UnitID (NCSES-assigned); no HERD era-B row carries this UNITID (NSF-funded institution outside the HERD UNITID set or HERD-side NULL — see backfill offer)
102076,Snead State Community C.,Alabama,2010-2018,no,,native_unitid,FedSupport native IPEDS UnitID (NCSES-assigned); no HERD era-B row carries this UNITID (NSF-funded institution outside the HERD UNITID set or HERD-side NULL — see backfill offer)
102094,U. South Alabama,Alabama,1971-2023,yes,University of South Alabama,native_unitid,FedSupport native IPEDS UnitID (NCSES-assigned); joins HERD era-B on UNITID
102234,Spring Hill C.,Alabama,1971-2023,no,,native_unitid,FedSupport native IPEDS UnitID (NCSES-assigned); no HERD era-B row carries this UNITID (NSF-funded institution outside the HERD UNITID set or HERD-side NULL — see backfill offer)
102270,Stillman C.,Alabama,1973-2023,no,,native_unitid,FedSupport native IPEDS UnitID (NCSES-assigned); no HERD era-B row carries this UNITID (NSF-funded institution outside the HERD UNITID set or HERD-side NULL — see backfill offer)
102298,Talladega C.,Alabama,1971-2012,no,,native_unitid,FedSupport native IPEDS UnitID (NCSES-assigned); no HERD era-B row carries this UNITID (NSF-funded institution outside the HERD UNITID set or HERD-side NULL — see backfill offer)
102313,H. Councill Trenholm State Community C.,Alabama,1988-2001,no,,native_unitid,FedSupport native IPEDS UnitID (NCSES-assigned); no HERD era-B row carries this UNITID (NSF-funded institution outside the HERD UNITID set or HERD-side NULL — see backfill offer)
102368,Troy U.,Alabama,1979-2023,yes,Troy University,native_unitid,FedSupport native IPEDS UnitID (NCSES-assigned); joins HERD era-B on UNITID
102377,Tuskegee U.,Alabama,1971-2023,yes,Tuskegee University,native_unitid,FedSupport native IPEDS UnitID (NCSES-assigned); joins HERD era-B on UNITID
102429,"Bevill State Community C., Jasper",Alabama,2001-2003,no,,native_unitid,FedSupport native IPEDS UnitID (NCSES-assigned); no HERD era-B row carries this UNITID (NSF-funded institution outside the HERD UNITID set or HERD-side NULL — see backfill offer)
102553,"U. Alaska, Anchorage",Alaska,1978-2023,yes,University of Alaska Anchorage,native_unitid,FedSupport native IPEDS UnitID (NCSES-assigned); joins HERD era-B on UNITID
102614,"U. Alaska, Fairbanks",Alaska,1978-2023,yes,University of Alaska Fairbanks,native_unitid,FedSupport native IPEDS UnitID (NCSES-assigned); joins HERD era-B on UNITID
102632,"U. Alaska, Southeast",Alaska,1985-2023,yes,University of Alaska Southeast,native_unitid,FedSupport native IPEDS UnitID (NCSES-assigned); joins HERD era-B on UNITID
102669,Alaska Pacific U.,Alaska,1971-2023,yes,Alaska Pacific University,native_unitid,FedSupport native IPEDS UnitID (NCSES-assigned); joins HERD era-B on UNITID
103529,U. Alaska System of Higher Education,Alaska,1980-2023,no,,native_unitid,FedSupport native IPEDS UnitID (NCSES-assigned); no HERD era-B row carries this UNITID (NSF-funded institution outside the HERD UNITID set or HERD-side NULL — see backfill offer)
103778,Thunderbird School of Global Management,Arizona,1990-1992,yes,Thunderbird School of Global Management,native_unitid,FedSupport native IPEDS UnitID (NCSES-assigned); joins HERD era-B on UNITID
104151,Arizona State U.,Arizona,1971-2023,yes,Arizona State University,native_unitid,FedSupport native IPEDS UnitID (NCSES-assigned); joins HERD era-B on UNITID
104160,Arizona Western C.,Arizona,1971-2015,no,,native_unitid,FedSupport native IPEDS UnitID (NCSES-assigned); no HERD era-B row carries this UNITID (NSF-funded institution outside the HERD UNITID set or HERD-side NULL — see backfill offer)
104179,U. Arizona,Arizona,1971-2023,yes,"University of Arizona, The",native_unitid,FedSupport native IPEDS UnitID (NCSES-assigned); joins HERD era-B on UNITID
104346,Central Arizona C.,Arizona,1972-2019,no,,native_unitid,FedSupport native IPEDS UnitID (NCSES-assigned); no HERD era-B row carries this UNITID (NSF-funded institution outside the HERD UNITID set or HERD-side NULL — see backfill offer)
104425,Cochise C.,Arizona,1971-2015,no,,native_unitid,FedSupport native IPEDS UnitID (NCSES-assigned); no HERD era-B row carries this UNITID (NSF-funded institution outside the HERD UNITID set or HERD-side NULL — see backfill offer)
104577,Eastern Arizona C.,Arizona,1971-2012,no,,native_unitid,FedSupport native IPEDS UnitID (NCSES-assigned); no HERD era-B row carries this UNITID (NSF-funded institution outside the HERD UNITID set or HERD-side NULL — see backfill offer)
104708,"Maricopa Community Colleges, Glendale Community C.",Arizona,1971-1989,no,,native_unitid,FedSupport native IPEDS UnitID (NCSES-assigned); no HERD era-B row carries this UNITID (NSF-funded institution outside the HERD UNITID set or HERD-side NULL — see backfill offer)
104717,Grand Canyon U.,Arizona,1987-1990,no,,native_unitid,FedSupport native IPEDS UnitID (NCSES-assigned); no HERD era-B row carries this UNITID (NSF-funded institution outside the HERD UNITID set or HERD-side NULL — see backfill offer)
105136,Maricopa Community Colleges,Arizona,1990-2023,no,,native_unitid,FedSupport native IPEDS UnitID (NCSES-assigned); no HERD era-B row carries this UNITID (NSF-funded institution outside the HERD UNITID set or HERD-side NULL — see backfill offer)
105145,"Maricopa Community Colleges, GateWay Community C.",Arizona,1972-2014,no,,native_unitid,FedSupport native IPEDS UnitID (NCSES-assigned); no HERD era-B row carries this UNITID (NSF-funded institution outside the HERD UNITID set or HERD-side NULL — see backfill offer)
105154,"Maricopa Community Colleges, Mesa Community C.",Arizona,1972-2003,no,,native_unitid,FedSupport native IPEDS UnitID (NCSES-assigned); no HERD era-B row carries this UNITID (NSF-funded institution outside the HERD UNITID set or HERD-side NULL — see backfill offer)
105206,Mohave Community C.,Arizona,1976-2021,no,,native_unitid,FedSupport native IPEDS UnitID (NCSES-assigned); no HERD era-B row carries this UNITID (NSF-funded institution outside the HERD UNITID set or HERD-side NULL — see backfill offer)
105297,Dine C.,Arizona,1971-2023,yes,Dine College,native_unitid,FedSupport native IPEDS UnitID (NCSES-assigned); joins HERD era-B on UNITID
105330,Northern Arizona U.,Arizona,1971-2023,yes,Northern Arizona University,native_unitid,FedSupport native IPEDS UnitID (NCSES-assigned); joins HERD era-B on UNITID
105349,Northland Pioneer C.,Arizona,1977-1990,no,,native_unitid,FedSupport native IPEDS UnitID (NCSES-assigned); no HERD era-B row carries this UNITID (NSF-funded institution outside the HERD UNITID set or HERD-side NULL — see backfill offer)
105428,"Maricopa Community Colleges, Phoenix C.",Arizona,1971-2011,no,,native_unitid,FedSupport native IPEDS UnitID (NCSES-assigned); no HERD era-B row carries this UNITID (NSF-funded institution outside the HERD UNITID set or HERD-side NULL — see backfill offer)
105525,Pima Community C.,Arizona,1971-2022,no,,native_unitid,FedSupport native IPEDS UnitID (NCSES-assigned); no HERD era-B row carries this UNITID (NSF-funded institution outside the HERD UNITID set or HERD-side NULL — see backfill offer)
105589,Prescott C.,Arizona,1971-2021,yes,Prescott College,native_unitid,FedSupport native IPEDS UnitID (NCSES-assigned); joins HERD era-B on UNITID
105747,"Maricopa Community Colleges, Scottsdale Community C.",Arizona,1979-1995,no,,native_unitid,FedSupport native IPEDS UnitID (NCSES-assigned); no HERD era-B row carries this UNITID (NSF-funded institution outside the HERD UNITID set or HERD-side NULL — see backfill offer)
105792,"Maricopa Community Colleges, South Mountain Community C.",Arizona,1990-2007,no,,native_unitid,FedSupport native IPEDS UnitID (NCSES-assigned); no HERD era-B row carries this UNITID (NSF-funded institution outside the HERD UNITID set or HERD-side NULL — see backfill offer)
106148,Yavapai C.,Arizona,1980-2016,no,,native_unitid,FedSupport native IPEDS UnitID (NCSES-assigned); no HERD era-B row carries this UNITID (NSF-funded institution outside the HERD UNITID set or HERD-side NULL — see backfill offer)
106245,"U. Arkansas, Little Rock",Arkansas,1972-2023,yes,University of Arkansas at Little Rock,native_unitid,FedSupport native IPEDS UnitID (NCSES-assigned); joins HERD era-B on UNITID
106263,U. Arkansas for Medical Sciences,Arkansas,1972-2023,yes,University of Arkansas for Medical Sciences,native_unitid,FedSupport native IPEDS UnitID (NCSES-assigned); joins HERD era-B on UNITID
106306,Arkansas Baptist C.,Arkansas,2007-2007,no,,native_unitid,FedSupport native IPEDS UnitID (NCSES-assigned); no HERD era-B row carries this UNITID (NSF-funded institution outside the HERD UNITID set or HERD-side NULL — see backfill offer)
106342,Lyon C.,Arkansas,1974-2010,yes,Lyon College,native_unitid,FedSupport native IPEDS UnitID (NCSES-assigned); joins HERD era-B on UNITID
106397,"U. Arkansas, Fayetteville",Arkansas,1971-2023,yes,"University of Arkansas, Fayetteville",native_unitid,FedSupport native IPEDS UnitID (NCSES-assigned); joins HERD era-B on UNITID
106412,"U. Arkansas, Pine Bluff",Arkansas,1971-2023,yes,University of Arkansas Pine Bluff,native_unitid,FedSupport native IPEDS UnitID (NCSES-assigned); joins HERD era-B on UNITID
106449,"Arkansas State U., Jonesboro",Arkansas,1993-2002,no,,native_unitid,FedSupport native IPEDS UnitID (NCSES-assigned); no HERD era-B row carries this UNITID (NSF-funded institution outside the HERD UNITID set or HERD-side NULL — see backfill offer)
106458,"Arkansas State U., Jonesboro",Arkansas,1971-2023,yes,"Arkansas State University, Jonesboro",native_unitid,FedSupport native IPEDS UnitID (NCSES-assigned); joins HERD era-B on UNITID
106467,Arkansas Tech U.,Arkansas,1971-2012,yes,Arkansas Tech University,native_unitid,FedSupport native IPEDS UnitID (NCSES-assigned); joins HERD era-B on UNITID
106485,"U. Arkansas, Monticello",Arkansas,1972-2019,yes,University of Arkansas at Monticello,native_unitid,FedSupport native IPEDS UnitID (NCSES-assigned); joins HERD era-B on UNITID
106625,Black River Technical C.,Arkansas,2017-2017,no,,native_unitid,FedSupport native IPEDS UnitID (NCSES-assigned); no HERD era-B row carries this UNITID (NSF-funded institution outside the HERD UNITID set or HERD-side NULL — see backfill offer)
106704,U. Central Arkansas,Arkansas,1971-2023,yes,University of Central Arkansas,native_unitid,FedSupport native IPEDS UnitID (NCSES-assigned); joins HERD era-B on UNITID
106795,Cossatot Community C. of the U. Arkansas,Arkansas,1999-1999,no,,native_unitid,FedSupport native IPEDS UnitID (NCSES-assigned); no HERD era-B row carries this UNITID (NSF-funded institution outside the HERD UNITID set or HERD-side NULL — see backfill offer)
106883,East Arkansas Community C.,Arkansas,2008-2011,no,,native_unitid,FedSupport native IPEDS UnitID (NCSES-assigned); no HERD era-B row carries this UNITID (NSF-funded institution outside the HERD UNITID set or HERD-side NULL — see backfill offer)
106980,National Park C.,Arkansas,2023-2023,no,,native_unitid,FedSupport native IPEDS UnitID (NCSES-assigned); no HERD era-B row carries this UNITID (NSF-funded institution outside the HERD UNITID set or HERD-side NULL — see backfill offer)
107035,Harding U.,Arkansas,2004-2007,no,,native_unitid,FedSupport native IPEDS UnitID (NCSES-assigned); no HERD era-B row carries this UNITID (NSF-funded institution outside the HERD UNITID set or HERD-side NULL — see backfill offer)
107044,Harding U.,Arkansas,1971-2022,yes,Harding University,native_unitid,FedSupport native IPEDS UnitID (NCSES-assigned); joins HERD era-B on UNITID
107071,Henderson State U.,Arkansas,1971-2005,no,,native_unitid,FedSupport native IPEDS UnitID (NCSES-assigned); no HERD era-B row carries this UNITID (NSF-funded institution outside the HERD UNITID set or HERD-side NULL — see backfill offer)
107080,Hendrix C.,Arkansas,1971-2023,yes,Hendrix College,native_unitid,FedSupport native IPEDS UnitID (NCSES-assigned); joins HERD era-B on UNITID
107141,John Brown U.,Arkansas,1971-2009,yes,John Brown University,native_unitid,FedSupport native IPEDS UnitID (NCSES-assigned); joins HERD era-B on UNITID
107318,Arkansas State U. Mid-South,Arkansas,2002-2009,no,,native_unitid,FedSupport native IPEDS UnitID (NCSES-assigned); no HERD era-B row carries this UNITID (NSF-funded institution outside the HERD UNITID set or HERD-side NULL — see backfill offer)
107327,Arkansas Northeastern C.,Arkansas,1978-1982,no,,native_unitid,FedSupport native IPEDS UnitID (NCSES-assigned); no HERD era-B row carries this UNITID (NSF-funded institution outside the HERD UNITID set or HERD-side NULL — see backfill offer)
107460,North Arkansas C.,Arkansas,2017-2023,no,,native_unitid,FedSupport native IPEDS UnitID (NCSES-assigned); no HERD era-B row carries this UNITID (NSF-funded institution outside the HERD UNITID set or HERD-side NULL — see backfill offer)
107512,Ouachita Baptist U.,Arkansas,1971-2023,yes,Ouachita Baptist University,native_unitid,FedSupport native IPEDS UnitID (NCSES-assigned); joins HERD era-B on UNITID
107521,Arkansas State U. Three Rivers,Arkansas,2008-2009,no,,native_unitid,FedSupport native IPEDS UnitID (NCSES-assigned); no HERD era-B row carries this UNITID (NSF-funded institution outside the HERD UNITID set or HERD-side NULL — see backfill offer)
107558,U. of the Ozarks,Arkansas,1994-1994,no,,native_unitid,FedSupport native IPEDS UnitID (NCSES-assigned); no HERD era-B row carries this UNITID (NSF-funded institution outside the HERD UNITID set or HERD-side NULL — see backfill offer)
107600,Philander Smith C.,Arkansas,1971-2016,yes,Philander Smith College,native_unitid,FedSupport native IPEDS UnitID (NCSES-assigned); joins HERD era-B on UNITID
107619,Phillips Community C. of the U. Arkansas,Arkansas,1971-2019,no,,native_unitid,FedSupport native IPEDS UnitID (NCSES-assigned); no HERD era-B row carries this UNITID (NSF-funded institution outside the HERD UNITID set or HERD-side NULL — see backfill offer)
107664,"U. Arkansas, Pulaski Technical C.",Arkansas,2010-2010,no,,native_unitid,FedSupport native IPEDS UnitID (NCSES-assigned); no HERD era-B row carries this UNITID (NSF-funded institution outside the HERD UNITID set or HERD-side NULL — see backfill offer)
107840,"Shorter C., North Little Rock",Arkansas,1997-1997,no,,native_unitid,FedSupport native IPEDS UnitID (NCSES-assigned); no HERD era-B row carries this UNITID (NSF-funded institution outside the HERD UNITID set or HERD-side NULL — see backfill offer)
107877,Williams Baptist C.,Arkansas,1978-1981,no,,native_unitid,FedSupport native IPEDS UnitID (NCSES-assigned); no HERD era-B row carries this UNITID (NSF-funded institution outside the HERD UNITID set or HERD-side NULL — see backfill offer)
107974,South Arkansas Community C.,Arkansas,2019-2019,no,,native_unitid,FedSupport native IPEDS UnitID (NCSES-assigned); no HERD era-B row carries this UNITID (NSF-funded institution outside the HERD UNITID set or HERD-side NULL — see backfill offer)
107983,Southern Arkansas U.,Arkansas,1971-2017,yes,Southern Arkansas University,native_unitid,FedSupport native IPEDS UnitID (NCSES-assigned); joins HERD era-B on UNITID
107992,Southern Arkansas U.,Arkansas,1992-1994,no,,native_unitid,FedSupport native IPEDS UnitID (NCSES-assigned); no HERD era-B row carries this UNITID (NSF-funded institution outside the HERD UNITID set or HERD-side NULL — see backfill offer)
108056,"U. Arkansas, System Office",Arkansas,1974-2023,no,,native_unitid,FedSupport native IPEDS UnitID (NCSES-assigned); no HERD era-B row carries this UNITID (NSF-funded institution outside the HERD UNITID set or HERD-side NULL — see backfill offer)
108092,"U. Arkansas, Fort Smith",Arkansas,1978-2011,no,,native_unitid,FedSupport native IPEDS UnitID (NCSES-assigned); no HERD era-B row carries this UNITID (NSF-funded institution outside the HERD UNITID set or HERD-side NULL — see backfill offer)
108667,"Peralta Community C., C. Alameda",California,2021-2021,no,,native_unitid,FedSupport native IPEDS UnitID (NCSES-assigned); no HERD era-B row carries this UNITID (NSF-funded institution outside the HERD UNITID set or HERD-side NULL — see backfill offer)
108807,Allan Hancock C.,California,1988-2022,no,,native_unitid,FedSupport native IPEDS UnitID (NCSES-assigned); no HERD era-B row carries this UNITID (NSF-funded institution outside the HERD UNITID set or HERD-side NULL — see backfill offer)
109208,"Los Rios Community C. District, American River C.",California,1971-2002,no,,native_unitid,FedSupport native IPEDS UnitID (NCSES-assigned); no HERD era-B row carries this UNITID (NSF-funded institution outside the HERD UNITID set or HERD-side NULL — see backfill offer)
109350,Antelope Valley C.,California,2003-2011,no,,native_unitid,FedSupport native IPEDS UnitID (NCSES-assigned); no HERD era-B row carries this UNITID (NSF-funded institution outside the HERD UNITID set or HERD-side NULL — see backfill offer)
109651,Art Center C. of Design,California,1984-2012,no,,native_unitid,FedSupport native IPEDS UnitID (NCSES-assigned); no HERD era-B row carries this UNITID (NSF-funded institution outside the HERD UNITID set or HERD-side NULL — see backfill offer)
109785,Azusa Pacific U.,California,1992-2023,yes,Azusa Pacific University,native_unitid,FedSupport native IPEDS UnitID (NCSES-assigned); joins HERD era-B on UNITID
109819,Bakersfield C.,California,1974-2023,no,,native_unitid,FedSupport native IPEDS UnitID (NCSES-assigned); no HERD era-B row carries this UNITID (NSF-funded institution outside the HERD UNITID set or HERD-side NULL — see backfill offer)
110097,Biola U.,California,1990-1993,yes,Biola University,native_unitid,FedSupport native IPEDS UnitID (NCSES-assigned); joins HERD era-B on UNITID
110246,Butte C.,California,1972-2011,no,,native_unitid,FedSupport native IPEDS UnitID (NCSES-assigned); no HERD era-B row carries this UNITID (NSF-funded institution outside the HERD UNITID set or HERD-side NULL — see backfill offer)
110316,California Institute of Integral Studies,California,1987-1994,no,,native_unitid,FedSupport native IPEDS UnitID (NCSES-assigned); no HERD era-B row carries this UNITID (NSF-funded institution outside the HERD UNITID set or HERD-side NULL — see backfill offer)
110334,Cabrillo C.,California,1975-2014,no,,native_unitid,FedSupport native IPEDS UnitID (NCSES-assigned); no HERD era-B row carries this UNITID (NSF-funded institution outside the HERD UNITID set or HERD-side NULL — see backfill offer)
110361,California Baptist U.,California,2012-2015,yes,California Baptist University,native_unitid,FedSupport native IPEDS UnitID (NCSES-assigned); joins HERD era-B on UNITID
110370,California C. of the Arts,California,1972-2019,no,,native_unitid,FedSupport native IPEDS UnitID (NCSES-assigned); no HERD era-B row carries this UNITID (NSF-funded institution outside the HERD UNITID set or HERD-side NULL — see backfill offer)
110398,"U. California, Hastings C. of Law",California,1994-2018,yes,"University of California, Hastings College of Law",native_unitid,FedSupport native IPEDS UnitID (NCSES-assigned); joins HERD era-B on UNITID
110404,California Institute of Technology,California,1971-2023,yes,California Institute of Technology,native_unitid,FedSupport native IPEDS UnitID (NCSES-assigned); joins HERD era-B on UNITID
110413,California Lutheran U.,California,1971-2022,yes,California Lutheran University,native_unitid,FedSupport native IPEDS UnitID (NCSES-assigned); joins HERD era-B on UNITID
110422,"California Polytechnic State U., San Luis Obispo",California,1971-2023,yes,"California Polytechnic State University, San Luis Obispo",native_unitid,FedSupport native IPEDS UnitID (NCSES-assigned); joins HERD era-B on UNITID
110440,"Alliant International U., Fresno",California,1971-2011,no,,native_unitid,FedSupport native IPEDS UnitID (NCSES-assigned); no HERD era-B row carries this UNITID (NSF-funded institution outside the HERD UNITID set or HERD-side NULL — see backfill offer)
110459,"Alliant International U., Los Angeles",California,1985-1998,no,,native_unitid,FedSupport native IPEDS UnitID (NCSES-assigned); no HERD era-B row carries this UNITID (NSF-funded institution outside the HERD UNITID set or HERD-side NULL — see backfill offer)
110468,"Alliant International U., San Diego",California,1987-2023,no,,native_unitid,FedSupport native IPEDS UnitID (NCSES-assigned); no HERD era-B row carries this UNITID (NSF-funded institution outside the HERD UNITID set or HERD-side NULL — see backfill offer)
110477,"Alliant International U., San Francisco",California,1990-1992,no,,native_unitid,FedSupport native IPEDS UnitID (NCSES-assigned); no HERD era-B row carries this UNITID (NSF-funded institution outside the HERD UNITID set or HERD-side NULL — see backfill offer)
110486,"California State U., Bakersfield",California,1971-2023,yes,"California State University, Bakersfield",native_unitid,FedSupport native IPEDS UnitID (NCSES-assigned); joins HERD era-B on UNITID
110495,"California State U., Stanislaus",California,1971-2023,yes,"California State University, Stanislaus",native_unitid,FedSupport native IPEDS UnitID (NCSES-assigned); joins HERD era-B on UNITID
110501,"California State U., system office",California,1973-2023,yes,"California State University, System Office",native_unitid,FedSupport native IPEDS UnitID (NCSES-assigned); joins HERD era-B on UNITID
110510,"California State U., San Bernardino",California,1971-2023,yes,"California State University, San Bernardino",native_unitid,FedSupport native IPEDS UnitID (NCSES-assigned); joins HERD era-B on UNITID
110529,"California State Polytechnic U., Pomona",California,1971-2023,yes,"California State Polytechnic University, Pomona",native_unitid,FedSupport native IPEDS UnitID (NCSES-assigned); joins HERD era-B on UNITID
110538,"California State U., Chico",California,1971-2023,yes,"California State University, Chico",native_unitid,FedSupport native IPEDS UnitID (NCSES-assigned); joins HERD era-B on UNITID
110547,"California State U., Dominguez Hills",California,1971-2023,yes,"California State University, Dominguez Hills",native_unitid,FedSupport native IPEDS UnitID (NCSES-assigned); joins HERD era-B on UNITID
110556,"California State U., Fresno",California,1971-2023,yes,"California State University, Fresno",native_unitid,FedSupport native IPEDS UnitID (NCSES-assigned); joins HERD era-B on UNITID
110565,"California State U., Fullerton",California,1971-2023,yes,"California State University, Fullerton",native_unitid,FedSupport native IPEDS UnitID (NCSES-assigned); joins HERD era-B on UNITID
110574,"California State U., East Bay",California,1971-2023,yes,"California State University, East Bay",native_unitid,FedSupport native IPEDS UnitID (NCSES-assigned); joins HERD era-B on UNITID
110583,"California State U., Long Beach",California,1971-2023,yes,"California State University, Long Beach",native_unitid,FedSupport native IPEDS UnitID (NCSES-assigned); joins HERD era-B on UNITID
110592,"California State U., Los Angeles",California,1971-2023,yes,"California State University, Los Angeles",native_unitid,FedSupport native IPEDS UnitID (NCSES-assigned); joins HERD era-B on UNITID
110608,"California State U., Northridge",California,1971-2023,yes,"California State University, Northridge",native_unitid,FedSupport native IPEDS UnitID (NCSES-assigned); joins HERD era-B on UNITID
110617,"California State U., Sacramento",California,1971-2023,yes,"California State University, Sacramento",native_unitid,FedSupport native IPEDS UnitID (NCSES-assigned); joins HERD era-B on UNITID
110635,"U. California, Berkeley",California,1971-2023,yes,"University of California, Berkeley",native_unitid,FedSupport native IPEDS UnitID (NCSES-assigned); joins HERD era-B on UNITID
110644,"U. California, Davis",California,1971-2023,yes,"University of California, Davis",native_unitid,FedSupport native IPEDS UnitID (NCSES-assigned); joins HERD era-B on UNITID
110653,"U. California, Irvine",California,1971-2023,yes,"University of California, Irvine",native_unitid,FedSupport native IPEDS UnitID (NCSES-assigned); joins HERD era-B on UNITID
110662,"U. California, Los Angeles",California,1971-2023,yes,"University of California, Los Angeles",native_unitid,FedSupport native IPEDS UnitID (NCSES-assigned); joins HERD era-B on UNITID
110671,"U. California, Riverside",California,1971-2023,yes,"University of California, Riverside",native_unitid,FedSupport native IPEDS UnitID (NCSES-assigned); joins HERD era-B on UNITID
110680,"U. California, San Diego",California,1971-2023,yes,"University of California, San Diego",native_unitid,FedSupport native IPEDS UnitID (NCSES-assigned); joins HERD era-B on UNITID
110699,"U. California, San Francisco",California,1971-2023,yes,"University of California, San Francisco",native_unitid,FedSupport native IPEDS UnitID (NCSES-assigned); joins HERD era-B on UNITID
110705,"U. California, Santa Barbara",California,1971-2023,yes,"University of California, Santa Barbara",native_unitid,FedSupport native IPEDS UnitID (NCSES-assigned); joins HERD era-B on UNITID
110714,"U. California, Santa Cruz",California,1971-2023,yes,"University of California, Santa Cruz",native_unitid,FedSupport native IPEDS UnitID (NCSES-assigned); joins HERD era-B on UNITID
111081,California Institute of the Arts,California,1971-2012,no,,native_unitid,FedSupport native IPEDS UnitID (NCSES-assigned); no HERD era-B row carries this UNITID (NSF-funded institution outside the HERD UNITID set or HERD-side NULL — see backfill offer)
111188,California State U. Maritime Academy,California,1973-2023,yes,"California Maritime Academy, The",native_unitid,FedSupport native IPEDS UnitID (NCSES-assigned); joins HERD era-B on UNITID
111434,"San Mateo County Community C. District, Canada C.",California,1971-2018,no,,native_unitid,FedSupport native IPEDS UnitID (NCSES-assigned); no HERD era-B row carries this UNITID (NSF-funded institution outside the HERD UNITID set or HERD-side NULL — see backfill offer)
111461,C. Canyons,California,2002-2023,no,,native_unitid,FedSupport native IPEDS UnitID (NCSES-assigned); no HERD era-B row carries this UNITID (NSF-funded institution outside the HERD UNITID set or HERD-side NULL — see backfill offer)
111887,Cerritos C.,California,1971-2023,no,,native_unitid,FedSupport native IPEDS UnitID (NCSES-assigned); no HERD era-B row carries this UNITID (NSF-funded institution outside the HERD UNITID set or HERD-side NULL — see backfill offer)
111920,Chabot C.,California,1972-2019,no,,native_unitid,FedSupport native IPEDS UnitID (NCSES-assigned); no HERD era-B row carries this UNITID (NSF-funded institution outside the HERD UNITID set or HERD-side NULL — see backfill offer)
111939,Chaffey C.,California,1971-1973,no,,native_unitid,FedSupport native IPEDS UnitID (NCSES-assigned); no HERD era-B row carries this UNITID (NSF-funded institution outside the HERD UNITID set or HERD-side NULL — see backfill offer)
111948,Chapman U.,California,1972-2023,yes,Chapman University,native_unitid,FedSupport native IPEDS UnitID (NCSES-assigned); joins HERD era-B on UNITID
111966,Charles R. Drew U. Medicine and Science,California,1974-2023,yes,Charles R. Drew University of Medicine and Science,native_unitid,FedSupport native IPEDS UnitID (NCSES-assigned); joins HERD era-B on UNITID
112075,"Concordia U., Irvine",California,1983-1983,no,,native_unitid,FedSupport native IPEDS UnitID (NCSES-assigned); no HERD era-B row carries this UNITID (NSF-funded institution outside the HERD UNITID set or HERD-side NULL — see backfill offer)
112172,Citrus C.,California,1971-2022,no,,native_unitid,FedSupport native IPEDS UnitID (NCSES-assigned); no HERD era-B row carries this UNITID (NSF-funded institution outside the HERD UNITID set or HERD-side NULL — see backfill offer)
112190,City C. San Francisco,California,1994-2021,no,,native_unitid,FedSupport native IPEDS UnitID (NCSES-assigned); no HERD era-B row carries this UNITID (NSF-funded institution outside the HERD UNITID set or HERD-side NULL — see backfill offer)
112251,Claremont Graduate U.,California,1971-2023,yes,Claremont Graduate University,native_unitid,FedSupport native IPEDS UnitID (NCSES-assigned); joins HERD era-B on UNITID
112260,Claremont McKenna C.,California,1972-2023,yes,Claremont McKenna College,native_unitid,FedSupport native IPEDS UnitID (NCSES-assigned); joins HERD era-B on UNITID
112376,"Coast Community C., district office",California,1987-2022,no,,native_unitid,FedSupport native IPEDS UnitID (NCSES-assigned); no HERD era-B row carries this UNITID (NSF-funded institution outside the HERD UNITID set or HERD-side NULL — see backfill offer)
112385,Coastline Community C.,California,1978-2005,no,,native_unitid,FedSupport native IPEDS UnitID (NCSES-assigned); no HERD era-B row carries this UNITID (NSF-funded institution outside the HERD UNITID set or HERD-side NULL — see backfill offer)
112525,Western U. Health Sciences,California,1993-2023,yes,Western University of Health Sciences,native_unitid,FedSupport native IPEDS UnitID (NCSES-assigned); joins HERD era-B on UNITID
112561,"Columbia C., Sonora",California,1994-1994,no,,native_unitid,FedSupport native IPEDS UnitID (NCSES-assigned); no HERD era-B row carries this UNITID (NSF-funded institution outside the HERD UNITID set or HERD-side NULL — see backfill offer)
112686,"El Camino C., Compton Center",California,1999-2021,no,,native_unitid,FedSupport native IPEDS UnitID (NCSES-assigned); no HERD era-B row carries this UNITID (NSF-funded institution outside the HERD UNITID set or HERD-side NULL — see backfill offer)
112817,Contra Costa Community C. District,California,1988-2021,no,,native_unitid,FedSupport native IPEDS UnitID (NCSES-assigned); no HERD era-B row carries this UNITID (NSF-funded institution outside the HERD UNITID set or HERD-side NULL — see backfill offer)
112826,"Contra Costa Community C. District, Contra Costa C.",California,1971-2006,no,,native_unitid,FedSupport native IPEDS UnitID (NCSES-assigned); no HERD era-B row carries this UNITID (NSF-funded institution outside the HERD UNITID set or HERD-side NULL — see backfill offer)
113193,Cuesta C.,California,1971-2023,no,,native_unitid,FedSupport native IPEDS UnitID (NCSES-assigned); no HERD era-B row carries this UNITID (NSF-funded institution outside the HERD UNITID set or HERD-side NULL — see backfill offer)
113236,North Orange County Community C. District,California,1993-2000,no,,native_unitid,FedSupport native IPEDS UnitID (NCSES-assigned); no HERD era-B row carries this UNITID (NSF-funded institution outside the HERD UNITID set or HERD-side NULL — see backfill offer)
113333,"Foothill-De Anza Community C. District, De Anza C.",California,1971-2005,no,,native_unitid,FedSupport native IPEDS UnitID (NCSES-assigned); no HERD era-B row carries this UNITID (NSF-funded institution outside the HERD UNITID set or HERD-side NULL — see backfill offer)
113528,Deep Springs C.,California,1987-1994,no,,native_unitid,FedSupport native IPEDS UnitID (NCSES-assigned); no HERD era-B row carries this UNITID (NSF-funded institution outside the HERD UNITID set or HERD-side NULL — see backfill offer)
113573,C. of the Desert,California,1994-2002,no,,native_unitid,FedSupport native IPEDS UnitID (NCSES-assigned); no HERD era-B row carries this UNITID (NSF-funded institution outside the HERD UNITID set or HERD-side NULL — see backfill offer)
113634,"Contra Costa Community C. District, Diablo Valley C., Pleasant Hill",California,1971-2007,no,,native_unitid,FedSupport native IPEDS UnitID (NCSES-assigned); no HERD era-B row carries this UNITID (NSF-funded institution outside the HERD UNITID set or HERD-side NULL — see backfill offer)
113698,Dominican U. California,California,1975-2021,yes,Dominican University of California,native_unitid,FedSupport native IPEDS UnitID (NCSES-assigned); joins HERD era-B on UNITID
113856,"Los Angeles Community C. District, East Los Angeles C.",California,1973-2023,no,,native_unitid,FedSupport native IPEDS UnitID (NCSES-assigned); no HERD era-B row carries this UNITID (NSF-funded institution outside the HERD UNITID set or HERD-side NULL — see backfill offer)
113980,"El Camino C., Torrance",California,1989-2014,no,,native_unitid,FedSupport native IPEDS UnitID (NCSES-assigned); no HERD era-B row carries this UNITID (NSF-funded institution outside the HERD UNITID set or HERD-side NULL — see backfill offer)
114266,"San Jose-Evergreen Community C. District, Evergreen Valley C.",California,1980-2022,no,,native_unitid,FedSupport native IPEDS UnitID (NCSES-assigned); no HERD era-B row carries this UNITID (NSF-funded institution outside the HERD UNITID set or HERD-side NULL — see backfill offer)
114433,Feather River Community C. District,California,1988-2022,no,,native_unitid,FedSupport native IPEDS UnitID (NCSES-assigned); no HERD era-B row carries this UNITID (NSF-funded institution outside the HERD UNITID set or HERD-side NULL — see backfill offer)
114549,Fielding Graduate U.,California,1979-2023,yes,Fielding Graduate University,native_unitid,FedSupport native IPEDS UnitID (NCSES-assigned); joins HERD era-B on UNITID
114716,"Foothill-De Anza Community C. District, Foothill C.",California,1971-2022,no,,native_unitid,FedSupport native IPEDS UnitID (NCSES-assigned); no HERD era-B row carries this UNITID (NSF-funded institution outside the HERD UNITID set or HERD-side NULL — see backfill offer)
114789,"State Center Community C. District, Fresno City C.",California,1977-2023,no,,native_unitid,FedSupport native IPEDS UnitID (NCSES-assigned); no HERD era-B row carries this UNITID (NSF-funded institution outside the HERD UNITID set or HERD-side NULL — see backfill offer)
114813,Fresno Pacific U.,California,1971-2002,no,,native_unitid,FedSupport native IPEDS UnitID (NCSES-assigned); no HERD era-B row carries this UNITID (NSF-funded institution outside the HERD UNITID set or HERD-side NULL — see backfill offer)
114831,Foothill-De Anza Community C. District,California,1978-2015,no,,native_unitid,FedSupport native IPEDS UnitID (NCSES-assigned); no HERD era-B row carries this UNITID (NSF-funded institution outside the HERD UNITID set or HERD-side NULL — see backfill offer)
114840,Fuller Theological Seminary,California,1973-2006,yes,Fuller Theological Seminary,native_unitid,FedSupport native IPEDS UnitID (NCSES-assigned); joins HERD era-B on UNITID
114859,North Orange County Community C. District,California,1975-2023,no,,native_unitid,FedSupport native IPEDS UnitID (NCSES-assigned); no HERD era-B row carries this UNITID (NSF-funded institution outside the HERD UNITID set or HERD-side NULL — see backfill offer)
114938,Gavilan C.,California,1971-1972,no,,native_unitid,FedSupport native IPEDS UnitID (NCSES-assigned); no HERD era-B row carries this UNITID (NSF-funded institution outside the HERD UNITID set or HERD-side NULL — see backfill offer)
115001,"Glendale Community C., Glendale",California,1971-2015,no,,native_unitid,FedSupport native IPEDS UnitID (NCSES-assigned); no HERD era-B row carries this UNITID (NSF-funded institution outside the HERD UNITID set or HERD-side NULL — see backfill offer)
115083,Golden Gate U.,California,1971-1988,no,,native_unitid,FedSupport native IPEDS UnitID (NCSES-assigned); no HERD era-B row carries this UNITID (NSF-funded institution outside the HERD UNITID set or HERD-side NULL — see backfill offer)
115126,Golden West C.,California,1978-1995,no,,native_unitid,FedSupport native IPEDS UnitID (NCSES-assigned); no HERD era-B row carries this UNITID (NSF-funded institution outside the HERD UNITID set or HERD-side NULL — see backfill offer)
115214,Graduate Theological Union,California,1972-2007,no,,native_unitid,FedSupport native IPEDS UnitID (NCSES-assigned); no HERD era-B row carries this UNITID (NSF-funded institution outside the HERD UNITID set or HERD-side NULL — see backfill offer)
115287,Grossmont-Cuyamaca Community C. District,California,2005-2016,no,,native_unitid,FedSupport native IPEDS UnitID (NCSES-assigned); no HERD era-B row carries this UNITID (NSF-funded institution outside the HERD UNITID set or HERD-side NULL — see backfill offer)
115296,"Grossmont-Cuyamaca Community C. District, Grossmont C.",California,1980-2004,no,,native_unitid,FedSupport native IPEDS UnitID (NCSES-assigned); no HERD era-B row carries this UNITID (NSF-funded institution outside the HERD UNITID set or HERD-side NULL — see backfill offer)
115393,Hartnell C.,California,1997-2023,no,,native_unitid,FedSupport native IPEDS UnitID (NCSES-assigned); no HERD era-B row carries this UNITID (NSF-funded institution outside the HERD UNITID set or HERD-side NULL — see backfill offer)
115409,Harvey Mudd C.,California,1971-2023,yes,Harvey Mudd College,native_unitid,FedSupport native IPEDS UnitID (NCSES-assigned); joins HERD era-B on UNITID
115728,Holy Names U.,California,1971-1988,no,,native_unitid,FedSupport native IPEDS UnitID (NCSES-assigned); no HERD era-B row carries this UNITID (NSF-funded institution outside the HERD UNITID set or HERD-side NULL — see backfill offer)
115755,"California State Polytechnic U., Humboldt",California,1971-2023,yes,Humboldt State University,native_unitid,FedSupport native IPEDS UnitID (NCSES-assigned); joins HERD era-B on UNITID
115861,Imperial Valley C.,California,1980-2021,no,,native_unitid,FedSupport native IPEDS UnitID (NCSES-assigned); no HERD era-B row carries this UNITID (NSF-funded institution outside the HERD UNITID set or HERD-side NULL — see backfill offer)
116439,Irvine Valley C.,California,2013-2018,no,,native_unitid,FedSupport native IPEDS UnitID (NCSES-assigned); no HERD era-B row carries this UNITID (NSF-funded institution outside the HERD UNITID set or HERD-side NULL — see backfill offer)
116712,John F. Kennedy U.,California,1971-1997,no,,native_unitid,FedSupport native IPEDS UnitID (NCSES-assigned); no HERD era-B row carries this UNITID (NSF-funded institution outside the HERD UNITID set or HERD-side NULL — see backfill offer)
117052,"State Center Community C. District, Reedley C.",California,1997-2019,no,,native_unitid,FedSupport native IPEDS UnitID (NCSES-assigned); no HERD era-B row carries this UNITID (NSF-funded institution outside the HERD UNITID set or HERD-side NULL — see backfill offer)
117140,U. La Verne,California,1971-2022,no,,native_unitid,FedSupport native IPEDS UnitID (NCSES-assigned); no HERD era-B row carries this UNITID (NSF-funded institution outside the HERD UNITID set or HERD-side NULL — see backfill offer)
117247,"Peralta Community C., Laney C.",California,1971-1988,no,,native_unitid,FedSupport native IPEDS UnitID (NCSES-assigned); no HERD era-B row carries this UNITID (NSF-funded institution outside the HERD UNITID set or HERD-side NULL — see backfill offer)
117557,"Lincoln U., Oakland",California,1976-1987,no,,native_unitid,FedSupport native IPEDS UnitID (NCSES-assigned); no HERD era-B row carries this UNITID (NSF-funded institution outside the HERD UNITID set or HERD-side NULL — see backfill offer)
117627,La Sierra U.,California,1994-2017,yes,La Sierra University,native_unitid,FedSupport native IPEDS UnitID (NCSES-assigned); joins HERD era-B on UNITID
117636,Loma Linda U.,California,1971-2023,yes,Loma Linda University,native_unitid,FedSupport native IPEDS UnitID (NCSES-assigned); joins HERD era-B on UNITID
117645,Long Beach City C.,California,1974-2011,no,,native_unitid,FedSupport native IPEDS UnitID (NCSES-assigned); no HERD era-B row carries this UNITID (NSF-funded institution outside the HERD UNITID set or HERD-side NULL — see backfill offer)
117672,Southern California U. Health Sciences,California,1994-2022,yes,Southern California University of Health Sciences,native_unitid,FedSupport native IPEDS UnitID (NCSES-assigned); joins HERD era-B on UNITID
117681,Los Angeles Community C. District,California,1989-2015,no,,native_unitid,FedSupport native IPEDS UnitID (NCSES-assigned); no HERD era-B row carries this UNITID (NSF-funded institution outside the HERD UNITID set or HERD-side NULL — see backfill offer)
117690,"Los Angeles Community C. District, Los Angeles Harbor C.",California,1972-2022,no,,native_unitid,FedSupport native IPEDS UnitID (NCSES-assigned); no HERD era-B row carries this UNITID (NSF-funded institution outside the HERD UNITID set or HERD-side NULL — see backfill offer)
117706,"Los Angeles Community C. District, Pierce C.",California,1972-2022,no,,native_unitid,FedSupport native IPEDS UnitID (NCSES-assigned); no HERD era-B row carries this UNITID (NSF-funded institution outside the HERD UNITID set or HERD-side NULL — see backfill offer)
117715,"Los Angeles Community C. District, Los Angeles Southwest C.",California,1974-2011,no,,native_unitid,FedSupport native IPEDS UnitID (NCSES-assigned); no HERD era-B row carries this UNITID (NSF-funded institution outside the HERD UNITID set or HERD-side NULL — see backfill offer)
117724,"Los Angeles Community C. District, Los Angeles Trade-Technical C.",California,1977-2003,no,,native_unitid,FedSupport native IPEDS UnitID (NCSES-assigned); no HERD era-B row carries this UNITID (NSF-funded institution outside the HERD UNITID set or HERD-side NULL — see backfill offer)
117733,"Los Angeles Community C. District, Los Angeles Valley C.",California,1977-2021,no,,native_unitid,FedSupport native IPEDS UnitID (NCSES-assigned); no HERD era-B row carries this UNITID (NSF-funded institution outside the HERD UNITID set or HERD-side NULL — see backfill offer)
117788,"Los Angeles Community C. District, Los Angeles City C.",California,1972-2020,no,,native_unitid,FedSupport native IPEDS UnitID (NCSES-assigned); no HERD era-B row carries this UNITID (NSF-funded institution outside the HERD UNITID set or HERD-side NULL — see backfill offer)
117803,Los Angeles County C. of Nursing and Allied Health,California,2007-2007,no,,native_unitid,FedSupport native IPEDS UnitID (NCSES-assigned); no HERD era-B row carries this UNITID (NSF-funded institution outside the HERD UNITID set or HERD-side NULL — see backfill offer)
117867,"Los Angeles Community C. District, Los Angeles Mission C.",California,2017-2021,no,,native_unitid,FedSupport native IPEDS UnitID (NCSES-assigned); no HERD era-B row carries this UNITID (NSF-funded institution outside the HERD UNITID set or HERD-side NULL — see backfill offer)
117900,Los Rios Community C. District,California,1978-2009,no,,native_unitid,FedSupport native IPEDS UnitID (NCSES-assigned); no HERD era-B row carries this UNITID (NSF-funded institution outside the HERD UNITID set or HERD-side NULL — see backfill offer)
117946,Loyola Marymount U.,California,1973-2023,yes,Loyola Marymount University,native_unitid,FedSupport native IPEDS UnitID (NCSES-assigned); joins HERD era-B on UNITID
118347,C. Marin,California,1971-1976,no,,native_unitid,FedSupport native IPEDS UnitID (NCSES-assigned); no HERD era-B row carries this UNITID (NSF-funded institution outside the HERD UNITID set or HERD-side NULL — see backfill offer)
118684,Mendocino C.,California,1989-2015,no,,native_unitid,FedSupport native IPEDS UnitID (NCSES-assigned); no HERD era-B row carries this UNITID (NSF-funded institution outside the HERD UNITID set or HERD-side NULL — see backfill offer)
118693,Menlo C.,California,1971-2022,no,,native_unitid,FedSupport native IPEDS UnitID (NCSES-assigned); no HERD era-B row carries this UNITID (NSF-funded institution outside the HERD UNITID set or HERD-side NULL — see backfill offer)
118718,Merced Community C. District,California,1998-2022,no,,native_unitid,FedSupport native IPEDS UnitID (NCSES-assigned); no HERD era-B row carries this UNITID (NSF-funded institution outside the HERD UNITID set or HERD-side NULL — see backfill offer)
118772,"Peralta Community C., Merritt C.",California,1971-2023,no,,native_unitid,FedSupport native IPEDS UnitID (NCSES-assigned); no HERD era-B row carries this UNITID (NSF-funded institution outside the HERD UNITID set or HERD-side NULL — see backfill offer)
118888,Mills C.,California,1971-2021,yes,Mills College,native_unitid,FedSupport native IPEDS UnitID (NCSES-assigned); joins HERD era-B on UNITID
118912,MiraCosta C.,California,1994-1994,no,,native_unitid,FedSupport native IPEDS UnitID (NCSES-assigned); no HERD era-B row carries this UNITID (NSF-funded institution outside the HERD UNITID set or HERD-side NULL — see backfill offer)
118930,"West Valley-Mission Community C. District, Mission C.",California,1993-1993,no,,native_unitid,FedSupport native IPEDS UnitID (NCSES-assigned); no HERD era-B row carries this UNITID (NSF-funded institution outside the HERD UNITID set or HERD-side NULL — see backfill offer)
118976,Modesto Jr. C.,California,1972-1994,no,,native_unitid,FedSupport native IPEDS UnitID (NCSES-assigned); no HERD era-B row carries this UNITID (NSF-funded institution outside the HERD UNITID set or HERD-side NULL — see backfill offer)
119049,Monterey C. of Law,California,2010-2010,no,,native_unitid,FedSupport native IPEDS UnitID (NCSES-assigned); no HERD era-B row carries this UNITID (NSF-funded institution outside the HERD UNITID set or HERD-side NULL — see backfill offer)
119058,Middlebury Institute of International Studies at Monterey,California,1989-2013,no,,native_unitid,FedSupport native IPEDS UnitID (NCSES-assigned); no HERD era-B row carries this UNITID (NSF-funded institution outside the HERD UNITID set or HERD-side NULL — see backfill offer)
119067,Monterey Peninsula C.,California,1971-2022,no,,native_unitid,FedSupport native IPEDS UnitID (NCSES-assigned); no HERD era-B row carries this UNITID (NSF-funded institution outside the HERD UNITID set or HERD-side NULL — see backfill offer)
119137,"Ventura County Community C. District, Moorpark C.",California,1981-2006,no,,native_unitid,FedSupport native IPEDS UnitID (NCSES-assigned); no HERD era-B row carries this UNITID (NSF-funded institution outside the HERD UNITID set or HERD-side NULL — see backfill offer)
119164,Mt. San Antonio C.,California,1991-2023,no,,native_unitid,FedSupport native IPEDS UnitID (NCSES-assigned); no HERD era-B row carries this UNITID (NSF-funded institution outside the HERD UNITID set or HERD-side NULL — see backfill offer)
119173,Mount Saint Mary's U.,California,1971-2022,yes,Mount St. Mary's College,native_unitid,FedSupport native IPEDS UnitID (NCSES-assigned); joins HERD era-B on UNITID
119216,Mt. San Jacinto C.,California,1971-2006,no,,native_unitid,FedSupport native IPEDS UnitID (NCSES-assigned); no HERD era-B row carries this UNITID (NSF-funded institution outside the HERD UNITID set or HERD-side NULL — see backfill offer)
119331,Napa Valley C.,California,1991-1991,no,,native_unitid,FedSupport native IPEDS UnitID (NCSES-assigned); no HERD era-B row carries this UNITID (NSF-funded institution outside the HERD UNITID set or HERD-side NULL — see backfill offer)
119605,National U.,California,1983-2023,yes,National University,native_unitid,FedSupport native IPEDS UnitID (NCSES-assigned); joins HERD era-B on UNITID
119678,Naval Postgraduate School,California,1998-2023,yes,Naval Postgraduate School,native_unitid,FedSupport native IPEDS UnitID (NCSES-assigned); joins HERD era-B on UNITID
120023,North Orange County Community C. District,California,2009-2023,no,,native_unitid,FedSupport native IPEDS UnitID (NCSES-assigned); no HERD era-B row carries this UNITID (NSF-funded institution outside the HERD UNITID set or HERD-side NULL — see backfill offer)
120184,Notre Dame de Namur U.,California,1971-2019,no,,native_unitid,FedSupport native IPEDS UnitID (NCSES-assigned); no HERD era-B row carries this UNITID (NSF-funded institution outside the HERD UNITID set or HERD-side NULL — see backfill offer)
120254,Occidental C.,California,1971-2023,yes,Occidental College,native_unitid,FedSupport native IPEDS UnitID (NCSES-assigned); joins HERD era-B on UNITID
120290,Ohlone C.,California,1971-2023,no,,native_unitid,FedSupport native IPEDS UnitID (NCSES-assigned); no HERD era-B row carries this UNITID (NSF-funded institution outside the HERD UNITID set or HERD-side NULL — see backfill offer)
120342,Orange Coast C.,California,1977-2007,no,,native_unitid,FedSupport native IPEDS UnitID (NCSES-assigned); no HERD era-B row carries this UNITID (NSF-funded institution outside the HERD UNITID set or HERD-side NULL — see backfill offer)
120698,Palo Alto U.,California,2013-2023,yes,Palo Alto University,native_unitid,FedSupport native IPEDS UnitID (NCSES-assigned); joins HERD era-B on UNITID
120768,Pacific Oaks C.,California,1971-1974,no,,native_unitid,FedSupport native IPEDS UnitID (NCSES-assigned); no HERD era-B row carries this UNITID (NSF-funded institution outside the HERD UNITID set or HERD-side NULL — see backfill offer)
120795,Pacific School of Religion,California,1971-1978,no,,native_unitid,FedSupport native IPEDS UnitID (NCSES-assigned); no HERD era-B row carries this UNITID (NSF-funded institution outside the HERD UNITID set or HERD-side NULL — see backfill offer)
120838,Pacific States U.,California,1973-2009,no,,native_unitid,FedSupport native IPEDS UnitID (NCSES-assigned); no HERD era-B row carries this UNITID (NSF-funded institution outside the HERD UNITID set or HERD-side NULL — see backfill offer)
120865,Pacific Union C.,California,1971-2023,no,,native_unitid,FedSupport native IPEDS UnitID (NCSES-assigned); no HERD era-B row carries this UNITID (NSF-funded institution outside the HERD UNITID set or HERD-side NULL — see backfill offer)
120883,U. Pacific,California,1971-2023,yes,University of the Pacific,native_unitid,FedSupport native IPEDS UnitID (NCSES-assigned); joins HERD era-B on UNITID
120971,Palomar C.,California,1987-2017,no,,native_unitid,FedSupport native IPEDS UnitID (NCSES-assigned); no HERD era-B row carries this UNITID (NSF-funded institution outside the HERD UNITID set or HERD-side NULL — see backfill offer)
121044,Pasadena City C.,California,1971-2023,no,,native_unitid,FedSupport native IPEDS UnitID (NCSES-assigned); no HERD era-B row carries this UNITID (NSF-funded institution outside the HERD UNITID set or HERD-side NULL — see backfill offer)
121150,"Pepperdine U., Malibu",California,1971-2023,yes,Pepperdine University,native_unitid,FedSupport native IPEDS UnitID (NCSES-assigned); joins HERD era-B on UNITID
121178,"Peralta Community Colleges, district office",California,1971-2017,no,,native_unitid,FedSupport native IPEDS UnitID (NCSES-assigned); no HERD era-B row carries this UNITID (NSF-funded institution outside the HERD UNITID set or HERD-side NULL — see backfill offer)
121257,Pitzer C.,California,1972-2018,yes,Pitzer College,native_unitid,FedSupport native IPEDS UnitID (NCSES-assigned); joins HERD era-B on UNITID
121309,Point Loma Nazarene U.,California,1971-2014,yes,Point Loma Nazarene University,native_unitid,FedSupport native IPEDS UnitID (NCSES-assigned); joins HERD era-B on UNITID
121345,Pomona C.,California,1971-2023,yes,Pomona College,native_unitid,FedSupport native IPEDS UnitID (NCSES-assigned); joins HERD era-B on UNITID
121363,Porterville C.,California,1993-2002,no,,native_unitid,FedSupport native IPEDS UnitID (NCSES-assigned); no HERD era-B row carries this UNITID (NSF-funded institution outside the HERD UNITID set or HERD-side NULL — see backfill offer)
121619,"Rancho Santiago Community C. District, Santa Ana",California,1972-2022,no,,native_unitid,FedSupport native IPEDS UnitID (NCSES-assigned); no HERD era-B row carries this UNITID (NSF-funded institution outside the HERD UNITID set or HERD-side NULL — see backfill offer)
121628,Frederick S. Pardee RAND Graduate School,California,1980-2005,no,,native_unitid,FedSupport native IPEDS UnitID (NCSES-assigned); no HERD era-B row carries this UNITID (NSF-funded institution outside the HERD UNITID set or HERD-side NULL — see backfill offer)
121691,U. Redlands,California,1971-2022,yes,University of Redlands,native_unitid,FedSupport native IPEDS UnitID (NCSES-assigned); joins HERD era-B on UNITID
121707,C. of the Redwoods,California,1996-1996,no,,native_unitid,FedSupport native IPEDS UnitID (NCSES-assigned); no HERD era-B row carries this UNITID (NSF-funded institution outside the HERD UNITID set or HERD-side NULL — see backfill offer)
121886,Rio Hondo C.,California,1995-2022,no,,native_unitid,FedSupport native IPEDS UnitID (NCSES-assigned); no HERD era-B row carries this UNITID (NSF-funded institution outside the HERD UNITID set or HERD-side NULL — see backfill offer)
121901,"Riverside Community C. District, Riverside",California,1971-2021,no,,native_unitid,FedSupport native IPEDS UnitID (NCSES-assigned); no HERD era-B row carries this UNITID (NSF-funded institution outside the HERD UNITID set or HERD-side NULL — see backfill offer)
122180,Sacramento City C.,California,1972-1984,no,,native_unitid,FedSupport native IPEDS UnitID (NCSES-assigned); no HERD era-B row carries this UNITID (NSF-funded institution outside the HERD UNITID set or HERD-side NULL — see backfill offer)
122205,Saddleback C.,California,1978-2023,no,,native_unitid,FedSupport native IPEDS UnitID (NCSES-assigned); no HERD era-B row carries this UNITID (NSF-funded institution outside the HERD UNITID set or HERD-side NULL — see backfill offer)
122296,Samuel Merritt U.,California,1993-2023,no,,native_unitid,FedSupport native IPEDS UnitID (NCSES-assigned); no HERD era-B row carries this UNITID (NSF-funded institution outside the HERD UNITID set or HERD-side NULL — see backfill offer)
122339,"San Diego Community C., district office",California,1971-2022,no,,native_unitid,FedSupport native IPEDS UnitID (NCSES-assigned); no HERD era-B row carries this UNITID (NSF-funded institution outside the HERD UNITID set or HERD-side NULL — see backfill offer)
122375,San Diego Mesa C.,California,1983-2018,no,,native_unitid,FedSupport native IPEDS UnitID (NCSES-assigned); no HERD era-B row carries this UNITID (NSF-funded institution outside the HERD UNITID set or HERD-side NULL — see backfill offer)
122384,San Diego Miramar C.,California,1997-1997,no,,native_unitid,FedSupport native IPEDS UnitID (NCSES-assigned); no HERD era-B row carries this UNITID (NSF-funded institution outside the HERD UNITID set or HERD-side NULL — see backfill offer)
122409,"San Diego State U., San Diego",California,1971-2023,yes,San Diego State University,native_unitid,FedSupport native IPEDS UnitID (NCSES-assigned); joins HERD era-B on UNITID
122436,U. San Diego,California,1971-2023,yes,University of San Diego,native_unitid,FedSupport native IPEDS UnitID (NCSES-assigned); joins HERD era-B on UNITID
122506,San Francisco Conservatory of Music,California,1972-1972,no,,native_unitid,FedSupport native IPEDS UnitID (NCSES-assigned); no HERD era-B row carries this UNITID (NSF-funded institution outside the HERD UNITID set or HERD-side NULL — see backfill offer)
122597,San Francisco State U.,California,1971-2023,yes,San Francisco State University,native_unitid,FedSupport native IPEDS UnitID (NCSES-assigned); joins HERD era-B on UNITID
122612,U. San Francisco,California,1971-2023,yes,University of San Francisco,native_unitid,FedSupport native IPEDS UnitID (NCSES-assigned); joins HERD era-B on UNITID
122649,San Joaquin C. of Law,California,1990-1998,no,,native_unitid,FedSupport native IPEDS UnitID (NCSES-assigned); no HERD era-B row carries this UNITID (NSF-funded institution outside the HERD UNITID set or HERD-side NULL — see backfill offer)
122658,San Joaquin Delta C.,California,1971-2020,no,,native_unitid,FedSupport native IPEDS UnitID (NCSES-assigned); no HERD era-B row carries this UNITID (NSF-funded institution outside the HERD UNITID set or HERD-side NULL — see backfill offer)
122685,"San Joaquin Valley C., Visalia",California,2011-2011,no,,native_unitid,FedSupport native IPEDS UnitID (NCSES-assigned); no HERD era-B row carries this UNITID (NSF-funded institution outside the HERD UNITID set or HERD-side NULL — see backfill offer)
122728,William Jessup U.,California,2023-2023,no,,native_unitid,FedSupport native IPEDS UnitID (NCSES-assigned); no HERD era-B row carries this UNITID (NSF-funded institution outside the HERD UNITID set or HERD-side NULL — see backfill offer)
122737,San Jose-Evergreen Community C. District,California,1979-2006,no,,native_unitid,FedSupport native IPEDS UnitID (NCSES-assigned); no HERD era-B row carries this UNITID (NSF-funded institution outside the HERD UNITID set or HERD-side NULL — see backfill offer)
122746,"San Jose-Evergreen Community C. District, San Jose City C.",California,1971-2003,no,,native_unitid,FedSupport native IPEDS UnitID (NCSES-assigned); no HERD era-B row carries this UNITID (NSF-funded institution outside the HERD UNITID set or HERD-side NULL — see backfill offer)
122755,San Jose State U.,California,1971-2023,yes,San Jose State University,native_unitid,FedSupport native IPEDS UnitID (NCSES-assigned); joins HERD era-B on UNITID
122782,San Mateo County Community C. District,California,1989-2022,no,,native_unitid,FedSupport native IPEDS UnitID (NCSES-assigned); no HERD era-B row carries this UNITID (NSF-funded institution outside the HERD UNITID set or HERD-side NULL — see backfill offer)
122791,"San Mateo County Community C. District, C. San Mateo",California,1972-1999,no,,native_unitid,FedSupport native IPEDS UnitID (NCSES-assigned); no HERD era-B row carries this UNITID (NSF-funded institution outside the HERD UNITID set or HERD-side NULL — see backfill offer)
122889,Santa Barbara City C.,California,1971-2021,no,,native_unitid,FedSupport native IPEDS UnitID (NCSES-assigned); no HERD era-B row carries this UNITID (NSF-funded institution outside the HERD UNITID set or HERD-side NULL — see backfill offer)
122931,Santa Clara U.,California,1971-2023,yes,Santa Clara University,native_unitid,FedSupport native IPEDS UnitID (NCSES-assigned); joins HERD era-B on UNITID
122977,Santa Monica C.,California,1994-2022,no,,native_unitid,FedSupport native IPEDS UnitID (NCSES-assigned); no HERD era-B row carries this UNITID (NSF-funded institution outside the HERD UNITID set or HERD-side NULL — see backfill offer)
123013,Santa Rosa Jr. C.,California,1981-2016,no,,native_unitid,FedSupport native IPEDS UnitID (NCSES-assigned); no HERD era-B row carries this UNITID (NSF-funded institution outside the HERD UNITID set or HERD-side NULL — see backfill offer)
123095,Saybrook U.,California,2011-2011,no,,native_unitid,FedSupport native IPEDS UnitID (NCSES-assigned); no HERD era-B row carries this UNITID (NSF-funded institution outside the HERD UNITID set or HERD-side NULL — see backfill offer)
123165,Scripps C.,California,1971-2023,yes,Scripps College,native_unitid,FedSupport native IPEDS UnitID (NCSES-assigned); joins HERD era-B on UNITID
123208,WyoTech,Wyoming,2005-2005,no,,native_unitid,FedSupport native IPEDS UnitID (NCSES-assigned); no HERD era-B row carries this UNITID (NSF-funded institution outside the HERD UNITID set or HERD-side NULL — see backfill offer)
123217,C. of the Sequoias,California,1994-2015,no,,native_unitid,FedSupport native IPEDS UnitID (NCSES-assigned); no HERD era-B row carries this UNITID (NSF-funded institution outside the HERD UNITID set or HERD-side NULL — see backfill offer)
123299,Shasta C.,California,1984-2010,no,,native_unitid,FedSupport native IPEDS UnitID (NCSES-assigned); no HERD era-B row carries this UNITID (NSF-funded institution outside the HERD UNITID set or HERD-side NULL — see backfill offer)
123341,Sierra C.,California,1974-2010,no,,native_unitid,FedSupport native IPEDS UnitID (NCSES-assigned); no HERD era-B row carries this UNITID (NSF-funded institution outside the HERD UNITID set or HERD-side NULL — see backfill offer)
123484,C. of the Siskiyous,California,1993-1993,no,,native_unitid,FedSupport native IPEDS UnitID (NCSES-assigned); no HERD era-B row carries this UNITID (NSF-funded institution outside the HERD UNITID set or HERD-side NULL — see backfill offer)
123509,"San Mateo County Community C. District, Skyline C.",California,1989-1998,no,,native_unitid,FedSupport native IPEDS UnitID (NCSES-assigned); no HERD era-B row carries this UNITID (NSF-funded institution outside the HERD UNITID set or HERD-side NULL — see backfill offer)
123527,San Bernardino Valley C.,California,1972-2012,no,,native_unitid,FedSupport native IPEDS UnitID (NCSES-assigned); no HERD era-B row carries this UNITID (NSF-funded institution outside the HERD UNITID set or HERD-side NULL — see backfill offer)
123554,Saint Mary's C. California,California,1971-2023,no,,native_unitid,FedSupport native IPEDS UnitID (NCSES-assigned); no HERD era-B row carries this UNITID (NSF-funded institution outside the HERD UNITID set or HERD-side NULL — see backfill offer)
123563,Solano Community C.,California,1972-2014,no,,native_unitid,FedSupport native IPEDS UnitID (NCSES-assigned); no HERD era-B row carries this UNITID (NSF-funded institution outside the HERD UNITID set or HERD-side NULL — see backfill offer)
123572,Sonoma State U.,California,1971-2023,yes,Sonoma State University,native_unitid,FedSupport native IPEDS UnitID (NCSES-assigned); joins HERD era-B on UNITID
123651,Vanguard U.,California,1971-2019,yes,Vanguard University of Southern California,native_unitid,FedSupport native IPEDS UnitID (NCSES-assigned); joins HERD era-B on UNITID
123800,"Southwestern C., Chula Vista",California,1989-2022,no,,native_unitid,FedSupport native IPEDS UnitID (NCSES-assigned); no HERD era-B row carries this UNITID (NSF-funded institution outside the HERD UNITID set or HERD-side NULL — see backfill offer)
123925,State Center Community C. District,California,1987-2022,no,,native_unitid,FedSupport native IPEDS UnitID (NCSES-assigned); no HERD era-B row carries this UNITID (NSF-funded institution outside the HERD UNITID set or HERD-side NULL — see backfill offer)
123943,Marshall B. Ketchum U.,California,1971-2018,yes,Marshall B. Ketchum University,native_unitid,FedSupport native IPEDS UnitID (NCSES-assigned); joins HERD era-B on UNITID
123961,U. Southern California,California,1971-2023,yes,University of Southern California,native_unitid,FedSupport native IPEDS UnitID (NCSES-assigned); joins HERD era-B on UNITID
124113,Taft C.,California,1977-1993,no,,native_unitid,FedSupport native IPEDS UnitID (NCSES-assigned); no HERD era-B row carries this UNITID (NSF-funded institution outside the HERD UNITID set or HERD-side NULL — see backfill offer)
124557,"U. California, Office of the President",California,1971-2023,yes,"University of California, Office of the President",native_unitid,FedSupport native IPEDS UnitID (NCSES-assigned); joins HERD era-B on UNITID
125019,"Ventura County Community C. District, District Office",California,1988-2021,no,,native_unitid,FedSupport native IPEDS UnitID (NCSES-assigned); no HERD era-B row carries this UNITID (NSF-funded institution outside the HERD UNITID set or HERD-side NULL — see backfill offer)
125091,Victor Valley C.,California,1997-2020,no,,native_unitid,FedSupport native IPEDS UnitID (NCSES-assigned); no HERD era-B row carries this UNITID (NSF-funded institution outside the HERD UNITID set or HERD-side NULL — see backfill offer)
125170,"Peralta Community C., Berkeley City C.",California,1987-1987,no,,native_unitid,FedSupport native IPEDS UnitID (NCSES-assigned); no HERD era-B row carries this UNITID (NSF-funded institution outside the HERD UNITID set or HERD-side NULL — see backfill offer)
125222,"West Valley-Mission Community C., all campuses",California,1996-1997,no,,native_unitid,FedSupport native IPEDS UnitID (NCSES-assigned); no HERD era-B row carries this UNITID (NSF-funded institution outside the HERD UNITID set or HERD-side NULL — see backfill offer)
125231,Walden U.,Minnesota,2011-2018,no,,native_unitid,FedSupport native IPEDS UnitID (NCSES-assigned); no HERD era-B row carries this UNITID (NSF-funded institution outside the HERD UNITID set or HERD-side NULL — see backfill offer)
125462,"West Hills Community C. District, Coalinga",California,1972-2021,no,,native_unitid,FedSupport native IPEDS UnitID (NCSES-assigned); no HERD era-B row carries this UNITID (NSF-funded institution outside the HERD UNITID set or HERD-side NULL — see backfill offer)
125471,"Los Angeles Community C. District, West Los Angeles C.",California,2005-2021,no,,native_unitid,FedSupport native IPEDS UnitID (NCSES-assigned); no HERD era-B row carries this UNITID (NSF-funded institution outside the HERD UNITID set or HERD-side NULL — see backfill offer)
125499,West Valley C.,California,1971-1994,no,,native_unitid,FedSupport native IPEDS UnitID (NCSES-assigned); no HERD era-B row carries this UNITID (NSF-funded institution outside the HERD UNITID set or HERD-side NULL — see backfill offer)
125727,Westmont C.,California,1974-2023,yes,Westmont College,native_unitid,FedSupport native IPEDS UnitID (NCSES-assigned); joins HERD era-B on UNITID
125763,Whittier C.,California,1971-2022,yes,Whittier College,native_unitid,FedSupport native IPEDS UnitID (NCSES-assigned); joins HERD era-B on UNITID
126012,Wright Institute all campuses,California,1973-1987,no,,native_unitid,FedSupport native IPEDS UnitID (NCSES-assigned); no HERD era-B row carries this UNITID (NSF-funded institution outside the HERD UNITID set or HERD-side NULL — see backfill offer)
126100,Yosemite Community C. District,California,2009-2015,no,,native_unitid,FedSupport native IPEDS UnitID (NCSES-assigned); no HERD era-B row carries this UNITID (NSF-funded institution outside the HERD UNITID set or HERD-side NULL — see backfill offer)
126119,Yuba C.,California,1977-2003,no,,native_unitid,FedSupport native IPEDS UnitID (NCSES-assigned); no HERD era-B row carries this UNITID (NSF-funded institution outside the HERD UNITID set or HERD-side NULL — see backfill offer)
126182,Adams State U.,Colorado,1971-2023,no,,native_unitid,FedSupport native IPEDS UnitID (NCSES-assigned); no HERD era-B row carries this UNITID (NSF-funded institution outside the HERD UNITID set or HERD-side NULL — see backfill offer)
126207,Aims Community C.,Colorado,1971-2005,no,,native_unitid,FedSupport native IPEDS UnitID (NCSES-assigned); no HERD era-B row carries this UNITID (NSF-funded institution outside the HERD UNITID set or HERD-side NULL — see backfill offer)
126289,Arapahoe Community C.,Colorado,1971-2021,no,,native_unitid,FedSupport native IPEDS UnitID (NCSES-assigned); no HERD era-B row carries this UNITID (NSF-funded institution outside the HERD UNITID set or HERD-side NULL — see backfill offer)
126562,U. Colorado Boulder,Colorado,1992-2023,yes,University of Colorado Denver and Anschutz Medical Campus,native_unitid,FedSupport native IPEDS UnitID (NCSES-assigned); joins HERD era-B on UNITID
126580,U. Colorado Boulder,Colorado,1992-2023,yes,University of Colorado Colorado Springs,native_unitid,FedSupport native IPEDS UnitID (NCSES-assigned); joins HERD era-B on UNITID
126614,U. Colorado Boulder,Colorado,1971-2023,yes,University of Colorado Boulder,native_unitid,FedSupport native IPEDS UnitID (NCSES-assigned); joins HERD era-B on UNITID
126669,Colorado Christian U.,Colorado,1995-2022,no,,native_unitid,FedSupport native IPEDS UnitID (NCSES-assigned); no HERD era-B row carries this UNITID (NSF-funded institution outside the HERD UNITID set or HERD-side NULL — see backfill offer)
126678,Colorado C.,Colorado,1971-2023,yes,Colorado College,native_unitid,FedSupport native IPEDS UnitID (NCSES-assigned); joins HERD era-B on UNITID
126711,Colorado Mountain C.,Colorado,1971-2006,no,,native_unitid,FedSupport native IPEDS UnitID (NCSES-assigned); no HERD era-B row carries this UNITID (NSF-funded institution outside the HERD UNITID set or HERD-side NULL — see backfill offer)
126748,Colorado Northwestern Community C.,Colorado,2019-2019,no,,native_unitid,FedSupport native IPEDS UnitID (NCSES-assigned); no HERD era-B row carries this UNITID (NSF-funded institution outside the HERD UNITID set or HERD-side NULL — see backfill offer)
126775,Colorado School of Mines,Colorado,1971-2023,yes,Colorado School of Mines,native_unitid,FedSupport native IPEDS UnitID (NCSES-assigned); joins HERD era-B on UNITID
126818,"Colorado State U., Fort Collins",Colorado,1971-2023,yes,"Colorado State University, Fort Collins",native_unitid,FedSupport native IPEDS UnitID (NCSES-assigned); joins HERD era-B on UNITID
126863,Community C. Aurora,Colorado,1986-2005,no,,native_unitid,FedSupport native IPEDS UnitID (NCSES-assigned); no HERD era-B row carries this UNITID (NSF-funded institution outside the HERD UNITID set or HERD-side NULL — see backfill offer)
126942,Community C. Denver,Colorado,1986-2021,no,,native_unitid,FedSupport native IPEDS UnitID (NCSES-assigned); no HERD era-B row carries this UNITID (NSF-funded institution outside the HERD UNITID set or HERD-side NULL — see backfill offer)
126979,Denver Seminary,Colorado,1983-1983,no,,native_unitid,FedSupport native IPEDS UnitID (NCSES-assigned); no HERD era-B row carries this UNITID (NSF-funded institution outside the HERD UNITID set or HERD-side NULL — see backfill offer)
127060,U. Denver,Colorado,1971-2023,yes,University of Denver,native_unitid,FedSupport native IPEDS UnitID (NCSES-assigned); joins HERD era-B on UNITID
127185,Fort Lewis C.,Colorado,1971-2023,yes,Fort Lewis College,native_unitid,FedSupport native IPEDS UnitID (NCSES-assigned); joins HERD era-B on UNITID
127200,Front Range Community C.,Colorado,1986-2023,no,,native_unitid,FedSupport native IPEDS UnitID (NCSES-assigned); no HERD era-B row carries this UNITID (NSF-funded institution outside the HERD UNITID set or HERD-side NULL — see backfill offer)
127389,Lamar Community C.,Colorado,1971-1971,no,,native_unitid,FedSupport native IPEDS UnitID (NCSES-assigned); no HERD era-B row carries this UNITID (NSF-funded institution outside the HERD UNITID set or HERD-side NULL — see backfill offer)
127556,Colorado Mesa U.,Colorado,1971-2023,yes,Mesa State College,native_unitid,FedSupport native IPEDS UnitID (NCSES-assigned); joins HERD era-B on UNITID
127565,Metropolitan State U. Denver,Colorado,1972-2023,yes,Metropolitan State University of Denver,native_unitid,FedSupport native IPEDS UnitID (NCSES-assigned); joins HERD era-B on UNITID
127617,Morgan Community C.,Colorado,2019-2019,no,,native_unitid,FedSupport native IPEDS UnitID (NCSES-assigned); no HERD era-B row carries this UNITID (NSF-funded institution outside the HERD UNITID set or HERD-side NULL — see backfill offer)
127653,Naropa U.,Colorado,2006-2006,no,,native_unitid,FedSupport native IPEDS UnitID (NCSES-assigned); no HERD era-B row carries this UNITID (NSF-funded institution outside the HERD UNITID set or HERD-side NULL — see backfill offer)
127732,Northeastern Jr. C.,Colorado,1971-1971,no,,native_unitid,FedSupport native IPEDS UnitID (NCSES-assigned); no HERD era-B row carries this UNITID (NSF-funded institution outside the HERD UNITID set or HERD-side NULL — see backfill offer)
127741,U. Northern Colorado,Colorado,1971-2023,yes,University of Northern Colorado,native_unitid,FedSupport native IPEDS UnitID (NCSES-assigned); joins HERD era-B on UNITID
127778,Otero C.,Colorado,1971-2010,no,,native_unitid,FedSupport native IPEDS UnitID (NCSES-assigned); no HERD era-B row carries this UNITID (NSF-funded institution outside the HERD UNITID set or HERD-side NULL — see backfill offer)
127820,Pikes Peak State C.,Colorado,1972-2016,no,,native_unitid,FedSupport native IPEDS UnitID (NCSES-assigned); no HERD era-B row carries this UNITID (NSF-funded institution outside the HERD UNITID set or HERD-side NULL — see backfill offer)
127884,Pueblo Community C.,Colorado,1984-2020,no,,native_unitid,FedSupport native IPEDS UnitID (NCSES-assigned); no HERD era-B row carries this UNITID (NSF-funded institution outside the HERD UNITID set or HERD-side NULL — see backfill offer)
127909,Red Rocks Community C.,Colorado,1983-2018,no,,native_unitid,FedSupport native IPEDS UnitID (NCSES-assigned); no HERD era-B row carries this UNITID (NSF-funded institution outside the HERD UNITID set or HERD-side NULL — see backfill offer)
127918,Regis U.,Colorado,1971-2023,yes,Regis University,native_unitid,FedSupport native IPEDS UnitID (NCSES-assigned); joins HERD era-B on UNITID
128106,"Colorado State U., Pueblo",Colorado,1971-2023,yes,"Colorado State University, Pueblo",native_unitid,FedSupport native IPEDS UnitID (NCSES-assigned); joins HERD era-B on UNITID
128258,Trinidad State C.,Colorado,1971-2007,no,,native_unitid,FedSupport native IPEDS UnitID (NCSES-assigned); no HERD era-B row carries this UNITID (NSF-funded institution outside the HERD UNITID set or HERD-side NULL — see backfill offer)
128300,U. Colorado Boulder,Colorado,1992-2023,no,,native_unitid,FedSupport native IPEDS UnitID (NCSES-assigned); no HERD era-B row carries this UNITID (NSF-funded institution outside the HERD UNITID set or HERD-side NULL — see backfill offer)
128328,U.S. Air Force Academy,Colorado,2000-2021,yes,United States Air Force Academy,native_unitid,FedSupport native IPEDS UnitID (NCSES-assigned); joins HERD era-B on UNITID
128391,Western Colorado U.,Colorado,1987-2023,yes,Western Colorado University,native_unitid,FedSupport native IPEDS UnitID (NCSES-assigned); joins HERD era-B on UNITID
128577,Connecticut Board of Regents for Higher Education,Connecticut,2002-2009,no,,native_unitid,FedSupport native IPEDS UnitID (NCSES-assigned); no HERD era-B row carries this UNITID (NSF-funded institution outside the HERD UNITID set or HERD-side NULL — see backfill offer)
128744,U. Bridgeport,Connecticut,1971-2023,yes,University of Bridgeport,native_unitid,FedSupport native IPEDS UnitID (NCSES-assigned); joins HERD era-B on UNITID
128771,Central Connecticut State U.,Connecticut,1971-2023,yes,Central Connecticut State University,native_unitid,FedSupport native IPEDS UnitID (NCSES-assigned); joins HERD era-B on UNITID
128902,Connecticut C.,Connecticut,1971-2022,yes,Connecticut College,native_unitid,FedSupport native IPEDS UnitID (NCSES-assigned); joins HERD era-B on UNITID
129011,Connecticut Board of Regents for Higher Education,Connecticut,2010-2022,no,,native_unitid,FedSupport native IPEDS UnitID (NCSES-assigned); no HERD era-B row carries this UNITID (NSF-funded institution outside the HERD UNITID set or HERD-side NULL — see backfill offer)
129020,U. Connecticut,Connecticut,1971-2023,no,,native_unitid,FedSupport native IPEDS UnitID (NCSES-assigned); no HERD era-B row carries this UNITID (NSF-funded institution outside the HERD UNITID set or HERD-side NULL — see backfill offer)
129154,Goodwin U.,Connecticut,2008-2023,no,,native_unitid,FedSupport native IPEDS UnitID (NCSES-assigned); no HERD era-B row carries this UNITID (NSF-funded institution outside the HERD UNITID set or HERD-side NULL — see backfill offer)
129215,Eastern Connecticut State U.,Connecticut,1971-2023,yes,Eastern Connecticut State University,native_unitid,FedSupport native IPEDS UnitID (NCSES-assigned); joins HERD era-B on UNITID
129242,Fairfield U.,Connecticut,1971-2023,yes,Fairfield University,native_unitid,FedSupport native IPEDS UnitID (NCSES-assigned); joins HERD era-B on UNITID
129367,Connecticut Board of Regents for Higher Education,Connecticut,1996-2018,no,,native_unitid,FedSupport native IPEDS UnitID (NCSES-assigned); no HERD era-B row carries this UNITID (NSF-funded institution outside the HERD UNITID set or HERD-side NULL — see backfill offer)
129428,"Rensselaer Polytechnic Institute, Hartford",Connecticut,1978-2011,no,,native_unitid,FedSupport native IPEDS UnitID (NCSES-assigned); no HERD era-B row carries this UNITID (NSF-funded institution outside the HERD UNITID set or HERD-side NULL — see backfill offer)
129525,U. Hartford,Connecticut,1971-2021,yes,University of Hartford,native_unitid,FedSupport native IPEDS UnitID (NCSES-assigned); joins HERD era-B on UNITID
129543,Connecticut Board of Regents for Higher Education,Connecticut,2014-2023,no,,native_unitid,FedSupport native IPEDS UnitID (NCSES-assigned); no HERD era-B row carries this UNITID (NSF-funded institution outside the HERD UNITID set or HERD-side NULL — see backfill offer)
129695,Connecticut Board of Regents for Higher Education,Connecticut,1971-2015,no,,native_unitid,FedSupport native IPEDS UnitID (NCSES-assigned); no HERD era-B row carries this UNITID (NSF-funded institution outside the HERD UNITID set or HERD-side NULL — see backfill offer)
129729,Connecticut Board of Regents for Higher Education,Connecticut,1972-2019,no,,native_unitid,FedSupport native IPEDS UnitID (NCSES-assigned); no HERD era-B row carries this UNITID (NSF-funded institution outside the HERD UNITID set or HERD-side NULL — see backfill offer)
129756,Connecticut Board of Regents for Higher Education,Connecticut,1971-1974,no,,native_unitid,FedSupport native IPEDS UnitID (NCSES-assigned); no HERD era-B row carries this UNITID (NSF-funded institution outside the HERD UNITID set or HERD-side NULL — see backfill offer)
129941,U. New Haven,Connecticut,1971-2023,yes,University of New Haven,native_unitid,FedSupport native IPEDS UnitID (NCSES-assigned); joins HERD era-B on UNITID
130004,Connecticut Board of Regents for Higher Education,Connecticut,1972-2022,no,,native_unitid,FedSupport native IPEDS UnitID (NCSES-assigned); no HERD era-B row carries this UNITID (NSF-funded institution outside the HERD UNITID set or HERD-side NULL — see backfill offer)
130040,Connecticut Board of Regents for Higher Education,Connecticut,1973-2021,no,,native_unitid,FedSupport native IPEDS UnitID (NCSES-assigned); no HERD era-B row carries this UNITID (NSF-funded institution outside the HERD UNITID set or HERD-side NULL — see backfill offer)
130183,Post U.,Connecticut,1976-2023,no,,native_unitid,FedSupport native IPEDS UnitID (NCSES-assigned); no HERD era-B row carries this UNITID (NSF-funded institution outside the HERD UNITID set or HERD-side NULL — see backfill offer)
130217,Connecticut Board of Regents for Higher Education,Connecticut,1997-1997,no,,native_unitid,FedSupport native IPEDS UnitID (NCSES-assigned); no HERD era-B row carries this UNITID (NSF-funded institution outside the HERD UNITID set or HERD-side NULL — see backfill offer)
130226,Quinnipiac U.,Connecticut,1971-2021,yes,Quinnipiac University,native_unitid,FedSupport native IPEDS UnitID (NCSES-assigned); joins HERD era-B on UNITID
130253,Sacred Heart U.,Connecticut,1975-2023,yes,Sacred Heart University,native_unitid,FedSupport native IPEDS UnitID (NCSES-assigned); joins HERD era-B on UNITID
130314,U. Saint Joseph,Connecticut,1971-2023,no,,native_unitid,FedSupport native IPEDS UnitID (NCSES-assigned); no HERD era-B row carries this UNITID (NSF-funded institution outside the HERD UNITID set or HERD-side NULL — see backfill offer)
130396,Connecticut Board of Regents for Higher Education,Connecticut,2004-2008,no,,native_unitid,FedSupport native IPEDS UnitID (NCSES-assigned); no HERD era-B row carries this UNITID (NSF-funded institution outside the HERD UNITID set or HERD-side NULL — see backfill offer)
130493,Southern Connecticut State U.,Connecticut,1971-2023,yes,Southern Connecticut State University,native_unitid,FedSupport native IPEDS UnitID (NCSES-assigned); joins HERD era-B on UNITID
130590,"Trinity C., Hartford",Connecticut,1971-2022,yes,"Trinity College, Hartford",native_unitid,FedSupport native IPEDS UnitID (NCSES-assigned); joins HERD era-B on UNITID
130606,Connecticut Board of Regents for Higher Education,Connecticut,1999-2021,no,,native_unitid,FedSupport native IPEDS UnitID (NCSES-assigned); no HERD era-B row carries this UNITID (NSF-funded institution outside the HERD UNITID set or HERD-side NULL — see backfill offer)
130697,Wesleyan U.,Connecticut,1971-2023,yes,Wesleyan University,native_unitid,FedSupport native IPEDS UnitID (NCSES-assigned); joins HERD era-B on UNITID
130776,Western Connecticut State U.,Connecticut,1971-2023,yes,Western Connecticut State University,native_unitid,FedSupport native IPEDS UnitID (NCSES-assigned); joins HERD era-B on UNITID
130794,Yale U.,Connecticut,1971-2023,yes,Yale University,native_unitid,FedSupport native IPEDS UnitID (NCSES-assigned); joins HERD era-B on UNITID
130882,"Delaware Technical Community C., Dover",Delaware,1971-2012,no,,native_unitid,FedSupport native IPEDS UnitID (NCSES-assigned); no HERD era-B row carries this UNITID (NSF-funded institution outside the HERD UNITID set or HERD-side NULL — see backfill offer)
130891,"Delaware Technical Community C., Dover",Delaware,1992-2008,no,,native_unitid,FedSupport native IPEDS UnitID (NCSES-assigned); no HERD era-B row carries this UNITID (NSF-funded institution outside the HERD UNITID set or HERD-side NULL — see backfill offer)
130907,"Delaware Technical Community C., Dover",Delaware,1992-2020,no,,native_unitid,FedSupport native IPEDS UnitID (NCSES-assigned); no HERD era-B row carries this UNITID (NSF-funded institution outside the HERD UNITID set or HERD-side NULL — see backfill offer)
130916,"Delaware Technical Community C., Dover",Delaware,1995-2023,no,,native_unitid,FedSupport native IPEDS UnitID (NCSES-assigned); no HERD era-B row carries this UNITID (NSF-funded institution outside the HERD UNITID set or HERD-side NULL — see backfill offer)
130934,Delaware State U.,Delaware,1971-2023,yes,Delaware State University,native_unitid,FedSupport native IPEDS UnitID (NCSES-assigned); joins HERD era-B on UNITID
130943,U. Delaware,Delaware,1971-2023,yes,University of Delaware,native_unitid,FedSupport native IPEDS UnitID (NCSES-assigned); joins HERD era-B on UNITID
131098,Wesley C.,Delaware,1971-2010,no,,native_unitid,FedSupport native IPEDS UnitID (NCSES-assigned); no HERD era-B row carries this UNITID (NSF-funded institution outside the HERD UNITID set or HERD-side NULL — see backfill offer)
131113,Wilmington U.,Delaware,1989-2007,no,,native_unitid,FedSupport native IPEDS UnitID (NCSES-assigned); no HERD era-B row carries this UNITID (NSF-funded institution outside the HERD UNITID set or HERD-side NULL — see backfill offer)
131159,American U.,District of Columbia,1971-2023,yes,American University,native_unitid,FedSupport native IPEDS UnitID (NCSES-assigned); joins HERD era-B on UNITID
131283,"Catholic U. America, The",District of Columbia,1971-2023,yes,"Catholic University of America, The",native_unitid,FedSupport native IPEDS UnitID (NCSES-assigned); joins HERD era-B on UNITID
131308,Corcoran School of Art,District of Columbia,1991-1991,no,,native_unitid,FedSupport native IPEDS UnitID (NCSES-assigned); no HERD era-B row carries this UNITID (NSF-funded institution outside the HERD UNITID set or HERD-side NULL — see backfill offer)
131399,U. District of Columbia,District of Columbia,1971-2023,yes,University of the District of Columbia,native_unitid,FedSupport native IPEDS UnitID (NCSES-assigned); joins HERD era-B on UNITID
131450,Gallaudet U.,District of Columbia,1971-2023,yes,Gallaudet University,native_unitid,FedSupport native IPEDS UnitID (NCSES-assigned); joins HERD era-B on UNITID
131469,"George Washington U., The",District of Columbia,1971-2023,yes,"George Washington University, The",native_unitid,FedSupport native IPEDS UnitID (NCSES-assigned); joins HERD era-B on UNITID
131496,Georgetown U.,District of Columbia,1971-2023,yes,Georgetown University,native_unitid,FedSupport native IPEDS UnitID (NCSES-assigned); joins HERD era-B on UNITID
131520,Howard U.,District of Columbia,1971-2023,yes,Howard University,native_unitid,FedSupport native IPEDS UnitID (NCSES-assigned); joins HERD era-B on UNITID
131788,Graduate School USA,District of Columbia,1972-2005,no,,native_unitid,FedSupport native IPEDS UnitID (NCSES-assigned); no HERD era-B row carries this UNITID (NSF-funded institution outside the HERD UNITID set or HERD-side NULL — see backfill offer)
131803,"Strayer U., Washington",District of Columbia,1994-2018,no,,native_unitid,FedSupport native IPEDS UnitID (NCSES-assigned); no HERD era-B row carries this UNITID (NSF-funded institution outside the HERD UNITID set or HERD-side NULL — see backfill offer)
131876,Trinity Washington U.,District of Columbia,1971-2016,no,,native_unitid,FedSupport native IPEDS UnitID (NCSES-assigned); no HERD era-B row carries this UNITID (NSF-funded institution outside the HERD UNITID set or HERD-side NULL — see backfill offer)
132471,Barry U.,Florida,1971-2023,yes,Barry University,native_unitid,FedSupport native IPEDS UnitID (NCSES-assigned); joins HERD era-B on UNITID
132602,Bethune-Cookman U.,Florida,1972-2023,yes,Bethune-Cookman University,native_unitid,FedSupport native IPEDS UnitID (NCSES-assigned); joins HERD era-B on UNITID
132693,Eastern Florida State C.,Florida,1979-2016,no,,native_unitid,FedSupport native IPEDS UnitID (NCSES-assigned); no HERD era-B row carries this UNITID (NSF-funded institution outside the HERD UNITID set or HERD-side NULL — see backfill offer)
132709,Broward C.,Florida,1972-2023,no,,native_unitid,FedSupport native IPEDS UnitID (NCSES-assigned); no HERD era-B row carries this UNITID (NSF-funded institution outside the HERD UNITID set or HERD-side NULL — see backfill offer)
132842,"Carlos Albizu U., San Juan",Puerto Rico,2004-2023,no,,native_unitid,FedSupport native IPEDS UnitID (NCSES-assigned); no HERD era-B row carries this UNITID (NSF-funded institution outside the HERD UNITID set or HERD-side NULL — see backfill offer)
132851,C. Central Florida,Florida,1971-2023,no,,native_unitid,FedSupport native IPEDS UnitID (NCSES-assigned); no HERD era-B row carries this UNITID (NSF-funded institution outside the HERD UNITID set or HERD-side NULL — see backfill offer)
132903,U. Central Florida,Florida,1971-2023,yes,University of Central Florida,native_unitid,FedSupport native IPEDS UnitID (NCSES-assigned); joins HERD era-B on UNITID
133021,Chipola C.,Florida,1971-2001,no,,native_unitid,FedSupport native IPEDS UnitID (NCSES-assigned); no HERD era-B row carries this UNITID (NSF-funded institution outside the HERD UNITID set or HERD-side NULL — see backfill offer)
133386,Daytona State C.,Florida,1971-2015,no,,native_unitid,FedSupport native IPEDS UnitID (NCSES-assigned); no HERD era-B row carries this UNITID (NSF-funded institution outside the HERD UNITID set or HERD-side NULL — see backfill offer)
133492,Eckerd C.,Florida,1971-2023,yes,Eckerd College,native_unitid,FedSupport native IPEDS UnitID (NCSES-assigned); joins HERD era-B on UNITID
133508,Florida SouthWestern State C.,Florida,1990-2009,yes,Edison State College,native_unitid,FedSupport native IPEDS UnitID (NCSES-assigned); joins HERD era-B on UNITID
133526,Edward Waters U.,Florida,1972-2023,no,,native_unitid,FedSupport native IPEDS UnitID (NCSES-assigned); no HERD era-B row carries this UNITID (NSF-funded institution outside the HERD UNITID set or HERD-side NULL — see backfill offer)
133553,Embry-Riddle Aeronautical U.,Florida,1971-2023,no,,native_unitid,FedSupport native IPEDS UnitID (NCSES-assigned); no HERD era-B row carries this UNITID (NSF-funded institution outside the HERD UNITID set or HERD-side NULL — see backfill offer)
133650,Florida A&M U.,Florida,1971-2023,yes,Florida Agricultural and Mechanical University,native_unitid,FedSupport native IPEDS UnitID (NCSES-assigned); joins HERD era-B on UNITID
133669,Florida Atlantic U.,Florida,1971-2023,yes,Florida Atlantic University,native_unitid,FedSupport native IPEDS UnitID (NCSES-assigned); joins HERD era-B on UNITID
133702,Florida State C. at Jacksonville,Florida,1971-2023,no,,native_unitid,FedSupport native IPEDS UnitID (NCSES-assigned); no HERD era-B row carries this UNITID (NSF-funded institution outside the HERD UNITID set or HERD-side NULL — see backfill offer)
133809,Florida C.,Florida,1983-1983,no,,native_unitid,FedSupport native IPEDS UnitID (NCSES-assigned); no HERD era-B row carries this UNITID (NSF-funded institution outside the HERD UNITID set or HERD-side NULL — see backfill offer)
133872,AdventHealth U.,Florida,2010-2011,no,,native_unitid,FedSupport native IPEDS UnitID (NCSES-assigned); no HERD era-B row carries this UNITID (NSF-funded institution outside the HERD UNITID set or HERD-side NULL — see backfill offer)
133881,Florida Institute of Technology,Florida,1971-2023,yes,Florida Institute of Technology,native_unitid,FedSupport native IPEDS UnitID (NCSES-assigned); joins HERD era-B on UNITID
133951,Florida International U.,Florida,1972-2023,yes,Florida International University,native_unitid,FedSupport native IPEDS UnitID (NCSES-assigned); joins HERD era-B on UNITID
133960,C. Florida Keys,Florida,2010-2020,no,,native_unitid,FedSupport native IPEDS UnitID (NCSES-assigned); no HERD era-B row carries this UNITID (NSF-funded institution outside the HERD UNITID set or HERD-side NULL — see backfill offer)
133979,Florida Memorial U.,Florida,1973-2023,no,,native_unitid,FedSupport native IPEDS UnitID (NCSES-assigned); no HERD era-B row carries this UNITID (NSF-funded institution outside the HERD UNITID set or HERD-side NULL — see backfill offer)
134079,Florida Southern C.,Florida,2006-2023,no,,native_unitid,FedSupport native IPEDS UnitID (NCSES-assigned); no HERD era-B row carries this UNITID (NSF-funded institution outside the HERD UNITID set or HERD-side NULL — see backfill offer)
134097,Florida State U.,Florida,1971-2023,yes,Florida State University,native_unitid,FedSupport native IPEDS UnitID (NCSES-assigned); joins HERD era-B on UNITID
134112,Florida Technical C.,Florida,2014-2021,no,,native_unitid,FedSupport native IPEDS UnitID (NCSES-assigned); no HERD era-B row carries this UNITID (NSF-funded institution outside the HERD UNITID set or HERD-side NULL — see backfill offer)
134130,U. Florida,Florida,1971-2023,yes,University of Florida,native_unitid,FedSupport native IPEDS UnitID (NCSES-assigned); joins HERD era-B on UNITID
134149,"Everest U., Pompano Beach",Florida,1993-1993,no,,native_unitid,FedSupport native IPEDS UnitID (NCSES-assigned); no HERD era-B row carries this UNITID (NSF-funded institution outside the HERD UNITID set or HERD-side NULL — see backfill offer)
134343,Gulf Coast State C.,Florida,1993-2021,no,,native_unitid,FedSupport native IPEDS UnitID (NCSES-assigned); no HERD era-B row carries this UNITID (NSF-funded institution outside the HERD UNITID set or HERD-side NULL — see backfill offer)
134495,Hillsborough Community C.,Florida,1971-2022,no,,native_unitid,FedSupport native IPEDS UnitID (NCSES-assigned); no HERD era-B row carries this UNITID (NSF-funded institution outside the HERD UNITID set or HERD-side NULL — see backfill offer)
134608,Indian River State C.,Florida,1992-2023,no,,native_unitid,FedSupport native IPEDS UnitID (NCSES-assigned); no HERD era-B row carries this UNITID (NSF-funded institution outside the HERD UNITID set or HERD-side NULL — see backfill offer)
134945,Jacksonville U.,Florida,1971-2023,yes,Jacksonville University,native_unitid,FedSupport native IPEDS UnitID (NCSES-assigned); joins HERD era-B on UNITID
135160,Florida Gateway C.,Florida,1972-2008,no,,native_unitid,FedSupport native IPEDS UnitID (NCSES-assigned); no HERD era-B row carries this UNITID (NSF-funded institution outside the HERD UNITID set or HERD-side NULL — see backfill offer)
135188,Lake-Sumter State C.,Florida,1971-2020,no,,native_unitid,FedSupport native IPEDS UnitID (NCSES-assigned); no HERD era-B row carries this UNITID (NSF-funded institution outside the HERD UNITID set or HERD-side NULL — see backfill offer)
135391,State C. of Florida-Manatee-Sarasota,Florida,1995-1995,no,,native_unitid,FedSupport native IPEDS UnitID (NCSES-assigned); no HERD era-B row carries this UNITID (NSF-funded institution outside the HERD UNITID set or HERD-side NULL — see backfill offer)
135717,Miami Dade C.,Florida,1971-2022,no,,native_unitid,FedSupport native IPEDS UnitID (NCSES-assigned); no HERD era-B row carries this UNITID (NSF-funded institution outside the HERD UNITID set or HERD-side NULL — see backfill offer)
135726,U. Miami,Florida,1971-2023,yes,University of Miami,native_unitid,FedSupport native IPEDS UnitID (NCSES-assigned); joins HERD era-B on UNITID
136145,North Florida C.,Florida,2004-2019,no,,native_unitid,FedSupport native IPEDS UnitID (NCSES-assigned); no HERD era-B row carries this UNITID (NSF-funded institution outside the HERD UNITID set or HERD-side NULL — see backfill offer)
136172,U. North Florida,Florida,1972-2023,yes,University of North Florida,native_unitid,FedSupport native IPEDS UnitID (NCSES-assigned); joins HERD era-B on UNITID
136215,Nova Southeastern U.,Florida,1971-2023,yes,Nova Southeastern University,native_unitid,FedSupport native IPEDS UnitID (NCSES-assigned); joins HERD era-B on UNITID
136233,Northwest Florida State C.,Florida,2005-2022,no,,native_unitid,FedSupport native IPEDS UnitID (NCSES-assigned); no HERD era-B row carries this UNITID (NSF-funded institution outside the HERD UNITID set or HERD-side NULL — see backfill offer)
136358,Palm Beach State C.,Florida,1971-2020,no,,native_unitid,FedSupport native IPEDS UnitID (NCSES-assigned); no HERD era-B row carries this UNITID (NSF-funded institution outside the HERD UNITID set or HERD-side NULL — see backfill offer)
136473,Pensacola State C.,Florida,1971-1992,no,,native_unitid,FedSupport native IPEDS UnitID (NCSES-assigned); no HERD era-B row carries this UNITID (NSF-funded institution outside the HERD UNITID set or HERD-side NULL — see backfill offer)
136516,Polk State C.,Florida,1976-2014,no,,native_unitid,FedSupport native IPEDS UnitID (NCSES-assigned); no HERD era-B row carries this UNITID (NSF-funded institution outside the HERD UNITID set or HERD-side NULL — see backfill offer)
136701,St. Vincent de Paul Regional Seminary,Florida,1974-1974,no,,native_unitid,FedSupport native IPEDS UnitID (NCSES-assigned); no HERD era-B row carries this UNITID (NSF-funded institution outside the HERD UNITID set or HERD-side NULL — see backfill offer)
136950,Rollins C.,Florida,1972-2023,yes,Rollins College,native_unitid,FedSupport native IPEDS UnitID (NCSES-assigned); joins HERD era-B on UNITID
137032,Saint Leo U.,Florida,1972-2020,no,,native_unitid,FedSupport native IPEDS UnitID (NCSES-assigned); no HERD era-B row carries this UNITID (NSF-funded institution outside the HERD UNITID set or HERD-side NULL — see backfill offer)
137078,St. Petersburg C.,Florida,1971-2023,no,,native_unitid,FedSupport native IPEDS UnitID (NCSES-assigned); no HERD era-B row carries this UNITID (NSF-funded institution outside the HERD UNITID set or HERD-side NULL — see backfill offer)
137096,Santa Fe C.,Florida,1971-2022,no,,native_unitid,FedSupport native IPEDS UnitID (NCSES-assigned); no HERD era-B row carries this UNITID (NSF-funded institution outside the HERD UNITID set or HERD-side NULL — see backfill offer)
137209,Seminole State C. Florida,Florida,1971-2020,no,,native_unitid,FedSupport native IPEDS UnitID (NCSES-assigned); no HERD era-B row carries this UNITID (NSF-funded institution outside the HERD UNITID set or HERD-side NULL — see backfill offer)
137272,St. John Vianney C. Seminary,Florida,1992-1992,no,,native_unitid,FedSupport native IPEDS UnitID (NCSES-assigned); no HERD era-B row carries this UNITID (NSF-funded institution outside the HERD UNITID set or HERD-side NULL — see backfill offer)
137281,St. Johns River State C.,Florida,1993-2016,no,,native_unitid,FedSupport native IPEDS UnitID (NCSES-assigned); no HERD era-B row carries this UNITID (NSF-funded institution outside the HERD UNITID set or HERD-side NULL — see backfill offer)
137315,South Florida State C.,Florida,1971-2023,no,,native_unitid,FedSupport native IPEDS UnitID (NCSES-assigned); no HERD era-B row carries this UNITID (NSF-funded institution outside the HERD UNITID set or HERD-side NULL — see backfill offer)
137351,"U. South Florida, Tampa",Florida,1971-2023,yes,"University of South Florida, Tampa",native_unitid,FedSupport native IPEDS UnitID (NCSES-assigned); joins HERD era-B on UNITID
137449,State U. System of Florida Board of Governors,Florida,1971-2012,no,,native_unitid,FedSupport native IPEDS UnitID (NCSES-assigned); no HERD era-B row carries this UNITID (NSF-funded institution outside the HERD UNITID set or HERD-side NULL — see backfill offer)
137476,"St. Thomas U., Miami Gardens",Florida,1979-2022,yes,"St. Thomas University, Miami Gardens",native_unitid,FedSupport native IPEDS UnitID (NCSES-assigned); joins HERD era-B on UNITID
137546,Stetson U.,Florida,1971-2023,yes,Stetson University,native_unitid,FedSupport native IPEDS UnitID (NCSES-assigned); joins HERD era-B on UNITID
137564,"Southeastern U., Lakeland",Florida,2016-2016,no,,native_unitid,FedSupport native IPEDS UnitID (NCSES-assigned); no HERD era-B row carries this UNITID (NSF-funded institution outside the HERD UNITID set or HERD-side NULL — see backfill offer)
137759,Tallahassee Community C.,Florida,1976-2023,no,,native_unitid,FedSupport native IPEDS UnitID (NCSES-assigned); no HERD era-B row carries this UNITID (NSF-funded institution outside the HERD UNITID set or HERD-side NULL — see backfill offer)
137801,"Everest U., Tampa",Florida,2001-2013,no,,native_unitid,FedSupport native IPEDS UnitID (NCSES-assigned); no HERD era-B row carries this UNITID (NSF-funded institution outside the HERD UNITID set or HERD-side NULL — see backfill offer)
137847,"U. Tampa, The",Florida,1971-2023,yes,"University of Tampa, The",native_unitid,FedSupport native IPEDS UnitID (NCSES-assigned); joins HERD era-B on UNITID
138187,Valencia C.,Florida,1971-2023,no,,native_unitid,FedSupport native IPEDS UnitID (NCSES-assigned); no HERD era-B row carries this UNITID (NSF-funded institution outside the HERD UNITID set or HERD-side NULL — see backfill offer)
138354,U. West Florida,Florida,1971-2023,yes,University of West Florida,native_unitid,FedSupport native IPEDS UnitID (NCSES-assigned); joins HERD era-B on UNITID
138558,Abraham Baldwin Agricultural C.,Georgia,1977-2010,no,,native_unitid,FedSupport native IPEDS UnitID (NCSES-assigned); no HERD era-B row carries this UNITID (NSF-funded institution outside the HERD UNITID set or HERD-side NULL — see backfill offer)
138600,Agnes Scott C.,Georgia,1972-2020,yes,Agnes Scott College,native_unitid,FedSupport native IPEDS UnitID (NCSES-assigned); joins HERD era-B on UNITID
138682,Albany Technical C.,Georgia,2018-2018,no,,native_unitid,FedSupport native IPEDS UnitID (NCSES-assigned); no HERD era-B row carries this UNITID (NSF-funded institution outside the HERD UNITID set or HERD-side NULL — see backfill offer)
138691,Albany State U.,Georgia,1991-2011,no,,native_unitid,FedSupport native IPEDS UnitID (NCSES-assigned); no HERD era-B row carries this UNITID (NSF-funded institution outside the HERD UNITID set or HERD-side NULL — see backfill offer)
138716,Albany State U.,Georgia,1971-2023,yes,Albany State University,native_unitid,FedSupport native IPEDS UnitID (NCSES-assigned); joins HERD era-B on UNITID
138761,Andrew C.,Georgia,1998-2006,no,,native_unitid,FedSupport native IPEDS UnitID (NCSES-assigned); no HERD era-B row carries this UNITID (NSF-funded institution outside the HERD UNITID set or HERD-side NULL — see backfill offer)
138789,Armstrong State U.,Georgia,1971-2017,yes,Armstrong Atlantic State University,native_unitid,FedSupport native IPEDS UnitID (NCSES-assigned); joins HERD era-B on UNITID
138901,Atlanta Metropolitan State C.,Georgia,1977-1997,no,,native_unitid,FedSupport native IPEDS UnitID (NCSES-assigned); no HERD era-B row carries this UNITID (NSF-funded institution outside the HERD UNITID set or HERD-side NULL — see backfill offer)
138947,Clark Atlanta U.,Georgia,1971-2023,yes,Clark Atlanta University,native_unitid,FedSupport native IPEDS UnitID (NCSES-assigned); joins HERD era-B on UNITID
138956,Augusta Technical C.,Georgia,2016-2016,no,,native_unitid,FedSupport native IPEDS UnitID (NCSES-assigned); no HERD era-B row carries this UNITID (NSF-funded institution outside the HERD UNITID set or HERD-side NULL — see backfill offer)
138983,Augusta State U.,Georgia,1971-2011,no,,native_unitid,FedSupport native IPEDS UnitID (NCSES-assigned); no HERD era-B row carries this UNITID (NSF-funded institution outside the HERD UNITID set or HERD-side NULL — see backfill offer)
139144,Berry C.,Georgia,1972-2023,yes,Berry College,native_unitid,FedSupport native IPEDS UnitID (NCSES-assigned); joins HERD era-B on UNITID
139199,Brenau U.,Georgia,1982-2007,no,,native_unitid,FedSupport native IPEDS UnitID (NCSES-assigned); no HERD era-B row carries this UNITID (NSF-funded institution outside the HERD UNITID set or HERD-side NULL — see backfill offer)
139205,Brewton-Parker C.,Georgia,1992-1994,no,,native_unitid,FedSupport native IPEDS UnitID (NCSES-assigned); no HERD era-B row carries this UNITID (NSF-funded institution outside the HERD UNITID set or HERD-side NULL — see backfill offer)
139278,West Georgia Technical C.,Georgia,2011-2011,no,,native_unitid,FedSupport native IPEDS UnitID (NCSES-assigned); no HERD era-B row carries this UNITID (NSF-funded institution outside the HERD UNITID set or HERD-side NULL — see backfill offer)
139311,Clayton State U.,Georgia,1972-2023,yes,Clayton State University,native_unitid,FedSupport native IPEDS UnitID (NCSES-assigned); joins HERD era-B on UNITID
139366,Columbus State U.,Georgia,1971-2023,yes,Columbus State University,native_unitid,FedSupport native IPEDS UnitID (NCSES-assigned); joins HERD era-B on UNITID
139393,Covenant C.,Georgia,1994-2008,no,,native_unitid,FedSupport native IPEDS UnitID (NCSES-assigned); no HERD era-B row carries this UNITID (NSF-funded institution outside the HERD UNITID set or HERD-side NULL — see backfill offer)
139463,Dalton State C.,Georgia,2021-2021,no,,native_unitid,FedSupport native IPEDS UnitID (NCSES-assigned); no HERD era-B row carries this UNITID (NSF-funded institution outside the HERD UNITID set or HERD-side NULL — see backfill offer)
139658,Emory U.,Georgia,1971-2023,yes,Emory University,native_unitid,FedSupport native IPEDS UnitID (NCSES-assigned); joins HERD era-B on UNITID
139700,Georgia Highlands C.,Georgia,1972-1974,no,,native_unitid,FedSupport native IPEDS UnitID (NCSES-assigned); no HERD era-B row carries this UNITID (NSF-funded institution outside the HERD UNITID set or HERD-side NULL — see backfill offer)
139719,Fort Valley State U.,Georgia,1971-2023,yes,Fort Valley State University,native_unitid,FedSupport native IPEDS UnitID (NCSES-assigned); joins HERD era-B on UNITID
139755,Georgia Institute of Technology,Georgia,1971-2023,yes,Georgia Institute of Technology,native_unitid,FedSupport native IPEDS UnitID (NCSES-assigned); joins HERD era-B on UNITID
139764,Georgia Southwestern State U.,Georgia,1975-2010,no,,native_unitid,FedSupport native IPEDS UnitID (NCSES-assigned); no HERD era-B row carries this UNITID (NSF-funded institution outside the HERD UNITID set or HERD-side NULL — see backfill offer)
139773,U. North Georgia,Georgia,1971-2010,no,,native_unitid,FedSupport native IPEDS UnitID (NCSES-assigned); no HERD era-B row carries this UNITID (NSF-funded institution outside the HERD UNITID set or HERD-side NULL — see backfill offer)
139861,Georgia C. and State U.,Georgia,1971-2023,yes,Georgia College and State University,native_unitid,FedSupport native IPEDS UnitID (NCSES-assigned); joins HERD era-B on UNITID
139931,Georgia Southern U.,Georgia,1971-2023,yes,Georgia Southern University,native_unitid,FedSupport native IPEDS UnitID (NCSES-assigned); joins HERD era-B on UNITID
139940,Georgia State U.,Georgia,1971-2023,yes,Georgia State University,native_unitid,FedSupport native IPEDS UnitID (NCSES-assigned); joins HERD era-B on UNITID
139959,U. Georgia,Georgia,1971-2023,yes,University of Georgia,native_unitid,FedSupport native IPEDS UnitID (NCSES-assigned); joins HERD era-B on UNITID
139968,Gordon State C.,Georgia,1982-1982,no,,native_unitid,FedSupport native IPEDS UnitID (NCSES-assigned); no HERD era-B row carries this UNITID (NSF-funded institution outside the HERD UNITID set or HERD-side NULL — see backfill offer)
139986,Southern Crescent Technical C.,Georgia,1996-1996,no,,native_unitid,FedSupport native IPEDS UnitID (NCSES-assigned); no HERD era-B row carries this UNITID (NSF-funded institution outside the HERD UNITID set or HERD-side NULL — see backfill offer)
140076,"Oconee Fall Line Technical C., South Campus",Georgia,1998-1998,no,,native_unitid,FedSupport native IPEDS UnitID (NCSES-assigned); no HERD era-B row carries this UNITID (NSF-funded institution outside the HERD UNITID set or HERD-side NULL — see backfill offer)
140146,Interdenominational Theological Center,Georgia,1999-1999,no,,native_unitid,FedSupport native IPEDS UnitID (NCSES-assigned); no HERD era-B row carries this UNITID (NSF-funded institution outside the HERD UNITID set or HERD-side NULL — see backfill offer)
140234,LaGrange C.,Georgia,1972-1996,no,,native_unitid,FedSupport native IPEDS UnitID (NCSES-assigned); no HERD era-B row carries this UNITID (NSF-funded institution outside the HERD UNITID set or HERD-side NULL — see backfill offer)
140304,Central Georgia Technical C.,Georgia,2000-2008,no,,native_unitid,FedSupport native IPEDS UnitID (NCSES-assigned); no HERD era-B row carries this UNITID (NSF-funded institution outside the HERD UNITID set or HERD-side NULL — see backfill offer)
140447,Mercer U.,Georgia,1971-2023,yes,Mercer University,native_unitid,FedSupport native IPEDS UnitID (NCSES-assigned); joins HERD era-B on UNITID
140483,Middle Georgia State U.,Georgia,1972-1993,no,,native_unitid,FedSupport native IPEDS UnitID (NCSES-assigned); no HERD era-B row carries this UNITID (NSF-funded institution outside the HERD UNITID set or HERD-side NULL — see backfill offer)
140553,Morehouse C.,Georgia,1971-2023,yes,Morehouse College,native_unitid,FedSupport native IPEDS UnitID (NCSES-assigned); joins HERD era-B on UNITID
140562,Morehouse School of Medicine,Georgia,1983-2023,yes,Morehouse School of Medicine,native_unitid,FedSupport native IPEDS UnitID (NCSES-assigned); joins HERD era-B on UNITID
140678,North Georgia Technical C.,Georgia,2020-2020,no,,native_unitid,FedSupport native IPEDS UnitID (NCSES-assigned); no HERD era-B row carries this UNITID (NSF-funded institution outside the HERD UNITID set or HERD-side NULL — see backfill offer)
140696,Oglethorpe U.,Georgia,1971-1994,no,,native_unitid,FedSupport native IPEDS UnitID (NCSES-assigned); no HERD era-B row carries this UNITID (NSF-funded institution outside the HERD UNITID set or HERD-side NULL — see backfill offer)
140720,Paine C.,Georgia,1971-2021,yes,Paine College,native_unitid,FedSupport native IPEDS UnitID (NCSES-assigned); joins HERD era-B on UNITID
140872,Reinhardt U.,Georgia,2019-2020,no,,native_unitid,FedSupport native IPEDS UnitID (NCSES-assigned); no HERD era-B row carries this UNITID (NSF-funded institution outside the HERD UNITID set or HERD-side NULL — see backfill offer)
140942,Savannah Technical C.,Georgia,2008-2008,no,,native_unitid,FedSupport native IPEDS UnitID (NCSES-assigned); no HERD era-B row carries this UNITID (NSF-funded institution outside the HERD UNITID set or HERD-side NULL — see backfill offer)
140960,Savannah State U.,Georgia,1971-2023,yes,Savannah State University,native_unitid,FedSupport native IPEDS UnitID (NCSES-assigned); joins HERD era-B on UNITID
140988,Shorter U.,Georgia,1971-1972,no,,native_unitid,FedSupport native IPEDS UnitID (NCSES-assigned); no HERD era-B row carries this UNITID (NSF-funded institution outside the HERD UNITID set or HERD-side NULL — see backfill offer)
141060,Spelman C.,Georgia,1971-2023,yes,Spelman College,native_unitid,FedSupport native IPEDS UnitID (NCSES-assigned); joins HERD era-B on UNITID
141097,Kennesaw State U.,Georgia,1984-2014,yes,Southern Polytechnic State University,native_unitid,FedSupport native IPEDS UnitID (NCSES-assigned); joins HERD era-B on UNITID
141167,Thomas U.,Georgia,1997-2023,no,,native_unitid,FedSupport native IPEDS UnitID (NCSES-assigned); no HERD era-B row carries this UNITID (NSF-funded institution outside the HERD UNITID set or HERD-side NULL — see backfill offer)
141255,Wiregrass Georgia Technical C.,Georgia,2017-2020,no,,native_unitid,FedSupport native IPEDS UnitID (NCSES-assigned); no HERD era-B row carries this UNITID (NSF-funded institution outside the HERD UNITID set or HERD-side NULL — see backfill offer)
141264,Valdosta State U.,Georgia,1971-2023,yes,Valdosta State University,native_unitid,FedSupport native IPEDS UnitID (NCSES-assigned); joins HERD era-B on UNITID
141307,South Georgia State C.,Georgia,1995-1995,no,,native_unitid,FedSupport native IPEDS UnitID (NCSES-assigned); no HERD era-B row carries this UNITID (NSF-funded institution outside the HERD UNITID set or HERD-side NULL — see backfill offer)
141325,Wesleyan C.,Georgia,1975-2023,no,,native_unitid,FedSupport native IPEDS UnitID (NCSES-assigned); no HERD era-B row carries this UNITID (NSF-funded institution outside the HERD UNITID set or HERD-side NULL — see backfill offer)
141334,U. West Georgia,Georgia,1971-2023,yes,University of West Georgia,native_unitid,FedSupport native IPEDS UnitID (NCSES-assigned); joins HERD era-B on UNITID
141486,Chaminade U. Honolulu,Hawaii,1971-2023,no,,native_unitid,FedSupport native IPEDS UnitID (NCSES-assigned); no HERD era-B row carries this UNITID (NSF-funded institution outside the HERD UNITID set or HERD-side NULL — see backfill offer)
141565,"U. Hawaii, Hilo",Hawaii,1977-2023,yes,University of Hawaii at Hilo,native_unitid,FedSupport native IPEDS UnitID (NCSES-assigned); joins HERD era-B on UNITID
141574,"U. Hawaii, Manoa",Hawaii,1971-2023,yes,University of Hawaii at Manoa,native_unitid,FedSupport native IPEDS UnitID (NCSES-assigned); joins HERD era-B on UNITID
141644,Hawai'i Pacific U.,Hawaii,1993-2023,yes,Hawaii Pacific University,native_unitid,FedSupport native IPEDS UnitID (NCSES-assigned); joins HERD era-B on UNITID
141680,Honolulu Community C.,Hawaii,1980-1998,no,,native_unitid,FedSupport native IPEDS UnitID (NCSES-assigned); no HERD era-B row carries this UNITID (NSF-funded institution outside the HERD UNITID set or HERD-side NULL — see backfill offer)
141796,"U. Hawaii Community Colleges, Kapiolani Community C.",Hawaii,1987-2002,no,,native_unitid,FedSupport native IPEDS UnitID (NCSES-assigned); no HERD era-B row carries this UNITID (NSF-funded institution outside the HERD UNITID set or HERD-side NULL — see backfill offer)
141802,"U. Hawaii Community Colleges, Kauai Community C.",Hawaii,2002-2002,no,,native_unitid,FedSupport native IPEDS UnitID (NCSES-assigned); no HERD era-B row carries this UNITID (NSF-funded institution outside the HERD UNITID set or HERD-side NULL — see backfill offer)
141811,"U. Hawaii Community Colleges, Leeward Community C.",Hawaii,1977-2002,no,,native_unitid,FedSupport native IPEDS UnitID (NCSES-assigned); no HERD era-B row carries this UNITID (NSF-funded institution outside the HERD UNITID set or HERD-side NULL — see backfill offer)
141839,"U. Hawaii Community Colleges, Maui C.",Hawaii,1996-2023,yes,University of Hawaii Maui College,native_unitid,FedSupport native IPEDS UnitID (NCSES-assigned); joins HERD era-B on UNITID
141963,"U. Hawaii, System Office",Hawaii,1975-2023,yes,"University of Hawaii, system office",native_unitid,FedSupport native IPEDS UnitID (NCSES-assigned); joins HERD era-B on UNITID
141981,"U. Hawaii, West Oahu",Hawaii,1991-2019,yes,University of Hawaii at West O'Ahu,native_unitid,FedSupport native IPEDS UnitID (NCSES-assigned); joins HERD era-B on UNITID
141990,Windward Community C.,Hawaii,1977-2002,no,,native_unitid,FedSupport native IPEDS UnitID (NCSES-assigned); no HERD era-B row carries this UNITID (NSF-funded institution outside the HERD UNITID set or HERD-side NULL — see backfill offer)
142115,Boise State U.,Idaho,1971-2023,yes,Boise State University,native_unitid,FedSupport native IPEDS UnitID (NCSES-assigned); joins HERD era-B on UNITID
142179,Eastern Idaho Technical C.,Idaho,2002-2004,no,,native_unitid,FedSupport native IPEDS UnitID (NCSES-assigned); no HERD era-B row carries this UNITID (NSF-funded institution outside the HERD UNITID set or HERD-side NULL — see backfill offer)
142276,Idaho State U.,Idaho,1971-2023,yes,Idaho State University,native_unitid,FedSupport native IPEDS UnitID (NCSES-assigned); joins HERD era-B on UNITID
142285,U. Idaho,Idaho,1971-2023,yes,University of Idaho,native_unitid,FedSupport native IPEDS UnitID (NCSES-assigned); joins HERD era-B on UNITID
142294,"C. Idaho, The",Idaho,1971-2021,no,,native_unitid,FedSupport native IPEDS UnitID (NCSES-assigned); no HERD era-B row carries this UNITID (NSF-funded institution outside the HERD UNITID set or HERD-side NULL — see backfill offer)
142328,Lewis-Clark State C.,Idaho,1971-2023,yes,Lewis-Clark State College,native_unitid,FedSupport native IPEDS UnitID (NCSES-assigned); joins HERD era-B on UNITID
142443,North Idaho C.,Idaho,1971-1997,no,,native_unitid,FedSupport native IPEDS UnitID (NCSES-assigned); no HERD era-B row carries this UNITID (NSF-funded institution outside the HERD UNITID set or HERD-side NULL — see backfill offer)
142461,Northwest Nazarene U.,Idaho,1971-2012,yes,Northwest Nazarene University,native_unitid,FedSupport native IPEDS UnitID (NCSES-assigned); joins HERD era-B on UNITID
142522,"Brigham Young U., Provo",Utah,2004-2010,no,,native_unitid,FedSupport native IPEDS UnitID (NCSES-assigned); no HERD era-B row carries this UNITID (NSF-funded institution outside the HERD UNITID set or HERD-side NULL — see backfill offer)
142559,C. Southern Idaho,Idaho,1971-2022,no,,native_unitid,FedSupport native IPEDS UnitID (NCSES-assigned); no HERD era-B row carries this UNITID (NSF-funded institution outside the HERD UNITID set or HERD-side NULL — see backfill offer)
142832,Adler School of Professional Psychology,Illinois,2021-2023,no,,native_unitid,FedSupport native IPEDS UnitID (NCSES-assigned); no HERD era-B row carries this UNITID (NSF-funded institution outside the HERD UNITID set or HERD-side NULL — see backfill offer)
143048,School of the Art Institute of Chicago,Illinois,2004-2012,no,,native_unitid,FedSupport native IPEDS UnitID (NCSES-assigned); no HERD era-B row carries this UNITID (NSF-funded institution outside the HERD UNITID set or HERD-side NULL — see backfill offer)
143084,"Augustana C., Rock Island",Illinois,1971-2023,yes,"Augustana College, Rock Island",native_unitid,FedSupport native IPEDS UnitID (NCSES-assigned); joins HERD era-B on UNITID
143118,"Aurora U., Aurora",Illinois,1972-2023,no,,native_unitid,FedSupport native IPEDS UnitID (NCSES-assigned); no HERD era-B row carries this UNITID (NSF-funded institution outside the HERD UNITID set or HERD-side NULL — see backfill offer)
143215,Southwestern Illinois C.,Illinois,1993-1993,no,,native_unitid,FedSupport native IPEDS UnitID (NCSES-assigned); no HERD era-B row carries this UNITID (NSF-funded institution outside the HERD UNITID set or HERD-side NULL — see backfill offer)
143279,Black Hawk C.,Illinois,1972-2008,no,,native_unitid,FedSupport native IPEDS UnitID (NCSES-assigned); no HERD era-B row carries this UNITID (NSF-funded institution outside the HERD UNITID set or HERD-side NULL — see backfill offer)
143288,Blackburn C.,Illinois,1971-1999,no,,native_unitid,FedSupport native IPEDS UnitID (NCSES-assigned); no HERD era-B row carries this UNITID (NSF-funded institution outside the HERD UNITID set or HERD-side NULL — see backfill offer)
143358,Bradley U.,Illinois,1971-2023,yes,Bradley University,native_unitid,FedSupport native IPEDS UnitID (NCSES-assigned); joins HERD era-B on UNITID
143613,Carl Sandburg C.,Illinois,1973-2006,no,,native_unitid,FedSupport native IPEDS UnitID (NCSES-assigned); no HERD era-B row carries this UNITID (NSF-funded institution outside the HERD UNITID set or HERD-side NULL — see backfill offer)
143853,"Midwestern U., Downers Grove",Illinois,1971-2023,no,,native_unitid,FedSupport native IPEDS UnitID (NCSES-assigned); no HERD era-B row carries this UNITID (NSF-funded institution outside the HERD UNITID set or HERD-side NULL — see backfill offer)
143978,Chicago School of Professional Psychology,Illinois,2011-2019,yes,Chicago School of Professional Psychology,native_unitid,FedSupport native IPEDS UnitID (NCSES-assigned); joins HERD era-B on UNITID
144005,Chicago State U.,Illinois,1971-2023,yes,Chicago State University,native_unitid,FedSupport native IPEDS UnitID (NCSES-assigned); joins HERD era-B on UNITID
144050,"U. Chicago, The",Illinois,1971-2023,yes,"University of Chicago, The",native_unitid,FedSupport native IPEDS UnitID (NCSES-assigned); joins HERD era-B on UNITID
144157,City Colleges of Chicago,Illinois,2005-2006,no,,native_unitid,FedSupport native IPEDS UnitID (NCSES-assigned); no HERD era-B row carries this UNITID (NSF-funded institution outside the HERD UNITID set or HERD-side NULL — see backfill offer)
144166,City Colleges of Chicago,Illinois,2004-2007,no,,native_unitid,FedSupport native IPEDS UnitID (NCSES-assigned); no HERD era-B row carries this UNITID (NSF-funded institution outside the HERD UNITID set or HERD-side NULL — see backfill offer)
144184,City Colleges of Chicago,Illinois,1992-2023,no,,native_unitid,FedSupport native IPEDS UnitID (NCSES-assigned); no HERD era-B row carries this UNITID (NSF-funded institution outside the HERD UNITID set or HERD-side NULL — see backfill offer)
144193,City Colleges of Chicago,Illinois,2002-2003,no,,native_unitid,FedSupport native IPEDS UnitID (NCSES-assigned); no HERD era-B row carries this UNITID (NSF-funded institution outside the HERD UNITID set or HERD-side NULL — see backfill offer)
144209,City Colleges of Chicago,Illinois,1996-2019,no,,native_unitid,FedSupport native IPEDS UnitID (NCSES-assigned); no HERD era-B row carries this UNITID (NSF-funded institution outside the HERD UNITID set or HERD-side NULL — see backfill offer)
144218,City Colleges of Chicago,Illinois,1994-2023,no,,native_unitid,FedSupport native IPEDS UnitID (NCSES-assigned); no HERD era-B row carries this UNITID (NSF-funded institution outside the HERD UNITID set or HERD-side NULL — see backfill offer)
144281,"Columbia C., Chicago",Illinois,1979-2022,yes,Columbia College Chicago,native_unitid,FedSupport native IPEDS UnitID (NCSES-assigned); joins HERD era-B on UNITID
144351,"Concordia U., Chicago",Illinois,1974-2016,no,,native_unitid,FedSupport native IPEDS UnitID (NCSES-assigned); no HERD era-B row carries this UNITID (NSF-funded institution outside the HERD UNITID set or HERD-side NULL — see backfill offer)
144500,City Colleges of Chicago,Illinois,1971-2023,no,,native_unitid,FedSupport native IPEDS UnitID (NCSES-assigned); no HERD era-B row carries this UNITID (NSF-funded institution outside the HERD UNITID set or HERD-side NULL — see backfill offer)
144564,Danville Area Community C.,Illinois,1972-2001,no,,native_unitid,FedSupport native IPEDS UnitID (NCSES-assigned); no HERD era-B row carries this UNITID (NSF-funded institution outside the HERD UNITID set or HERD-side NULL — see backfill offer)
144740,DePaul U.,Illinois,1971-2023,yes,DePaul University,native_unitid,FedSupport native IPEDS UnitID (NCSES-assigned); joins HERD era-B on UNITID
144865,C. DuPage,Illinois,1972-2022,no,,native_unitid,FedSupport native IPEDS UnitID (NCSES-assigned); no HERD era-B row carries this UNITID (NSF-funded institution outside the HERD UNITID set or HERD-side NULL — see backfill offer)
144883,East-West U.,Illinois,1992-2011,no,,native_unitid,FedSupport native IPEDS UnitID (NCSES-assigned); no HERD era-B row carries this UNITID (NSF-funded institution outside the HERD UNITID set or HERD-side NULL — see backfill offer)
144892,Eastern Illinois U.,Illinois,1971-2022,yes,Eastern Illinois University,native_unitid,FedSupport native IPEDS UnitID (NCSES-assigned); joins HERD era-B on UNITID
144944,Elgin Community C.,Illinois,1973-2009,no,,native_unitid,FedSupport native IPEDS UnitID (NCSES-assigned); no HERD era-B row carries this UNITID (NSF-funded institution outside the HERD UNITID set or HERD-side NULL — see backfill offer)
144962,Elmhurst U.,Illinois,1971-2023,yes,Elmhurst College,native_unitid,FedSupport native IPEDS UnitID (NCSES-assigned); joins HERD era-B on UNITID
144971,Eureka C.,Illinois,1993-1993,no,,native_unitid,FedSupport native IPEDS UnitID (NCSES-assigned); no HERD era-B row carries this UNITID (NSF-funded institution outside the HERD UNITID set or HERD-side NULL — see backfill offer)
145336,Governors State U.,Illinois,1972-2023,yes,Governors State University,native_unitid,FedSupport native IPEDS UnitID (NCSES-assigned); joins HERD era-B on UNITID
145372,Greenville C.,Illinois,1971-2004,no,,native_unitid,FedSupport native IPEDS UnitID (NCSES-assigned); no HERD era-B row carries this UNITID (NSF-funded institution outside the HERD UNITID set or HERD-side NULL — see backfill offer)
145521,"Highland Community C., Freeport",Illinois,1975-2012,no,,native_unitid,FedSupport native IPEDS UnitID (NCSES-assigned); no HERD era-B row carries this UNITID (NSF-funded institution outside the HERD UNITID set or HERD-side NULL — see backfill offer)
145558,Rosalind Franklin U. Medicine and Science,Illinois,1971-2023,yes,Rosalind Franklin University of Medicine and Science,native_unitid,FedSupport native IPEDS UnitID (NCSES-assigned); joins HERD era-B on UNITID
145600,"U. Illinois, Chicago",Illinois,1971-2023,yes,University of Illinois at Chicago,native_unitid,FedSupport native IPEDS UnitID (NCSES-assigned); joins HERD era-B on UNITID
145619,Benedictine U.,Illinois,1971-2023,yes,Benedictine University,native_unitid,FedSupport native IPEDS UnitID (NCSES-assigned); joins HERD era-B on UNITID
145628,Illinois C. of Optometry,Illinois,1975-2010,yes,Illinois College of Optometry,native_unitid,FedSupport native IPEDS UnitID (NCSES-assigned); joins HERD era-B on UNITID
145637,"U. Illinois, Urbana-Champaign",Illinois,1971-2023,yes,University of Illinois at Urbana-Champaign,native_unitid,FedSupport native IPEDS UnitID (NCSES-assigned); joins HERD era-B on UNITID
145646,Illinois Wesleyan U.,Illinois,1971-2022,yes,Illinois Wesleyan University,native_unitid,FedSupport native IPEDS UnitID (NCSES-assigned); joins HERD era-B on UNITID
145682,Illinois Central C.,Illinois,1978-2023,no,,native_unitid,FedSupport native IPEDS UnitID (NCSES-assigned); no HERD era-B row carries this UNITID (NSF-funded institution outside the HERD UNITID set or HERD-side NULL — see backfill offer)
145691,Illinois C.,Illinois,1971-2023,no,,native_unitid,FedSupport native IPEDS UnitID (NCSES-assigned); no HERD era-B row carries this UNITID (NSF-funded institution outside the HERD UNITID set or HERD-side NULL — see backfill offer)
145707,"Illinois Eastern Community Colleges, Olney Central C.",Illinois,1971-1995,no,,native_unitid,FedSupport native IPEDS UnitID (NCSES-assigned); no HERD era-B row carries this UNITID (NSF-funded institution outside the HERD UNITID set or HERD-side NULL — see backfill offer)
145725,Illinois Institute of Technology,Illinois,1971-2023,yes,Illinois Institute of Technology,native_unitid,FedSupport native IPEDS UnitID (NCSES-assigned); joins HERD era-B on UNITID
145813,Illinois State U.,Illinois,1971-2023,yes,Illinois State University,native_unitid,FedSupport native IPEDS UnitID (NCSES-assigned); joins HERD era-B on UNITID
145831,Illinois Valley Community C.,Illinois,1993-2012,no,,native_unitid,FedSupport native IPEDS UnitID (NCSES-assigned); no HERD era-B row carries this UNITID (NSF-funded institution outside the HERD UNITID set or HERD-side NULL — see backfill offer)
146205,John A. Logan C.,Illinois,1977-2004,no,,native_unitid,FedSupport native IPEDS UnitID (NCSES-assigned); no HERD era-B row carries this UNITID (NSF-funded institution outside the HERD UNITID set or HERD-side NULL — see backfill offer)
146241,John Marshall Law School,Illinois,1994-1994,no,,native_unitid,FedSupport native IPEDS UnitID (NCSES-assigned); no HERD era-B row carries this UNITID (NSF-funded institution outside the HERD UNITID set or HERD-side NULL — see backfill offer)
146278,John Wood Community C.,Illinois,1993-1993,no,,native_unitid,FedSupport native IPEDS UnitID (NCSES-assigned); no HERD era-B row carries this UNITID (NSF-funded institution outside the HERD UNITID set or HERD-side NULL — see backfill offer)
146296,Joliet Jr. C.,Illinois,1972-2014,no,,native_unitid,FedSupport native IPEDS UnitID (NCSES-assigned); no HERD era-B row carries this UNITID (NSF-funded institution outside the HERD UNITID set or HERD-side NULL — see backfill offer)
146339,"Judson U., Elgin",Illinois,2001-2004,no,,native_unitid,FedSupport native IPEDS UnitID (NCSES-assigned); no HERD era-B row carries this UNITID (NSF-funded institution outside the HERD UNITID set or HERD-side NULL — see backfill offer)
146348,Kankakee Community C.,Illinois,1980-2014,no,,native_unitid,FedSupport native IPEDS UnitID (NCSES-assigned); no HERD era-B row carries this UNITID (NSF-funded institution outside the HERD UNITID set or HERD-side NULL — see backfill offer)
146366,Kaskaskia C.,Illinois,1987-2013,no,,native_unitid,FedSupport native IPEDS UnitID (NCSES-assigned); no HERD era-B row carries this UNITID (NSF-funded institution outside the HERD UNITID set or HERD-side NULL — see backfill offer)
146418,Kishwaukee C.,Illinois,1993-2004,no,,native_unitid,FedSupport native IPEDS UnitID (NCSES-assigned); no HERD era-B row carries this UNITID (NSF-funded institution outside the HERD UNITID set or HERD-side NULL — see backfill offer)
146427,Knox C.,Illinois,1971-2023,no,,native_unitid,FedSupport native IPEDS UnitID (NCSES-assigned); no HERD era-B row carries this UNITID (NSF-funded institution outside the HERD UNITID set or HERD-side NULL — see backfill offer)
146472,C. Lake County,Illinois,1971-2019,no,,native_unitid,FedSupport native IPEDS UnitID (NCSES-assigned); no HERD era-B row carries this UNITID (NSF-funded institution outside the HERD UNITID set or HERD-side NULL — see backfill offer)
146481,Lake Forest C.,Illinois,1971-2023,yes,Lake Forest College,native_unitid,FedSupport native IPEDS UnitID (NCSES-assigned); joins HERD era-B on UNITID
146506,Lake Land C.,Illinois,1973-2004,no,,native_unitid,FedSupport native IPEDS UnitID (NCSES-assigned); no HERD era-B row carries this UNITID (NSF-funded institution outside the HERD UNITID set or HERD-side NULL — see backfill offer)
146603,Lewis and Clark Community C.,Illinois,1990-2023,no,,native_unitid,FedSupport native IPEDS UnitID (NCSES-assigned); no HERD era-B row carries this UNITID (NSF-funded institution outside the HERD UNITID set or HERD-side NULL — see backfill offer)
146612,Lewis U.,Illinois,1971-2023,no,,native_unitid,FedSupport native IPEDS UnitID (NCSES-assigned); no HERD era-B row carries this UNITID (NSF-funded institution outside the HERD UNITID set or HERD-side NULL — see backfill offer)
146676,Lincoln C.,Illinois,1990-1990,no,,native_unitid,FedSupport native IPEDS UnitID (NCSES-assigned); no HERD era-B row carries this UNITID (NSF-funded institution outside the HERD UNITID set or HERD-side NULL — see backfill offer)
146685,Lincoln Land Community C.,Illinois,1971-2023,no,,native_unitid,FedSupport native IPEDS UnitID (NCSES-assigned); no HERD era-B row carries this UNITID (NSF-funded institution outside the HERD UNITID set or HERD-side NULL — see backfill offer)
146719,"Loyola U., Chicago",Illinois,1971-2023,yes,Loyola University Chicago,native_unitid,FedSupport native IPEDS UnitID (NCSES-assigned); joins HERD era-B on UNITID
146825,MacMurray C.,Illinois,1971-1973,no,,native_unitid,FedSupport native IPEDS UnitID (NCSES-assigned); no HERD era-B row carries this UNITID (NSF-funded institution outside the HERD UNITID set or HERD-side NULL — see backfill offer)
146977,McCormick Theological Seminary,Illinois,2010-2014,no,,native_unitid,FedSupport native IPEDS UnitID (NCSES-assigned); no HERD era-B row carries this UNITID (NSF-funded institution outside the HERD UNITID set or HERD-side NULL — see backfill offer)
147004,McHenry County C.,Illinois,1973-2015,no,,native_unitid,FedSupport native IPEDS UnitID (NCSES-assigned); no HERD era-B row carries this UNITID (NSF-funded institution outside the HERD UNITID set or HERD-side NULL — see backfill offer)
147013,McKendree U.,Illinois,2007-2008,no,,native_unitid,FedSupport native IPEDS UnitID (NCSES-assigned); no HERD era-B row carries this UNITID (NSF-funded institution outside the HERD UNITID set or HERD-side NULL — see backfill offer)
147244,Millikin U.,Illinois,1975-2023,no,,native_unitid,FedSupport native IPEDS UnitID (NCSES-assigned); no HERD era-B row carries this UNITID (NSF-funded institution outside the HERD UNITID set or HERD-side NULL — see backfill offer)
147341,Monmouth C.,Illinois,1971-2015,no,,native_unitid,FedSupport native IPEDS UnitID (NCSES-assigned); no HERD era-B row carries this UNITID (NSF-funded institution outside the HERD UNITID set or HERD-side NULL — see backfill offer)
147378,Moraine Valley Community C.,Illinois,1991-2022,no,,native_unitid,FedSupport native IPEDS UnitID (NCSES-assigned); no HERD era-B row carries this UNITID (NSF-funded institution outside the HERD UNITID set or HERD-side NULL — see backfill offer)
147411,Morton C.,Illinois,1988-1988,no,,native_unitid,FedSupport native IPEDS UnitID (NCSES-assigned); no HERD era-B row carries this UNITID (NSF-funded institution outside the HERD UNITID set or HERD-side NULL — see backfill offer)
147536,National Louis U.,Illinois,1987-2023,yes,National Louis University,native_unitid,FedSupport native IPEDS UnitID (NCSES-assigned); joins HERD era-B on UNITID
147590,National U. of Health Sciences,Illinois,1994-2012,yes,National University of Health Sciences,native_unitid,FedSupport native IPEDS UnitID (NCSES-assigned); joins HERD era-B on UNITID
147660,North Central C.,Illinois,1971-2023,yes,North Central College,native_unitid,FedSupport native IPEDS UnitID (NCSES-assigned); joins HERD era-B on UNITID
147679,North Park U.,Illinois,1975-2023,no,,native_unitid,FedSupport native IPEDS UnitID (NCSES-assigned); no HERD era-B row carries this UNITID (NSF-funded institution outside the HERD UNITID set or HERD-side NULL — see backfill offer)
147703,Northern Illinois U.,Illinois,1971-2023,yes,Northern Illinois University,native_unitid,FedSupport native IPEDS UnitID (NCSES-assigned); joins HERD era-B on UNITID
147767,"Northwestern U., Evanston",Illinois,1971-2023,yes,Northwestern University,native_unitid,FedSupport native IPEDS UnitID (NCSES-assigned); joins HERD era-B on UNITID
147776,Northeastern Illinois U.,Illinois,1971-2023,yes,Northeastern Illinois University,native_unitid,FedSupport native IPEDS UnitID (NCSES-assigned); joins HERD era-B on UNITID
147800,Oakton Community C.,Illinois,1987-2019,no,,native_unitid,FedSupport native IPEDS UnitID (NCSES-assigned); no HERD era-B row carries this UNITID (NSF-funded institution outside the HERD UNITID set or HERD-side NULL — see backfill offer)
147828,Olivet Nazarene U.,Illinois,1973-2010,no,,native_unitid,FedSupport native IPEDS UnitID (NCSES-assigned); no HERD era-B row carries this UNITID (NSF-funded institution outside the HERD UNITID set or HERD-side NULL — see backfill offer)
147916,Parkland C.,Illinois,1980-2023,no,,native_unitid,FedSupport native IPEDS UnitID (NCSES-assigned); no HERD era-B row carries this UNITID (NSF-funded institution outside the HERD UNITID set or HERD-side NULL — see backfill offer)
148007,Prairie State C.,Illinois,1974-1989,no,,native_unitid,FedSupport native IPEDS UnitID (NCSES-assigned); no HERD era-B row carries this UNITID (NSF-funded institution outside the HERD UNITID set or HERD-side NULL — see backfill offer)
148131,Quincy U.,Illinois,1972-2022,no,,native_unitid,FedSupport native IPEDS UnitID (NCSES-assigned); no HERD era-B row carries this UNITID (NSF-funded institution outside the HERD UNITID set or HERD-side NULL — see backfill offer)
148256,Rend Lake C.,Illinois,1971-2007,no,,native_unitid,FedSupport native IPEDS UnitID (NCSES-assigned); no HERD era-B row carries this UNITID (NSF-funded institution outside the HERD UNITID set or HERD-side NULL — see backfill offer)
148380,Rock Valley C.,Illinois,1975-2004,no,,native_unitid,FedSupport native IPEDS UnitID (NCSES-assigned); no HERD era-B row carries this UNITID (NSF-funded institution outside the HERD UNITID set or HERD-side NULL — see backfill offer)
148405,Rockford U.,Illinois,1991-1999,no,,native_unitid,FedSupport native IPEDS UnitID (NCSES-assigned); no HERD era-B row carries this UNITID (NSF-funded institution outside the HERD UNITID set or HERD-side NULL — see backfill offer)
148487,Roosevelt U.,Illinois,1971-2023,yes,Roosevelt University,native_unitid,FedSupport native IPEDS UnitID (NCSES-assigned); joins HERD era-B on UNITID
148496,Dominican U.,Illinois,1989-2023,yes,Dominican University,native_unitid,FedSupport native IPEDS UnitID (NCSES-assigned); joins HERD era-B on UNITID
148511,Rush U.,Illinois,1974-2023,yes,Rush University,native_unitid,FedSupport native IPEDS UnitID (NCSES-assigned); joins HERD era-B on UNITID
148575,Saint Francis Medical Center C. of Nursing,Illinois,1994-1994,no,,native_unitid,FedSupport native IPEDS UnitID (NCSES-assigned); no HERD era-B row carries this UNITID (NSF-funded institution outside the HERD UNITID set or HERD-side NULL — see backfill offer)
148584,"U. St. Francis, Joliet",Illinois,1972-2023,no,,native_unitid,FedSupport native IPEDS UnitID (NCSES-assigned); no HERD era-B row carries this UNITID (NSF-funded institution outside the HERD UNITID set or HERD-side NULL — see backfill offer)
148627,Saint Xavier U.,Illinois,1971-2023,no,,native_unitid,FedSupport native IPEDS UnitID (NCSES-assigned); no HERD era-B row carries this UNITID (NSF-funded institution outside the HERD UNITID set or HERD-side NULL — see backfill offer)
148654,"U. Illinois, Springfield",Illinois,1972-2023,yes,University of Illinois at Springfield,native_unitid,FedSupport native IPEDS UnitID (NCSES-assigned); joins HERD era-B on UNITID
148821,Shawnee Community C.,Illinois,1972-2011,no,,native_unitid,FedSupport native IPEDS UnitID (NCSES-assigned); no HERD era-B row carries this UNITID (NSF-funded institution outside the HERD UNITID set or HERD-side NULL — see backfill offer)
148849,Shimer C.,Illinois,1977-1977,no,,native_unitid,FedSupport native IPEDS UnitID (NCSES-assigned); no HERD era-B row carries this UNITID (NSF-funded institution outside the HERD UNITID set or HERD-side NULL — see backfill offer)
148876,Saint Augustine C.,Illinois,1987-2023,no,,native_unitid,FedSupport native IPEDS UnitID (NCSES-assigned); no HERD era-B row carries this UNITID (NSF-funded institution outside the HERD UNITID set or HERD-side NULL — see backfill offer)
148982,Spertus Institute for Jewish Learning and Leadership,Illinois,1971-1975,no,,native_unitid,FedSupport native IPEDS UnitID (NCSES-assigned); no HERD era-B row carries this UNITID (NSF-funded institution outside the HERD UNITID set or HERD-side NULL — see backfill offer)
148991,Spoon River C.,Illinois,1971-1973,no,,native_unitid,FedSupport native IPEDS UnitID (NCSES-assigned); no HERD era-B row carries this UNITID (NSF-funded institution outside the HERD UNITID set or HERD-side NULL — see backfill offer)
149222,"Southern Illinois U., Carbondale",Illinois,1971-2023,yes,"Southern Illinois University, Carbondale",native_unitid,FedSupport native IPEDS UnitID (NCSES-assigned); joins HERD era-B on UNITID
149231,"Southern Illinois U., Edwardsville",Illinois,1971-2023,yes,"Southern Illinois University, Edwardsville",native_unitid,FedSupport native IPEDS UnitID (NCSES-assigned); joins HERD era-B on UNITID
149240,"Southern Illinois U., System Office",Illinois,1978-2023,no,,native_unitid,FedSupport native IPEDS UnitID (NCSES-assigned); no HERD era-B row carries this UNITID (NSF-funded institution outside the HERD UNITID set or HERD-side NULL — see backfill offer)
149365,South Suburban C.,Illinois,1993-2004,no,,native_unitid,FedSupport native IPEDS UnitID (NCSES-assigned); no HERD era-B row carries this UNITID (NSF-funded institution outside the HERD UNITID set or HERD-side NULL — see backfill offer)
149505,Trinity Christian C.,Illinois,1971-1975,no,,native_unitid,FedSupport native IPEDS UnitID (NCSES-assigned); no HERD era-B row carries this UNITID (NSF-funded institution outside the HERD UNITID set or HERD-side NULL — see backfill offer)
149514,"Trinity International U., Deerfield",Illinois,1971-1992,no,,native_unitid,FedSupport native IPEDS UnitID (NCSES-assigned); no HERD era-B row carries this UNITID (NSF-funded institution outside the HERD UNITID set or HERD-side NULL — see backfill offer)
149532,Triton C.,Illinois,1972-1992,no,,native_unitid,FedSupport native IPEDS UnitID (NCSES-assigned); no HERD era-B row carries this UNITID (NSF-funded institution outside the HERD UNITID set or HERD-side NULL — see backfill offer)
149587,"U. Illinois, University Administration",Illinois,1971-2023,no,,native_unitid,FedSupport native IPEDS UnitID (NCSES-assigned); no HERD era-B row carries this UNITID (NSF-funded institution outside the HERD UNITID set or HERD-side NULL — see backfill offer)
149639,VanderCook C. of Music,Illinois,1977-1977,no,,native_unitid,FedSupport native IPEDS UnitID (NCSES-assigned); no HERD era-B row carries this UNITID (NSF-funded institution outside the HERD UNITID set or HERD-side NULL — see backfill offer)
149727,Waubonsee Community C.,Illinois,1987-2007,no,,native_unitid,FedSupport native IPEDS UnitID (NCSES-assigned); no HERD era-B row carries this UNITID (NSF-funded institution outside the HERD UNITID set or HERD-side NULL — see backfill offer)
149763,Resurrection U.,Illinois,2004-2004,no,,native_unitid,FedSupport native IPEDS UnitID (NCSES-assigned); no HERD era-B row carries this UNITID (NSF-funded institution outside the HERD UNITID set or HERD-side NULL — see backfill offer)
149772,Western Illinois U.,Illinois,1971-2023,yes,Western Illinois University,native_unitid,FedSupport native IPEDS UnitID (NCSES-assigned); joins HERD era-B on UNITID
149781,"Wheaton C., Wheaton",Illinois,1971-2023,yes,"Wheaton College, Wheaton",native_unitid,FedSupport native IPEDS UnitID (NCSES-assigned); joins HERD era-B on UNITID
149842,Harper C.,Illinois,1972-2023,no,,native_unitid,FedSupport native IPEDS UnitID (NCSES-assigned); no HERD era-B row carries this UNITID (NSF-funded institution outside the HERD UNITID set or HERD-side NULL — see backfill offer)
150066,"Anderson U., Anderson, Indiana",Indiana,1972-2001,no,,native_unitid,FedSupport native IPEDS UnitID (NCSES-assigned); no HERD era-B row carries this UNITID (NSF-funded institution outside the HERD UNITID set or HERD-side NULL — see backfill offer)
150136,Ball State U.,Indiana,1971-2023,yes,Ball State University,native_unitid,FedSupport native IPEDS UnitID (NCSES-assigned); joins HERD era-B on UNITID
150145,"Bethel C., Mishawaka",Indiana,1995-2011,no,,native_unitid,FedSupport native IPEDS UnitID (NCSES-assigned); no HERD era-B row carries this UNITID (NSF-funded institution outside the HERD UNITID set or HERD-side NULL — see backfill offer)
150163,Butler U.,Indiana,1971-2023,yes,Butler University,native_unitid,FedSupport native IPEDS UnitID (NCSES-assigned); joins HERD era-B on UNITID
150215,Christian Theological Seminary,Indiana,1971-1974,no,,native_unitid,FedSupport native IPEDS UnitID (NCSES-assigned); no HERD era-B row carries this UNITID (NSF-funded institution outside the HERD UNITID set or HERD-side NULL — see backfill offer)
150251,C. of Court Reporting Inc.,Indiana,1993-1993,no,,native_unitid,FedSupport native IPEDS UnitID (NCSES-assigned); no HERD era-B row carries this UNITID (NSF-funded institution outside the HERD UNITID set or HERD-side NULL — see backfill offer)
150288,Concordia Theological Seminary,Indiana,2008-2009,no,,native_unitid,FedSupport native IPEDS UnitID (NCSES-assigned); no HERD era-B row carries this UNITID (NSF-funded institution outside the HERD UNITID set or HERD-side NULL — see backfill offer)
150400,DePauw U.,Indiana,1971-2020,yes,DePauw University,native_unitid,FedSupport native IPEDS UnitID (NCSES-assigned); joins HERD era-B on UNITID
150455,Earlham C.,Indiana,1971-2022,yes,Earlham College,native_unitid,FedSupport native IPEDS UnitID (NCSES-assigned); joins HERD era-B on UNITID
150534,U. Evansville,Indiana,1971-2021,yes,University of Evansville,native_unitid,FedSupport native IPEDS UnitID (NCSES-assigned); joins HERD era-B on UNITID
150604,"Franklin C., Franklin",Indiana,1981-1993,no,,native_unitid,FedSupport native IPEDS UnitID (NCSES-assigned); no HERD era-B row carries this UNITID (NSF-funded institution outside the HERD UNITID set or HERD-side NULL — see backfill offer)
150668,Goshen C.,Indiana,1971-2007,no,,native_unitid,FedSupport native IPEDS UnitID (NCSES-assigned); no HERD era-B row carries this UNITID (NSF-funded institution outside the HERD UNITID set or HERD-side NULL — see backfill offer)
150756,Hanover C.,Indiana,1972-1972,no,,native_unitid,FedSupport native IPEDS UnitID (NCSES-assigned); no HERD era-B row carries this UNITID (NSF-funded institution outside the HERD UNITID set or HERD-side NULL — see backfill offer)
150941,Huntington U.,Indiana,1975-1978,no,,native_unitid,FedSupport native IPEDS UnitID (NCSES-assigned); no HERD era-B row carries this UNITID (NSF-funded institution outside the HERD UNITID set or HERD-side NULL — see backfill offer)
151050,"Ivy Tech Community C., central office",Indiana,2008-2008,no,,native_unitid,FedSupport native IPEDS UnitID (NCSES-assigned); no HERD era-B row carries this UNITID (NSF-funded institution outside the HERD UNITID set or HERD-side NULL — see backfill offer)
151102,"Purdue U., Fort Wayne",Indiana,1993-2015,yes,"Indiana University-Purdue University, Fort Wayne",native_unitid,FedSupport native IPEDS UnitID (NCSES-assigned); joins HERD era-B on UNITID
151111,"Indiana U., Indianapolis",Indiana,1992-2023,yes,"Indiana University-Purdue University, Indianapolis, IUPUI",native_unitid,FedSupport native IPEDS UnitID (NCSES-assigned); joins HERD era-B on UNITID
151263,U. Indianapolis,Indiana,1976-2022,no,,native_unitid,FedSupport native IPEDS UnitID (NCSES-assigned); no HERD era-B row carries this UNITID (NSF-funded institution outside the HERD UNITID set or HERD-side NULL — see backfill offer)
151290,Indiana Institute of Technology,Indiana,1971-2010,no,,native_unitid,FedSupport native IPEDS UnitID (NCSES-assigned); no HERD era-B row carries this UNITID (NSF-funded institution outside the HERD UNITID set or HERD-side NULL — see backfill offer)
151306,Indiana State U.,Indiana,1992-2023,yes,University of Southern Indiana,native_unitid,FedSupport native IPEDS UnitID (NCSES-assigned); joins HERD era-B on UNITID
151324,Indiana State U.,Indiana,1971-2023,yes,Indiana State University,native_unitid,FedSupport native IPEDS UnitID (NCSES-assigned); joins HERD era-B on UNITID
151333,"Indiana U., Kokomo",Indiana,2018-2019,yes,"Indiana University, Kokomo",native_unitid,FedSupport native IPEDS UnitID (NCSES-assigned); joins HERD era-B on UNITID
151342,"Indiana U., South Bend",Indiana,1993-1995,yes,"Indiana University, South Bend",native_unitid,FedSupport native IPEDS UnitID (NCSES-assigned); joins HERD era-B on UNITID
151351,Indiana U.,Indiana,1971-2023,yes,"Indiana University, Bloomington",native_unitid,FedSupport native IPEDS UnitID (NCSES-assigned); joins HERD era-B on UNITID
151360,"Indiana U., Northwest",Indiana,2007-2007,yes,"Indiana University, Gary",native_unitid,FedSupport native IPEDS UnitID (NCSES-assigned); joins HERD era-B on UNITID
151388,"Indiana U., East",Indiana,2011-2011,yes,"Indiana University, Richmond",native_unitid,FedSupport native IPEDS UnitID (NCSES-assigned); joins HERD era-B on UNITID
151777,Manchester U.,Indiana,1972-2018,yes,Manchester University,native_unitid,FedSupport native IPEDS UnitID (NCSES-assigned); joins HERD era-B on UNITID
151786,"Marian U., Indianapolis",Indiana,1987-2023,yes,"Marian University, Indianapolis",native_unitid,FedSupport native IPEDS UnitID (NCSES-assigned); joins HERD era-B on UNITID
151801,Indiana Wesleyan U.,Indiana,1972-2023,yes,Indiana Wesleyan University,native_unitid,FedSupport native IPEDS UnitID (NCSES-assigned); joins HERD era-B on UNITID
151810,Martin U.,Indiana,2008-2014,no,,native_unitid,FedSupport native IPEDS UnitID (NCSES-assigned); no HERD era-B row carries this UNITID (NSF-funded institution outside the HERD UNITID set or HERD-side NULL — see backfill offer)
152080,U. Notre Dame,Indiana,1971-2023,yes,University of Notre Dame,native_unitid,FedSupport native IPEDS UnitID (NCSES-assigned); joins HERD era-B on UNITID
152099,Oakland City U.,Indiana,1978-1993,no,,native_unitid,FedSupport native IPEDS UnitID (NCSES-assigned); no HERD era-B row carries this UNITID (NSF-funded institution outside the HERD UNITID set or HERD-side NULL — see backfill offer)
152248,"Purdue U., West Lafayette",Indiana,1993-2023,yes,"Purdue University, Calumet Campus",native_unitid,FedSupport native IPEDS UnitID (NCSES-assigned); joins HERD era-B on UNITID
152266,"Purdue U., West Lafayette",Indiana,1995-2005,yes,"Purdue University, North Central",native_unitid,FedSupport native IPEDS UnitID (NCSES-assigned); joins HERD era-B on UNITID
152318,Rose-Hulman Institute of Technology,Indiana,1971-2023,yes,Rose-Hulman Institute of Technology,native_unitid,FedSupport native IPEDS UnitID (NCSES-assigned); joins HERD era-B on UNITID
152336,"U. of Saint Francis, Fort Wayne",Indiana,1981-2008,no,,native_unitid,FedSupport native IPEDS UnitID (NCSES-assigned); no HERD era-B row carries this UNITID (NSF-funded institution outside the HERD UNITID set or HERD-side NULL — see backfill offer)
152363,"Saint Joseph's C., Rensselaer",Indiana,1972-1995,no,,native_unitid,FedSupport native IPEDS UnitID (NCSES-assigned); no HERD era-B row carries this UNITID (NSF-funded institution outside the HERD UNITID set or HERD-side NULL — see backfill offer)
152381,Saint Mary-of-the-Woods C.,Indiana,1979-2023,no,,native_unitid,FedSupport native IPEDS UnitID (NCSES-assigned); no HERD era-B row carries this UNITID (NSF-funded institution outside the HERD UNITID set or HERD-side NULL — see backfill offer)
152390,"Saint Mary's C., Notre Dame",Indiana,1971-2022,no,,native_unitid,FedSupport native IPEDS UnitID (NCSES-assigned); no HERD era-B row carries this UNITID (NSF-funded institution outside the HERD UNITID set or HERD-side NULL — see backfill offer)
152530,Taylor U.,Indiana,1971-2015,yes,Taylor University,native_unitid,FedSupport native IPEDS UnitID (NCSES-assigned); joins HERD era-B on UNITID
152567,Trine U.,Indiana,1971-2023,no,,native_unitid,FedSupport native IPEDS UnitID (NCSES-assigned); no HERD era-B row carries this UNITID (NSF-funded institution outside the HERD UNITID set or HERD-side NULL — see backfill offer)
152600,Valparaiso U.,Indiana,1971-2023,yes,Valparaiso University,native_unitid,FedSupport native IPEDS UnitID (NCSES-assigned); joins HERD era-B on UNITID
152637,Vincennes U.,Indiana,1971-2006,no,,native_unitid,FedSupport native IPEDS UnitID (NCSES-assigned); no HERD era-B row carries this UNITID (NSF-funded institution outside the HERD UNITID set or HERD-side NULL — see backfill offer)
152673,Wabash C.,Indiana,1971-2023,yes,Wabash College,native_unitid,FedSupport native IPEDS UnitID (NCSES-assigned); joins HERD era-B on UNITID
152798,"Allen C., Waterloo",Iowa,2004-2011,no,,native_unitid,FedSupport native IPEDS UnitID (NCSES-assigned); no HERD era-B row carries this UNITID (NSF-funded institution outside the HERD UNITID set or HERD-side NULL — see backfill offer)
152822,AIB C. of Business,Iowa,2010-2014,no,,native_unitid,FedSupport native IPEDS UnitID (NCSES-assigned); no HERD era-B row carries this UNITID (NSF-funded institution outside the HERD UNITID set or HERD-side NULL — see backfill offer)
152992,Briar Cliff U.,Iowa,1980-1991,no,,native_unitid,FedSupport native IPEDS UnitID (NCSES-assigned); no HERD era-B row carries this UNITID (NSF-funded institution outside the HERD UNITID set or HERD-side NULL — see backfill offer)
153001,Buena Vista U.,Iowa,1971-2018,no,,native_unitid,FedSupport native IPEDS UnitID (NCSES-assigned); no HERD era-B row carries this UNITID (NSF-funded institution outside the HERD UNITID set or HERD-side NULL — see backfill offer)
153108,Central C.,Iowa,1971-2021,no,,native_unitid,FedSupport native IPEDS UnitID (NCSES-assigned); no HERD era-B row carries this UNITID (NSF-funded institution outside the HERD UNITID set or HERD-side NULL — see backfill offer)
153126,Clarke U.,Iowa,1971-2005,no,,native_unitid,FedSupport native IPEDS UnitID (NCSES-assigned); no HERD era-B row carries this UNITID (NSF-funded institution outside the HERD UNITID set or HERD-side NULL — see backfill offer)
153135,Eastern Iowa Community C. District,Iowa,1992-1992,no,,native_unitid,FedSupport native IPEDS UnitID (NCSES-assigned); no HERD era-B row carries this UNITID (NSF-funded institution outside the HERD UNITID set or HERD-side NULL — see backfill offer)
153144,Coe C.,Iowa,1971-2023,yes,Coe College,native_unitid,FedSupport native IPEDS UnitID (NCSES-assigned); joins HERD era-B on UNITID
153162,Cornell C.,Iowa,1971-2022,yes,Cornell College,native_unitid,FedSupport native IPEDS UnitID (NCSES-assigned); joins HERD era-B on UNITID
153214,Des Moines Area Community C.,Iowa,1971-2023,no,,native_unitid,FedSupport native IPEDS UnitID (NCSES-assigned); no HERD era-B row carries this UNITID (NSF-funded institution outside the HERD UNITID set or HERD-side NULL — see backfill offer)
153241,Divine Word C.,Iowa,1989-1997,no,,native_unitid,FedSupport native IPEDS UnitID (NCSES-assigned); no HERD era-B row carries this UNITID (NSF-funded institution outside the HERD UNITID set or HERD-side NULL — see backfill offer)
153250,Dordt U.,Iowa,1971-2023,yes,Dordt University,native_unitid,FedSupport native IPEDS UnitID (NCSES-assigned); joins HERD era-B on UNITID
153269,Drake U.,Iowa,1971-2023,yes,Drake University,native_unitid,FedSupport native IPEDS UnitID (NCSES-assigned); joins HERD era-B on UNITID
153278,U. Dubuque,Iowa,1971-2022,no,,native_unitid,FedSupport native IPEDS UnitID (NCSES-assigned); no HERD era-B row carries this UNITID (NSF-funded institution outside the HERD UNITID set or HERD-side NULL — see backfill offer)
153296,Ellsworth Community C.,Iowa,1979-1979,no,,native_unitid,FedSupport native IPEDS UnitID (NCSES-assigned); no HERD era-B row carries this UNITID (NSF-funded institution outside the HERD UNITID set or HERD-side NULL — see backfill offer)
153311,Eastern Iowa Community C. District,Iowa,1992-2021,no,,native_unitid,FedSupport native IPEDS UnitID (NCSES-assigned); no HERD era-B row carries this UNITID (NSF-funded institution outside the HERD UNITID set or HERD-side NULL — see backfill offer)
153366,Graceland U.,Iowa,1971-2021,no,,native_unitid,FedSupport native IPEDS UnitID (NCSES-assigned); no HERD era-B row carries this UNITID (NSF-funded institution outside the HERD UNITID set or HERD-side NULL — see backfill offer)
153375,Grand View U.,Iowa,1994-2022,no,,native_unitid,FedSupport native IPEDS UnitID (NCSES-assigned); no HERD era-B row carries this UNITID (NSF-funded institution outside the HERD UNITID set or HERD-side NULL — see backfill offer)
153384,Grinnell C.,Iowa,1971-2023,yes,Grinnell College,native_unitid,FedSupport native IPEDS UnitID (NCSES-assigned); joins HERD era-B on UNITID
153445,Hawkeye Community C.,Iowa,1995-1998,no,,native_unitid,FedSupport native IPEDS UnitID (NCSES-assigned); no HERD era-B row carries this UNITID (NSF-funded institution outside the HERD UNITID set or HERD-side NULL — see backfill offer)
153472,Indian Hills Community C.,Iowa,1989-2023,no,,native_unitid,FedSupport native IPEDS UnitID (NCSES-assigned); no HERD era-B row carries this UNITID (NSF-funded institution outside the HERD UNITID set or HERD-side NULL — see backfill offer)
153524,Iowa Central Community C.,Iowa,1971-2010,no,,native_unitid,FedSupport native IPEDS UnitID (NCSES-assigned); no HERD era-B row carries this UNITID (NSF-funded institution outside the HERD UNITID set or HERD-side NULL — see backfill offer)
153533,Iowa Lakes Community C.,Iowa,1971-2010,no,,native_unitid,FedSupport native IPEDS UnitID (NCSES-assigned); no HERD era-B row carries this UNITID (NSF-funded institution outside the HERD UNITID set or HERD-side NULL — see backfill offer)
153603,Iowa State U.,Iowa,1971-2023,yes,Iowa State University,native_unitid,FedSupport native IPEDS UnitID (NCSES-assigned); joins HERD era-B on UNITID
153621,Iowa Wesleyan U.,Iowa,1971-1971,no,,native_unitid,FedSupport native IPEDS UnitID (NCSES-assigned); no HERD era-B row carries this UNITID (NSF-funded institution outside the HERD UNITID set or HERD-side NULL — see backfill offer)
153630,Iowa Western Community C.,Iowa,2012-2012,no,,native_unitid,FedSupport native IPEDS UnitID (NCSES-assigned); no HERD era-B row carries this UNITID (NSF-funded institution outside the HERD UNITID set or HERD-side NULL — see backfill offer)
153658,U. Iowa,Iowa,1971-2023,yes,University of Iowa,native_unitid,FedSupport native IPEDS UnitID (NCSES-assigned); joins HERD era-B on UNITID
153737,Kirkwood Community C.,Iowa,1972-2009,no,,native_unitid,FedSupport native IPEDS UnitID (NCSES-assigned); no HERD era-B row carries this UNITID (NSF-funded institution outside the HERD UNITID set or HERD-side NULL — see backfill offer)
153825,Loras C.,Iowa,1971-2009,yes,Loras College,native_unitid,FedSupport native IPEDS UnitID (NCSES-assigned); joins HERD era-B on UNITID
153834,Luther C.,Iowa,1971-2021,yes,Luther College,native_unitid,FedSupport native IPEDS UnitID (NCSES-assigned); joins HERD era-B on UNITID
153861,Maharishi U. of Management,Iowa,1981-2012,yes,Maharishi University of Management,native_unitid,FedSupport native IPEDS UnitID (NCSES-assigned); joins HERD era-B on UNITID
153922,Marshalltown Community C.,Iowa,1980-1980,no,,native_unitid,FedSupport native IPEDS UnitID (NCSES-assigned); no HERD era-B row carries this UNITID (NSF-funded institution outside the HERD UNITID set or HERD-side NULL — see backfill offer)
154004,Morningside U.,Iowa,1991-2023,no,,native_unitid,FedSupport native IPEDS UnitID (NCSES-assigned); no HERD era-B row carries this UNITID (NSF-funded institution outside the HERD UNITID set or HERD-side NULL — see backfill offer)
154013,Mount Mercy U.,Iowa,1988-2021,no,,native_unitid,FedSupport native IPEDS UnitID (NCSES-assigned); no HERD era-B row carries this UNITID (NSF-funded institution outside the HERD UNITID set or HERD-side NULL — see backfill offer)
154059,North Iowa Area Community C.,Iowa,1991-2021,no,,native_unitid,FedSupport native IPEDS UnitID (NCSES-assigned); no HERD era-B row carries this UNITID (NSF-funded institution outside the HERD UNITID set or HERD-side NULL — see backfill offer)
154095,U. Northern Iowa,Iowa,1971-2023,yes,University of Northern Iowa,native_unitid,FedSupport native IPEDS UnitID (NCSES-assigned); joins HERD era-B on UNITID
154101,"Northwestern C., Orange City",Iowa,1991-2017,no,,native_unitid,FedSupport native IPEDS UnitID (NCSES-assigned); no HERD era-B row carries this UNITID (NSF-funded institution outside the HERD UNITID set or HERD-side NULL — see backfill offer)
154110,"Northeast Iowa Community C., Calmar",Iowa,1997-2016,no,,native_unitid,FedSupport native IPEDS UnitID (NCSES-assigned); no HERD era-B row carries this UNITID (NSF-funded institution outside the HERD UNITID set or HERD-side NULL — see backfill offer)
154156,Des Moines U.,Iowa,1971-2023,yes,Des Moines University,native_unitid,FedSupport native IPEDS UnitID (NCSES-assigned); joins HERD era-B on UNITID
154174,Palmer C. Chiropractic,Iowa,1997-2022,yes,"Palmer College of Chiropractic, Davenport",native_unitid,FedSupport native IPEDS UnitID (NCSES-assigned); joins HERD era-B on UNITID
154235,St. Ambrose U.,Iowa,1978-2011,no,,native_unitid,FedSupport native IPEDS UnitID (NCSES-assigned); no HERD era-B row carries this UNITID (NSF-funded institution outside the HERD UNITID set or HERD-side NULL — see backfill offer)
154350,Simpson C.,Iowa,1971-2002,no,,native_unitid,FedSupport native IPEDS UnitID (NCSES-assigned); no HERD era-B row carries this UNITID (NSF-funded institution outside the HERD UNITID set or HERD-side NULL — see backfill offer)
154378,"Southeastern Community C., West Burlington",Iowa,1971-2023,no,,native_unitid,FedSupport native IPEDS UnitID (NCSES-assigned); no HERD era-B row carries this UNITID (NSF-funded institution outside the HERD UNITID set or HERD-side NULL — see backfill offer)
154396,"Southwestern Community C., Creston",Iowa,1991-2012,no,,native_unitid,FedSupport native IPEDS UnitID (NCSES-assigned); no HERD era-B row carries this UNITID (NSF-funded institution outside the HERD UNITID set or HERD-side NULL — see backfill offer)
154493,Upper Iowa U.,Iowa,1993-2021,no,,native_unitid,FedSupport native IPEDS UnitID (NCSES-assigned); no HERD era-B row carries this UNITID (NSF-funded institution outside the HERD UNITID set or HERD-side NULL — see backfill offer)
154518,Waldorf C.,Iowa,1988-2008,no,,native_unitid,FedSupport native IPEDS UnitID (NCSES-assigned); no HERD era-B row carries this UNITID (NSF-funded institution outside the HERD UNITID set or HERD-side NULL — see backfill offer)
154527,Wartburg C.,Iowa,1971-2002,no,,native_unitid,FedSupport native IPEDS UnitID (NCSES-assigned); no HERD era-B row carries this UNITID (NSF-funded institution outside the HERD UNITID set or HERD-side NULL — see backfill offer)
154536,Wartburg Theological Seminary,Iowa,1974-1974,no,,native_unitid,FedSupport native IPEDS UnitID (NCSES-assigned); no HERD era-B row carries this UNITID (NSF-funded institution outside the HERD UNITID set or HERD-side NULL — see backfill offer)
154572,Western Iowa Tech Community C.,Iowa,2009-2010,no,,native_unitid,FedSupport native IPEDS UnitID (NCSES-assigned); no HERD era-B row carries this UNITID (NSF-funded institution outside the HERD UNITID set or HERD-side NULL — see backfill offer)
154590,William Penn U.,Iowa,1993-1993,no,,native_unitid,FedSupport native IPEDS UnitID (NCSES-assigned); no HERD era-B row carries this UNITID (NSF-funded institution outside the HERD UNITID set or HERD-side NULL — see backfill offer)
154688,Baker U.,Kansas,1988-2021,no,,native_unitid,FedSupport native IPEDS UnitID (NCSES-assigned); no HERD era-B row carries this UNITID (NSF-funded institution outside the HERD UNITID set or HERD-side NULL — see backfill offer)
154697,Barton County Community C.,Kansas,1991-2012,no,,native_unitid,FedSupport native IPEDS UnitID (NCSES-assigned); no HERD era-B row carries this UNITID (NSF-funded institution outside the HERD UNITID set or HERD-side NULL — see backfill offer)
154712,Benedictine C.,Kansas,1971-2005,no,,native_unitid,FedSupport native IPEDS UnitID (NCSES-assigned); no HERD era-B row carries this UNITID (NSF-funded institution outside the HERD UNITID set or HERD-side NULL — see backfill offer)
154721,"Bethany C., Lindsborg",Kansas,1971-1995,no,,native_unitid,FedSupport native IPEDS UnitID (NCSES-assigned); no HERD era-B row carries this UNITID (NSF-funded institution outside the HERD UNITID set or HERD-side NULL — see backfill offer)
154749,"Bethel C., North Newton",Kansas,1972-2013,no,,native_unitid,FedSupport native IPEDS UnitID (NCSES-assigned); no HERD era-B row carries this UNITID (NSF-funded institution outside the HERD UNITID set or HERD-side NULL — see backfill offer)
154767,"Brown Mackie C., Lenexa",Kansas,2010-2010,no,,native_unitid,FedSupport native IPEDS UnitID (NCSES-assigned); no HERD era-B row carries this UNITID (NSF-funded institution outside the HERD UNITID set or HERD-side NULL — see backfill offer)
154800,"Butler Community C., El Dorado",Kansas,1989-1997,no,,native_unitid,FedSupport native IPEDS UnitID (NCSES-assigned); no HERD era-B row carries this UNITID (NSF-funded institution outside the HERD UNITID set or HERD-side NULL — see backfill offer)
154907,Cloud County Community C.,Kansas,1998-2011,no,,native_unitid,FedSupport native IPEDS UnitID (NCSES-assigned); no HERD era-B row carries this UNITID (NSF-funded institution outside the HERD UNITID set or HERD-side NULL — see backfill offer)
154934,Colby Community C.,Kansas,1988-2005,no,,native_unitid,FedSupport native IPEDS UnitID (NCSES-assigned); no HERD era-B row carries this UNITID (NSF-funded institution outside the HERD UNITID set or HERD-side NULL — see backfill offer)
154952,Cowley County Community C.,Kansas,1978-1978,no,,native_unitid,FedSupport native IPEDS UnitID (NCSES-assigned); no HERD era-B row carries this UNITID (NSF-funded institution outside the HERD UNITID set or HERD-side NULL — see backfill offer)
154998,Dodge City Community C.,Kansas,1973-1976,no,,native_unitid,FedSupport native IPEDS UnitID (NCSES-assigned); no HERD era-B row carries this UNITID (NSF-funded institution outside the HERD UNITID set or HERD-side NULL — see backfill offer)
155007,Donnelly C.,Kansas,1979-2019,no,,native_unitid,FedSupport native IPEDS UnitID (NCSES-assigned); no HERD era-B row carries this UNITID (NSF-funded institution outside the HERD UNITID set or HERD-side NULL — see backfill offer)
155025,Emporia State U.,Kansas,1971-2017,yes,Emporia State University,native_unitid,FedSupport native IPEDS UnitID (NCSES-assigned); joins HERD era-B on UNITID
155061,Fort Hays State U.,Kansas,1971-2023,yes,Fort Hays State University,native_unitid,FedSupport native IPEDS UnitID (NCSES-assigned); joins HERD era-B on UNITID
155089,Friends U.,Kansas,1971-2001,no,,native_unitid,FedSupport native IPEDS UnitID (NCSES-assigned); no HERD era-B row carries this UNITID (NSF-funded institution outside the HERD UNITID set or HERD-side NULL — see backfill offer)
155098,Fort Scott Community C.,Kansas,1989-1996,no,,native_unitid,FedSupport native IPEDS UnitID (NCSES-assigned); no HERD era-B row carries this UNITID (NSF-funded institution outside the HERD UNITID set or HERD-side NULL — see backfill offer)
155104,Garden City Community C.,Kansas,1995-1997,no,,native_unitid,FedSupport native IPEDS UnitID (NCSES-assigned); no HERD era-B row carries this UNITID (NSF-funded institution outside the HERD UNITID set or HERD-side NULL — see backfill offer)
155140,Haskell Indian Nations U.,Kansas,1976-2017,yes,Haskell Indian Nations University,native_unitid,FedSupport native IPEDS UnitID (NCSES-assigned); joins HERD era-B on UNITID
155177,Hesston C.,Kansas,1978-1978,no,,native_unitid,FedSupport native IPEDS UnitID (NCSES-assigned); no HERD era-B row carries this UNITID (NSF-funded institution outside the HERD UNITID set or HERD-side NULL — see backfill offer)
155186,"Highland Community C., Highland",Kansas,1977-2013,no,,native_unitid,FedSupport native IPEDS UnitID (NCSES-assigned); no HERD era-B row carries this UNITID (NSF-funded institution outside the HERD UNITID set or HERD-side NULL — see backfill offer)
155195,Hutchinson Community C.,Kansas,2004-2004,no,,native_unitid,FedSupport native IPEDS UnitID (NCSES-assigned); no HERD era-B row carries this UNITID (NSF-funded institution outside the HERD UNITID set or HERD-side NULL — see backfill offer)
155201,Independence Community C.,Kansas,1972-2023,no,,native_unitid,FedSupport native IPEDS UnitID (NCSES-assigned); no HERD era-B row carries this UNITID (NSF-funded institution outside the HERD UNITID set or HERD-side NULL — see backfill offer)
155210,Johnson County Community C.,Kansas,1971-2022,no,,native_unitid,FedSupport native IPEDS UnitID (NCSES-assigned); no HERD era-B row carries this UNITID (NSF-funded institution outside the HERD UNITID set or HERD-side NULL — see backfill offer)
155292,Kansas City Kansas Community C.,Kansas,1987-2023,no,,native_unitid,FedSupport native IPEDS UnitID (NCSES-assigned); no HERD era-B row carries this UNITID (NSF-funded institution outside the HERD UNITID set or HERD-side NULL — see backfill offer)
155317,"U. Kansas, Lawrence",Kansas,1971-2023,yes,University of Kansas,native_unitid,FedSupport native IPEDS UnitID (NCSES-assigned); joins HERD era-B on UNITID
155326,"U. Kansas, Lawrence",Kansas,1992-2023,no,,native_unitid,FedSupport native IPEDS UnitID (NCSES-assigned); no HERD era-B row carries this UNITID (NSF-funded institution outside the HERD UNITID set or HERD-side NULL — see backfill offer)
155335,Newman U.,Kansas,1980-2022,no,,native_unitid,FedSupport native IPEDS UnitID (NCSES-assigned); no HERD era-B row carries this UNITID (NSF-funded institution outside the HERD UNITID set or HERD-side NULL — see backfill offer)
155399,Kansas State U.,Kansas,1971-2023,yes,Kansas State University,native_unitid,FedSupport native IPEDS UnitID (NCSES-assigned); joins HERD era-B on UNITID
155405,Kansas State U.,Kansas,1992-1999,no,,native_unitid,FedSupport native IPEDS UnitID (NCSES-assigned); no HERD era-B row carries this UNITID (NSF-funded institution outside the HERD UNITID set or HERD-side NULL — see backfill offer)
155414,Kansas Wesleyan U.,Kansas,1971-1981,no,,native_unitid,FedSupport native IPEDS UnitID (NCSES-assigned); no HERD era-B row carries this UNITID (NSF-funded institution outside the HERD UNITID set or HERD-side NULL — see backfill offer)
155450,Labette Community C.,Kansas,1987-1987,no,,native_unitid,FedSupport native IPEDS UnitID (NCSES-assigned); no HERD era-B row carries this UNITID (NSF-funded institution outside the HERD UNITID set or HERD-side NULL — see backfill offer)
155487,Manhattan Area Technical C.,Kansas,2011-2018,no,,native_unitid,FedSupport native IPEDS UnitID (NCSES-assigned); no HERD era-B row carries this UNITID (NSF-funded institution outside the HERD UNITID set or HERD-side NULL — see backfill offer)
155511,McPherson C.,Kansas,1971-2002,no,,native_unitid,FedSupport native IPEDS UnitID (NCSES-assigned); no HERD era-B row carries this UNITID (NSF-funded institution outside the HERD UNITID set or HERD-side NULL — see backfill offer)
155566,Neosho County Community C.,Kansas,1988-1988,no,,native_unitid,FedSupport native IPEDS UnitID (NCSES-assigned); no HERD era-B row carries this UNITID (NSF-funded institution outside the HERD UNITID set or HERD-side NULL — see backfill offer)
155627,Ottawa U.,Kansas,1972-1987,no,,native_unitid,FedSupport native IPEDS UnitID (NCSES-assigned); no HERD era-B row carries this UNITID (NSF-funded institution outside the HERD UNITID set or HERD-side NULL — see backfill offer)
155681,Pittsburg State U.,Kansas,1971-2023,yes,Pittsburg State University,native_unitid,FedSupport native IPEDS UnitID (NCSES-assigned); joins HERD era-B on UNITID
155715,Pratt Community C.,Kansas,1978-1979,no,,native_unitid,FedSupport native IPEDS UnitID (NCSES-assigned); no HERD era-B row carries this UNITID (NSF-funded institution outside the HERD UNITID set or HERD-side NULL — see backfill offer)
155812,U. Saint Mary,Kansas,1980-2022,no,,native_unitid,FedSupport native IPEDS UnitID (NCSES-assigned); no HERD era-B row carries this UNITID (NSF-funded institution outside the HERD UNITID set or HERD-side NULL — see backfill offer)
155858,Seward County Community C.,Kansas,1971-2019,no,,native_unitid,FedSupport native IPEDS UnitID (NCSES-assigned); no HERD era-B row carries this UNITID (NSF-funded institution outside the HERD UNITID set or HERD-side NULL — see backfill offer)
155900,"Southwestern C., Winfield",Kansas,1971-1997,no,,native_unitid,FedSupport native IPEDS UnitID (NCSES-assigned); no HERD era-B row carries this UNITID (NSF-funded institution outside the HERD UNITID set or HERD-side NULL — see backfill offer)
155937,"Sterling C., Sterling",Kansas,1990-2004,no,,native_unitid,FedSupport native IPEDS UnitID (NCSES-assigned); no HERD era-B row carries this UNITID (NSF-funded institution outside the HERD UNITID set or HERD-side NULL — see backfill offer)
155973,Tabor C.,Kansas,1971-1981,no,,native_unitid,FedSupport native IPEDS UnitID (NCSES-assigned); no HERD era-B row carries this UNITID (NSF-funded institution outside the HERD UNITID set or HERD-side NULL — see backfill offer)
156082,Washburn U.,Kansas,1971-2023,yes,Washburn University,native_unitid,FedSupport native IPEDS UnitID (NCSES-assigned); joins HERD era-B on UNITID
156107,Wichita State U. Campus of Applied Sciences and Technology,Kansas,2016-2023,no,,native_unitid,FedSupport native IPEDS UnitID (NCSES-assigned); no HERD era-B row carries this UNITID (NSF-funded institution outside the HERD UNITID set or HERD-side NULL — see backfill offer)
156125,Wichita State U.,Kansas,1971-2023,yes,Wichita State University,native_unitid,FedSupport native IPEDS UnitID (NCSES-assigned); joins HERD era-B on UNITID
156189,Alice Lloyd C.,Kentucky,1971-1974,no,,native_unitid,FedSupport native IPEDS UnitID (NCSES-assigned); no HERD era-B row carries this UNITID (NSF-funded institution outside the HERD UNITID set or HERD-side NULL — see backfill offer)
156213,Asbury U.,Kentucky,1971-1973,no,,native_unitid,FedSupport native IPEDS UnitID (NCSES-assigned); no HERD era-B row carries this UNITID (NSF-funded institution outside the HERD UNITID set or HERD-side NULL — see backfill offer)
156286,Bellarmine U.,Kentucky,1971-2022,yes,Bellarmine University,native_unitid,FedSupport native IPEDS UnitID (NCSES-assigned); joins HERD era-B on UNITID
156295,Berea C.,Kentucky,1971-2023,yes,Berea College,native_unitid,FedSupport native IPEDS UnitID (NCSES-assigned); joins HERD era-B on UNITID
156338,Southcentral Kentucky Community and Technical C.,Kentucky,2014-2014,no,,native_unitid,FedSupport native IPEDS UnitID (NCSES-assigned); no HERD era-B row carries this UNITID (NSF-funded institution outside the HERD UNITID set or HERD-side NULL — see backfill offer)
156356,Brescia U.,Kentucky,1971-2005,no,,native_unitid,FedSupport native IPEDS UnitID (NCSES-assigned); no HERD era-B row carries this UNITID (NSF-funded institution outside the HERD UNITID set or HERD-side NULL — see backfill offer)
156365,Campbellsville U.,Kentucky,2021-2021,no,,native_unitid,FedSupport native IPEDS UnitID (NCSES-assigned); no HERD era-B row carries this UNITID (NSF-funded institution outside the HERD UNITID set or HERD-side NULL — see backfill offer)
156392,U. Kentucky,Kentucky,2012-2012,no,,native_unitid,FedSupport native IPEDS UnitID (NCSES-assigned); no HERD era-B row carries this UNITID (NSF-funded institution outside the HERD UNITID set or HERD-side NULL — see backfill offer)
156408,Centre C.,Kentucky,1971-2023,yes,Centre College,native_unitid,FedSupport native IPEDS UnitID (NCSES-assigned); joins HERD era-B on UNITID
156541,U. of the Cumberlands,Kentucky,1971-2009,no,,native_unitid,FedSupport native IPEDS UnitID (NCSES-assigned); no HERD era-B row carries this UNITID (NSF-funded institution outside the HERD UNITID set or HERD-side NULL — see backfill offer)
156620,Eastern Kentucky U.,Kentucky,1971-2023,yes,Eastern Kentucky University,native_unitid,FedSupport native IPEDS UnitID (NCSES-assigned); joins HERD era-B on UNITID
156648,U. Kentucky,Kentucky,2007-2007,no,,native_unitid,FedSupport native IPEDS UnitID (NCSES-assigned); no HERD era-B row carries this UNITID (NSF-funded institution outside the HERD UNITID set or HERD-side NULL — see backfill offer)
156727,Frontier Nursing U.,Kentucky,2006-2023,no,,native_unitid,FedSupport native IPEDS UnitID (NCSES-assigned); no HERD era-B row carries this UNITID (NSF-funded institution outside the HERD UNITID set or HERD-side NULL — see backfill offer)
156745,Georgetown C.,Kentucky,1971-2023,no,,native_unitid,FedSupport native IPEDS UnitID (NCSES-assigned); no HERD era-B row carries this UNITID (NSF-funded institution outside the HERD UNITID set or HERD-side NULL — see backfill offer)
156790,U. Kentucky,Kentucky,2010-2012,no,,native_unitid,FedSupport native IPEDS UnitID (NCSES-assigned); no HERD era-B row carries this UNITID (NSF-funded institution outside the HERD UNITID set or HERD-side NULL — see backfill offer)
156851,U. Kentucky,Kentucky,2002-2004,no,,native_unitid,FedSupport native IPEDS UnitID (NCSES-assigned); no HERD era-B row carries this UNITID (NSF-funded institution outside the HERD UNITID set or HERD-side NULL — see backfill offer)
156860,U. Kentucky,Kentucky,1995-1997,no,,native_unitid,FedSupport native IPEDS UnitID (NCSES-assigned); no HERD era-B row carries this UNITID (NSF-funded institution outside the HERD UNITID set or HERD-side NULL — see backfill offer)
157058,Kentucky State U.,Kentucky,1971-2023,yes,Kentucky State University,native_unitid,FedSupport native IPEDS UnitID (NCSES-assigned); joins HERD era-B on UNITID
157076,Kentucky Wesleyan C.,Kentucky,1973-2001,no,,native_unitid,FedSupport native IPEDS UnitID (NCSES-assigned); no HERD era-B row carries this UNITID (NSF-funded institution outside the HERD UNITID set or HERD-side NULL — see backfill offer)
157085,U. Kentucky,Kentucky,1971-2023,yes,University of Kentucky,native_unitid,FedSupport native IPEDS UnitID (NCSES-assigned); joins HERD era-B on UNITID
157100,Kentucky Christian U.,Kentucky,1989-1989,no,,native_unitid,FedSupport native IPEDS UnitID (NCSES-assigned); no HERD era-B row carries this UNITID (NSF-funded institution outside the HERD UNITID set or HERD-side NULL — see backfill offer)
157216,Lindsey Wilson C.,Kentucky,2022-2023,no,,native_unitid,FedSupport native IPEDS UnitID (NCSES-assigned); no HERD era-B row carries this UNITID (NSF-funded institution outside the HERD UNITID set or HERD-side NULL — see backfill offer)
157270,Sullivan C. of Technology and Design,Kentucky,1999-2001,no,,native_unitid,FedSupport native IPEDS UnitID (NCSES-assigned); no HERD era-B row carries this UNITID (NSF-funded institution outside the HERD UNITID set or HERD-side NULL — see backfill offer)
157289,U. Louisville,Kentucky,1971-2023,yes,University of Louisville,native_unitid,FedSupport native IPEDS UnitID (NCSES-assigned); joins HERD era-B on UNITID
157304,U. Kentucky,Kentucky,2003-2016,no,,native_unitid,FedSupport native IPEDS UnitID (NCSES-assigned); no HERD era-B row carries this UNITID (NSF-funded institution outside the HERD UNITID set or HERD-side NULL — see backfill offer)
157377,Midway C.,Kentucky,1998-2001,no,,native_unitid,FedSupport native IPEDS UnitID (NCSES-assigned); no HERD era-B row carries this UNITID (NSF-funded institution outside the HERD UNITID set or HERD-side NULL — see backfill offer)
157386,Morehead State U.,Kentucky,1971-2022,yes,Morehead State University,native_unitid,FedSupport native IPEDS UnitID (NCSES-assigned); joins HERD era-B on UNITID
157401,Murray State U.,Kentucky,1971-2023,yes,Murray State University,native_unitid,FedSupport native IPEDS UnitID (NCSES-assigned); joins HERD era-B on UNITID
157438,Gateway Community and Technical C.,Kentucky,2006-2011,no,,native_unitid,FedSupport native IPEDS UnitID (NCSES-assigned); no HERD era-B row carries this UNITID (NSF-funded institution outside the HERD UNITID set or HERD-side NULL — see backfill offer)
157447,Northern Kentucky U.,Kentucky,1977-2023,yes,Northern Kentucky University,native_unitid,FedSupport native IPEDS UnitID (NCSES-assigned); joins HERD era-B on UNITID
157483,U. Kentucky,Kentucky,2005-2008,no,,native_unitid,FedSupport native IPEDS UnitID (NCSES-assigned); no HERD era-B row carries this UNITID (NSF-funded institution outside the HERD UNITID set or HERD-side NULL — see backfill offer)
157535,U. Pikeville,Kentucky,1971-2023,no,,native_unitid,FedSupport native IPEDS UnitID (NCSES-assigned); no HERD era-B row carries this UNITID (NSF-funded institution outside the HERD UNITID set or HERD-side NULL — see backfill offer)
157632,St. Catharine C.,Kentucky,1978-2008,no,,native_unitid,FedSupport native IPEDS UnitID (NCSES-assigned); no HERD era-B row carries this UNITID (NSF-funded institution outside the HERD UNITID set or HERD-side NULL — see backfill offer)
157757,Spalding U.,Kentucky,1971-2023,no,,native_unitid,FedSupport native IPEDS UnitID (NCSES-assigned); no HERD era-B row carries this UNITID (NSF-funded institution outside the HERD UNITID set or HERD-side NULL — see backfill offer)
157809,Thomas More C.,Kentucky,1971-2004,no,,native_unitid,FedSupport native IPEDS UnitID (NCSES-assigned); no HERD era-B row carries this UNITID (NSF-funded institution outside the HERD UNITID set or HERD-side NULL — see backfill offer)
157818,Transylvania U.,Kentucky,1971-2010,yes,Transylvania University,native_unitid,FedSupport native IPEDS UnitID (NCSES-assigned); joins HERD era-B on UNITID
157854,Kentucky Community and Technical C. System,Kentucky,2001-2023,no,,native_unitid,FedSupport native IPEDS UnitID (NCSES-assigned); no HERD era-B row carries this UNITID (NSF-funded institution outside the HERD UNITID set or HERD-side NULL — see backfill offer)
157863,"Union C., Barbourville",Kentucky,1971-2001,no,,native_unitid,FedSupport native IPEDS UnitID (NCSES-assigned); no HERD era-B row carries this UNITID (NSF-funded institution outside the HERD UNITID set or HERD-side NULL — see backfill offer)
157951,Western Kentucky U.,Kentucky,1971-2023,yes,Western Kentucky University,native_unitid,FedSupport native IPEDS UnitID (NCSES-assigned); joins HERD era-B on UNITID
158477,Centenary C. Louisiana,Louisiana,1971-2011,no,,native_unitid,FedSupport native IPEDS UnitID (NCSES-assigned); no HERD era-B row carries this UNITID (NSF-funded institution outside the HERD UNITID set or HERD-side NULL — see backfill offer)
158662,Delgado Community C.,Louisiana,1971-2016,no,,native_unitid,FedSupport native IPEDS UnitID (NCSES-assigned); no HERD era-B row carries this UNITID (NSF-funded institution outside the HERD UNITID set or HERD-side NULL — see backfill offer)
158802,Dillard U.,Louisiana,1971-2023,yes,Dillard University,native_unitid,FedSupport native IPEDS UnitID (NCSES-assigned); joins HERD era-B on UNITID
158884,Nunez Community C.,Louisiana,1994-1994,no,,native_unitid,FedSupport native IPEDS UnitID (NCSES-assigned); no HERD era-B row carries this UNITID (NSF-funded institution outside the HERD UNITID set or HERD-side NULL — see backfill offer)
159009,Grambling State U.,Louisiana,1971-2021,yes,Grambling State University,native_unitid,FedSupport native IPEDS UnitID (NCSES-assigned); joins HERD era-B on UNITID
159258,"Louisiana Technical C., Jefferson Campus",Louisiana,1999-1999,no,,native_unitid,FedSupport native IPEDS UnitID (NCSES-assigned); no HERD era-B row carries this UNITID (NSF-funded institution outside the HERD UNITID set or HERD-side NULL — see backfill offer)
159373,"Louisiana State U., system office",Louisiana,1992-2023,yes,"Louisiana State University, Health Sciences Center, New Orleans",native_unitid,FedSupport native IPEDS UnitID (NCSES-assigned); joins HERD era-B on UNITID
159382,"Louisiana State U., system office",Louisiana,2020-2021,no,,native_unitid,FedSupport native IPEDS UnitID (NCSES-assigned); no HERD era-B row carries this UNITID (NSF-funded institution outside the HERD UNITID set or HERD-side NULL — see backfill offer)
159391,"Louisiana State U., system office",Louisiana,1992-2023,yes,"Louisiana State University, Baton Rouge",native_unitid,FedSupport native IPEDS UnitID (NCSES-assigned); joins HERD era-B on UNITID
159407,"Louisiana State U., system office",Louisiana,1992-1992,no,,native_unitid,FedSupport native IPEDS UnitID (NCSES-assigned); no HERD era-B row carries this UNITID (NSF-funded institution outside the HERD UNITID set or HERD-side NULL — see backfill offer)
159416,"Louisiana State U., system office",Louisiana,1992-2021,yes,"Louisiana State University, Shreveport",native_unitid,FedSupport native IPEDS UnitID (NCSES-assigned); joins HERD era-B on UNITID
159568,Louisiana C.,Louisiana,1982-2018,no,,native_unitid,FedSupport native IPEDS UnitID (NCSES-assigned); no HERD era-B row carries this UNITID (NSF-funded institution outside the HERD UNITID set or HERD-side NULL — see backfill offer)
159638,"Louisiana State U., system office",Louisiana,1971-2023,no,,native_unitid,FedSupport native IPEDS UnitID (NCSES-assigned); no HERD era-B row carries this UNITID (NSF-funded institution outside the HERD UNITID set or HERD-side NULL — see backfill offer)
159647,Louisiana Tech U.,Louisiana,1971-2023,yes,Louisiana Tech University,native_unitid,FedSupport native IPEDS UnitID (NCSES-assigned); joins HERD era-B on UNITID
159656,"Loyola U., New Orleans",Louisiana,1971-2013,yes,Loyola University New Orleans,native_unitid,FedSupport native IPEDS UnitID (NCSES-assigned); joins HERD era-B on UNITID
159717,McNeese State U.,Louisiana,1971-2014,yes,McNeese State University,native_unitid,FedSupport native IPEDS UnitID (NCSES-assigned); joins HERD era-B on UNITID
159939,U. New Orleans,Louisiana,1992-2023,yes,University of New Orleans,native_unitid,FedSupport native IPEDS UnitID (NCSES-assigned); joins HERD era-B on UNITID
159966,Nicholls State U.,Louisiana,1971-2022,yes,Nicholls State University,native_unitid,FedSupport native IPEDS UnitID (NCSES-assigned); joins HERD era-B on UNITID
159993,"U. Louisiana, Monroe",Louisiana,1971-2023,yes,University of Louisiana at Monroe,native_unitid,FedSupport native IPEDS UnitID (NCSES-assigned); joins HERD era-B on UNITID
160010,Northwest Louisiana Technical Community C.,Louisiana,2019-2019,no,,native_unitid,FedSupport native IPEDS UnitID (NCSES-assigned); no HERD era-B row carries this UNITID (NSF-funded institution outside the HERD UNITID set or HERD-side NULL — see backfill offer)
160038,Northwestern State U. Louisiana,Louisiana,1971-2023,yes,Northwestern State University of Louisiana,native_unitid,FedSupport native IPEDS UnitID (NCSES-assigned); joins HERD era-B on UNITID
160065,U. of Holy Cross,Louisiana,1972-2007,no,,native_unitid,FedSupport native IPEDS UnitID (NCSES-assigned); no HERD era-B row carries this UNITID (NSF-funded institution outside the HERD UNITID set or HERD-side NULL — see backfill offer)
160074,Franciscan Missionaries of Our Lady U.,Louisiana,2009-2023,no,,native_unitid,FedSupport native IPEDS UnitID (NCSES-assigned); no HERD era-B row carries this UNITID (NSF-funded institution outside the HERD UNITID set or HERD-side NULL — see backfill offer)
160533,"Southern U. and A&M C., System Office",Louisiana,1992-2023,no,,native_unitid,FedSupport native IPEDS UnitID (NCSES-assigned); no HERD era-B row carries this UNITID (NSF-funded institution outside the HERD UNITID set or HERD-side NULL — see backfill offer)
160612,Southeastern Louisiana U.,Louisiana,1971-2023,yes,Southeastern Louisiana University,native_unitid,FedSupport native IPEDS UnitID (NCSES-assigned); joins HERD era-B on UNITID
160621,"Southern U. and A&M C., Baton Rouge",Louisiana,1971-2023,yes,"Southern University and A&M College, Baton Rouge",native_unitid,FedSupport native IPEDS UnitID (NCSES-assigned); joins HERD era-B on UNITID
160630,"Southern U. and A&M C., New Orleans",Louisiana,1992-2021,yes,Southern University at New Orleans,native_unitid,FedSupport native IPEDS UnitID (NCSES-assigned); joins HERD era-B on UNITID
160649,"Southern U. and A&M C., System Office",Louisiana,1992-2021,no,,native_unitid,FedSupport native IPEDS UnitID (NCSES-assigned); no HERD era-B row carries this UNITID (NSF-funded institution outside the HERD UNITID set or HERD-side NULL — see backfill offer)
160658,U. Louisiana at Lafayette,Louisiana,1971-2023,yes,University of Louisiana at Lafayette,native_unitid,FedSupport native IPEDS UnitID (NCSES-assigned); joins HERD era-B on UNITID
160667,"Northshore Technical Community C., Greensburg",Louisiana,2008-2008,no,,native_unitid,FedSupport native IPEDS UnitID (NCSES-assigned); no HERD era-B row carries this UNITID (NSF-funded institution outside the HERD UNITID set or HERD-side NULL — see backfill offer)
160755,Tulane U.,Louisiana,1971-2023,yes,Tulane University,native_unitid,FedSupport native IPEDS UnitID (NCSES-assigned); joins HERD era-B on UNITID
160843,"Louisiana Technical C., Lamar Salter Campus",Louisiana,2007-2007,no,,native_unitid,FedSupport native IPEDS UnitID (NCSES-assigned); no HERD era-B row carries this UNITID (NSF-funded institution outside the HERD UNITID set or HERD-side NULL — see backfill offer)
160904,Xavier U. Louisiana,Louisiana,1971-2023,yes,Xavier University of Louisiana,native_unitid,FedSupport native IPEDS UnitID (NCSES-assigned); joins HERD era-B on UNITID
160959,C. of the Atlantic,Maine,1974-2011,no,,native_unitid,FedSupport native IPEDS UnitID (NCSES-assigned); no HERD era-B row carries this UNITID (NSF-funded institution outside the HERD UNITID set or HERD-side NULL — see backfill offer)
160977,Bates C.,Maine,1971-2023,yes,Bates College,native_unitid,FedSupport native IPEDS UnitID (NCSES-assigned); joins HERD era-B on UNITID
161004,Bowdoin C.,Maine,1971-2023,yes,Bowdoin College,native_unitid,FedSupport native IPEDS UnitID (NCSES-assigned); joins HERD era-B on UNITID
161077,Central Maine Community C.,Maine,1996-2015,no,,native_unitid,FedSupport native IPEDS UnitID (NCSES-assigned); no HERD era-B row carries this UNITID (NSF-funded institution outside the HERD UNITID set or HERD-side NULL — see backfill offer)
161086,Colby C.,Maine,1971-2023,yes,Colby College,native_unitid,FedSupport native IPEDS UnitID (NCSES-assigned); joins HERD era-B on UNITID
161138,Eastern Maine Community C.,Maine,1987-1989,no,,native_unitid,FedSupport native IPEDS UnitID (NCSES-assigned); no HERD era-B row carries this UNITID (NSF-funded institution outside the HERD UNITID set or HERD-side NULL — see backfill offer)
161192,Kennebec Valley Community C.,Maine,2002-2022,no,,native_unitid,FedSupport native IPEDS UnitID (NCSES-assigned); no HERD era-B row carries this UNITID (NSF-funded institution outside the HERD UNITID set or HERD-side NULL — see backfill offer)
161217,"U. Maine, Augusta",Maine,1980-2010,yes,University of Maine at Augusta,native_unitid,FedSupport native IPEDS UnitID (NCSES-assigned); joins HERD era-B on UNITID
161226,"U. Maine, The, Farmington",Maine,1971-2023,yes,University of Maine Farmington,native_unitid,FedSupport native IPEDS UnitID (NCSES-assigned); joins HERD era-B on UNITID
161235,"U. Maine, Fort Kent",Maine,1988-2002,no,,native_unitid,FedSupport native IPEDS UnitID (NCSES-assigned); no HERD era-B row carries this UNITID (NSF-funded institution outside the HERD UNITID set or HERD-side NULL — see backfill offer)
161244,"U. Maine, Machias",Maine,1974-2014,yes,University of Maine at Machias,native_unitid,FedSupport native IPEDS UnitID (NCSES-assigned); joins HERD era-B on UNITID
161253,U. Maine,Maine,1971-2023,yes,University of Maine,native_unitid,FedSupport native IPEDS UnitID (NCSES-assigned); joins HERD era-B on UNITID
161280,"U. Maine, System Office",Maine,1972-2023,no,,native_unitid,FedSupport native IPEDS UnitID (NCSES-assigned); no HERD era-B row carries this UNITID (NSF-funded institution outside the HERD UNITID set or HERD-side NULL — see backfill offer)
161299,Maine Maritime Academy,Maine,1971-2023,yes,Maine Maritime Academy,native_unitid,FedSupport native IPEDS UnitID (NCSES-assigned); joins HERD era-B on UNITID
161341,"U. Maine, Presque Isle",Maine,1971-2017,yes,University of Maine at Presque Isle,native_unitid,FedSupport native IPEDS UnitID (NCSES-assigned); joins HERD era-B on UNITID
161457,U. New England,Maine,1971-2023,yes,University of New England,native_unitid,FedSupport native IPEDS UnitID (NCSES-assigned); joins HERD era-B on UNITID
161484,Northern Maine Community C.,Maine,1993-1993,no,,native_unitid,FedSupport native IPEDS UnitID (NCSES-assigned); no HERD era-B row carries this UNITID (NSF-funded institution outside the HERD UNITID set or HERD-side NULL — see backfill offer)
161518,Saint Joseph's C. Maine,Maine,1985-2023,yes,Saint Joseph's College of Maine,native_unitid,FedSupport native IPEDS UnitID (NCSES-assigned); joins HERD era-B on UNITID
161545,Southern Maine Community C.,Maine,1972-1972,no,,native_unitid,FedSupport native IPEDS UnitID (NCSES-assigned); no HERD era-B row carries this UNITID (NSF-funded institution outside the HERD UNITID set or HERD-side NULL — see backfill offer)
161554,U. Southern Maine,Maine,1971-2023,yes,University of Southern Maine,native_unitid,FedSupport native IPEDS UnitID (NCSES-assigned); joins HERD era-B on UNITID
161563,Thomas C.,Maine,1971-1973,no,,native_unitid,FedSupport native IPEDS UnitID (NCSES-assigned); no HERD era-B row carries this UNITID (NSF-funded institution outside the HERD UNITID set or HERD-side NULL — see backfill offer)
161572,Unity C.,Maine,1973-1984,yes,Unity College,native_unitid,FedSupport native IPEDS UnitID (NCSES-assigned); joins HERD era-B on UNITID
161581,Washington County Community C.,Maine,2002-2002,no,,native_unitid,FedSupport native IPEDS UnitID (NCSES-assigned); no HERD era-B row carries this UNITID (NSF-funded institution outside the HERD UNITID set or HERD-side NULL — see backfill offer)
161688,Allegany C. Maryland,Maryland,1972-2011,no,,native_unitid,FedSupport native IPEDS UnitID (NCSES-assigned); no HERD era-B row carries this UNITID (NSF-funded institution outside the HERD UNITID set or HERD-side NULL — see backfill offer)
161767,Anne Arundel Community C.,Maryland,1977-2018,no,,native_unitid,FedSupport native IPEDS UnitID (NCSES-assigned); no HERD era-B row carries this UNITID (NSF-funded institution outside the HERD UNITID set or HERD-side NULL — see backfill offer)
161864,Baltimore City Community C.,Maryland,1971-2014,no,,native_unitid,FedSupport native IPEDS UnitID (NCSES-assigned); no HERD era-B row carries this UNITID (NSF-funded institution outside the HERD UNITID set or HERD-side NULL — see backfill offer)
161873,U. Baltimore,Maryland,1971-2023,yes,University of Baltimore,native_unitid,FedSupport native IPEDS UnitID (NCSES-assigned); joins HERD era-B on UNITID
162007,Bowie State U.,Maryland,1971-2023,yes,Bowie State University,native_unitid,FedSupport native IPEDS UnitID (NCSES-assigned); joins HERD era-B on UNITID
162061,Capitol Technology U.,Maryland,1976-2021,yes,Capitol College,native_unitid,FedSupport native IPEDS UnitID (NCSES-assigned); joins HERD era-B on UNITID
162104,Cecil C.,Maryland,1971-1989,no,,native_unitid,FedSupport native IPEDS UnitID (NCSES-assigned); no HERD era-B row carries this UNITID (NSF-funded institution outside the HERD UNITID set or HERD-side NULL — see backfill offer)
162122,C. Southern Maryland,Maryland,1971-2023,no,,native_unitid,FedSupport native IPEDS UnitID (NCSES-assigned); no HERD era-B row carries this UNITID (NSF-funded institution outside the HERD UNITID set or HERD-side NULL — see backfill offer)
162168,Chesapeake C.,Maryland,1971-2022,no,,native_unitid,FedSupport native IPEDS UnitID (NCSES-assigned); no HERD era-B row carries this UNITID (NSF-funded institution outside the HERD UNITID set or HERD-side NULL — see backfill offer)
162210,Washington Adventist U.,Maryland,1971-1994,no,,native_unitid,FedSupport native IPEDS UnitID (NCSES-assigned); no HERD era-B row carries this UNITID (NSF-funded institution outside the HERD UNITID set or HERD-side NULL — see backfill offer)
162283,Coppin State U.,Maryland,1971-2023,yes,Coppin State University,native_unitid,FedSupport native IPEDS UnitID (NCSES-assigned); joins HERD era-B on UNITID
162557,Frederick Community C.,Maryland,1974-2022,no,,native_unitid,FedSupport native IPEDS UnitID (NCSES-assigned); no HERD era-B row carries this UNITID (NSF-funded institution outside the HERD UNITID set or HERD-side NULL — see backfill offer)
162584,Frostburg State U.,Maryland,1972-2022,yes,Frostburg State University,native_unitid,FedSupport native IPEDS UnitID (NCSES-assigned); joins HERD era-B on UNITID
162609,Garrett C.,Maryland,1993-2011,no,,native_unitid,FedSupport native IPEDS UnitID (NCSES-assigned); no HERD era-B row carries this UNITID (NSF-funded institution outside the HERD UNITID set or HERD-side NULL — see backfill offer)
162654,Goucher C.,Maryland,1971-2017,yes,Goucher College,native_unitid,FedSupport native IPEDS UnitID (NCSES-assigned); joins HERD era-B on UNITID
162690,Hagerstown Community C.,Maryland,1992-2015,no,,native_unitid,FedSupport native IPEDS UnitID (NCSES-assigned); no HERD era-B row carries this UNITID (NSF-funded institution outside the HERD UNITID set or HERD-side NULL — see backfill offer)
162706,Harford Community C.,Maryland,1972-2023,no,,native_unitid,FedSupport native IPEDS UnitID (NCSES-assigned); no HERD era-B row carries this UNITID (NSF-funded institution outside the HERD UNITID set or HERD-side NULL — see backfill offer)
162760,Hood C.,Maryland,1973-2023,no,,native_unitid,FedSupport native IPEDS UnitID (NCSES-assigned); no HERD era-B row carries this UNITID (NSF-funded institution outside the HERD UNITID set or HERD-side NULL — see backfill offer)
162779,Howard Community C.,Maryland,1978-2018,no,,native_unitid,FedSupport native IPEDS UnitID (NCSES-assigned); no HERD era-B row carries this UNITID (NSF-funded institution outside the HERD UNITID set or HERD-side NULL — see backfill offer)
162928,Johns Hopkins U.,Maryland,1971-2023,no,,native_unitid,FedSupport native IPEDS UnitID (NCSES-assigned); no HERD era-B row carries this UNITID (NSF-funded institution outside the HERD UNITID set or HERD-side NULL — see backfill offer)
163046,"Loyola U., Maryland",Maryland,1972-2023,yes,Loyola University Maryland,native_unitid,FedSupport native IPEDS UnitID (NCSES-assigned); joins HERD era-B on UNITID
163204,"U. Maryland, Global Campus",Maryland,1979-2023,no,,native_unitid,FedSupport native IPEDS UnitID (NCSES-assigned); no HERD era-B row carries this UNITID (NSF-funded institution outside the HERD UNITID set or HERD-side NULL — see backfill offer)
163259,"U. Maryland, Baltimore",Maryland,1971-2023,yes,University of Maryland Baltimore,native_unitid,FedSupport native IPEDS UnitID (NCSES-assigned); joins HERD era-B on UNITID
163268,"U. Maryland, Baltimore County",Maryland,1971-2023,yes,"University of Maryland, Baltimore County",native_unitid,FedSupport native IPEDS UnitID (NCSES-assigned); joins HERD era-B on UNITID
163286,"U. Maryland, College Park",Maryland,1971-2023,yes,"University of Maryland, College Park",native_unitid,FedSupport native IPEDS UnitID (NCSES-assigned); joins HERD era-B on UNITID
163295,Maryland Institute C. of Art,Maryland,1995-1995,yes,Maryland Institute College of Art,native_unitid,FedSupport native IPEDS UnitID (NCSES-assigned); joins HERD era-B on UNITID
163338,"U. Maryland, Eastern Shore",Maryland,1971-2023,yes,University of Maryland Eastern Shore,native_unitid,FedSupport native IPEDS UnitID (NCSES-assigned); joins HERD era-B on UNITID
163426,Montgomery C.,Maryland,1971-2023,no,,native_unitid,FedSupport native IPEDS UnitID (NCSES-assigned); no HERD era-B row carries this UNITID (NSF-funded institution outside the HERD UNITID set or HERD-side NULL — see backfill offer)
163453,Morgan State U.,Maryland,1971-2023,yes,Morgan State University,native_unitid,FedSupport native IPEDS UnitID (NCSES-assigned); joins HERD era-B on UNITID
163462,Mount St. Mary's U.,Maryland,1972-2023,no,,native_unitid,FedSupport native IPEDS UnitID (NCSES-assigned); no HERD era-B row carries this UNITID (NSF-funded institution outside the HERD UNITID set or HERD-side NULL — see backfill offer)
163578,Notre Dame of Maryland U.,Maryland,1973-2023,no,,native_unitid,FedSupport native IPEDS UnitID (NCSES-assigned); no HERD era-B row carries this UNITID (NSF-funded institution outside the HERD UNITID set or HERD-side NULL — see backfill offer)
163611,Johns Hopkins U.,Maryland,1971-2021,no,,native_unitid,FedSupport native IPEDS UnitID (NCSES-assigned); no HERD era-B row carries this UNITID (NSF-funded institution outside the HERD UNITID set or HERD-side NULL — see backfill offer)
163657,Prince George's Community C.,Maryland,1973-2021,no,,native_unitid,FedSupport native IPEDS UnitID (NCSES-assigned); no HERD era-B row carries this UNITID (NSF-funded institution outside the HERD UNITID set or HERD-side NULL — see backfill offer)
163842,"St. Mary's Seminary and U., Baltimore",Maryland,2018-2019,no,,native_unitid,FedSupport native IPEDS UnitID (NCSES-assigned); no HERD era-B row carries this UNITID (NSF-funded institution outside the HERD UNITID set or HERD-side NULL — see backfill offer)
163851,Salisbury U.,Maryland,1979-2023,yes,Salisbury University,native_unitid,FedSupport native IPEDS UnitID (NCSES-assigned); joins HERD era-B on UNITID
163912,St. Mary's C. Maryland,Maryland,1971-2023,yes,St. Mary's College of Maryland,native_unitid,FedSupport native IPEDS UnitID (NCSES-assigned); joins HERD era-B on UNITID
163921,Sojourner-Douglass C.,Maryland,1995-2009,yes,Sojourner-Douglass College,native_unitid,FedSupport native IPEDS UnitID (NCSES-assigned); joins HERD era-B on UNITID
163976,St. John's C.,Maryland,1971-2007,no,,native_unitid,FedSupport native IPEDS UnitID (NCSES-assigned); no HERD era-B row carries this UNITID (NSF-funded institution outside the HERD UNITID set or HERD-side NULL — see backfill offer)
164076,Towson U.,Maryland,1972-2023,yes,Towson University,native_unitid,FedSupport native IPEDS UnitID (NCSES-assigned); joins HERD era-B on UNITID
164137,Uniformed Services U. Health Sciences,Maryland,2000-2023,yes,Uniformed Services University of the Health Sciences,native_unitid,FedSupport native IPEDS UnitID (NCSES-assigned); joins HERD era-B on UNITID
164146,U. System Maryland,Maryland,1972-2023,no,,native_unitid,FedSupport native IPEDS UnitID (NCSES-assigned); no HERD era-B row carries this UNITID (NSF-funded institution outside the HERD UNITID set or HERD-side NULL — see backfill offer)
164155,U.S. Naval Academy,Maryland,1998-2023,yes,United States Naval Academy,native_unitid,FedSupport native IPEDS UnitID (NCSES-assigned); joins HERD era-B on UNITID
164173,Stevenson U.,Maryland,1976-2016,no,,native_unitid,FedSupport native IPEDS UnitID (NCSES-assigned); no HERD era-B row carries this UNITID (NSF-funded institution outside the HERD UNITID set or HERD-side NULL — see backfill offer)
164216,Washington C.,Maryland,1972-2018,no,,native_unitid,FedSupport native IPEDS UnitID (NCSES-assigned); no HERD era-B row carries this UNITID (NSF-funded institution outside the HERD UNITID set or HERD-side NULL — see backfill offer)
164270,McDaniel C.,Maryland,1971-2023,no,,native_unitid,FedSupport native IPEDS UnitID (NCSES-assigned); no HERD era-B row carries this UNITID (NSF-funded institution outside the HERD UNITID set or HERD-side NULL — see backfill offer)
164447,American International C.,Massachusetts,1971-2015,no,,native_unitid,FedSupport native IPEDS UnitID (NCSES-assigned); no HERD era-B row carries this UNITID (NSF-funded institution outside the HERD UNITID set or HERD-side NULL — see backfill offer)
164465,Amherst C.,Massachusetts,1971-2023,yes,Amherst College,native_unitid,FedSupport native IPEDS UnitID (NCSES-assigned); joins HERD era-B on UNITID
164492,Anna Maria C.,Massachusetts,1991-2022,no,,native_unitid,FedSupport native IPEDS UnitID (NCSES-assigned); no HERD era-B row carries this UNITID (NSF-funded institution outside the HERD UNITID set or HERD-side NULL — see backfill offer)
164562,Assumption C.,Massachusetts,1971-2022,no,,native_unitid,FedSupport native IPEDS UnitID (NCSES-assigned); no HERD era-B row carries this UNITID (NSF-funded institution outside the HERD UNITID set or HERD-side NULL — see backfill offer)
164571,Atlantic Union C.,Massachusetts,1971-1974,no,,native_unitid,FedSupport native IPEDS UnitID (NCSES-assigned); no HERD era-B row carries this UNITID (NSF-funded institution outside the HERD UNITID set or HERD-side NULL — see backfill offer)
164580,Babson C.,Massachusetts,1982-2023,yes,Babson College,native_unitid,FedSupport native IPEDS UnitID (NCSES-assigned); joins HERD era-B on UNITID
164632,Bay Path U.,Massachusetts,1977-2023,no,,native_unitid,FedSupport native IPEDS UnitID (NCSES-assigned); no HERD era-B row carries this UNITID (NSF-funded institution outside the HERD UNITID set or HERD-side NULL — see backfill offer)
164720,"Becker C., Worcester",Massachusetts,2011-2011,no,,native_unitid,FedSupport native IPEDS UnitID (NCSES-assigned); no HERD era-B row carries this UNITID (NSF-funded institution outside the HERD UNITID set or HERD-side NULL — see backfill offer)
164739,Bentley U.,Massachusetts,1972-2023,yes,Bentley University,native_unitid,FedSupport native IPEDS UnitID (NCSES-assigned); joins HERD era-B on UNITID
164748,Berklee C. of Music,Massachusetts,1973-2002,no,,native_unitid,FedSupport native IPEDS UnitID (NCSES-assigned); no HERD era-B row carries this UNITID (NSF-funded institution outside the HERD UNITID set or HERD-side NULL — see backfill offer)
164775,Berkshire Community C.,Massachusetts,1974-2023,no,,native_unitid,FedSupport native IPEDS UnitID (NCSES-assigned); no HERD era-B row carries this UNITID (NSF-funded institution outside the HERD UNITID set or HERD-side NULL — see backfill offer)
164872,Boston Architectural C.,Massachusetts,1972-2010,no,,native_unitid,FedSupport native IPEDS UnitID (NCSES-assigned); no HERD era-B row carries this UNITID (NSF-funded institution outside the HERD UNITID set or HERD-side NULL — see backfill offer)
164924,Boston C.,Massachusetts,1971-2023,yes,Boston College,native_unitid,FedSupport native IPEDS UnitID (NCSES-assigned); joins HERD era-B on UNITID
164988,Boston U.,Massachusetts,1971-2023,yes,Boston University,native_unitid,FedSupport native IPEDS UnitID (NCSES-assigned); joins HERD era-B on UNITID
165015,Brandeis U.,Massachusetts,1971-2023,yes,Brandeis University,native_unitid,FedSupport native IPEDS UnitID (NCSES-assigned); joins HERD era-B on UNITID
165024,Bridgewater State U.,Massachusetts,1971-2023,yes,Bridgewater State University,native_unitid,FedSupport native IPEDS UnitID (NCSES-assigned); joins HERD era-B on UNITID
165033,Bristol Community C.,Massachusetts,1972-2016,no,,native_unitid,FedSupport native IPEDS UnitID (NCSES-assigned); no HERD era-B row carries this UNITID (NSF-funded institution outside the HERD UNITID set or HERD-side NULL — see backfill offer)
165112,Bunker Hill Community C.,Massachusetts,1978-2019,no,,native_unitid,FedSupport native IPEDS UnitID (NCSES-assigned); no HERD era-B row carries this UNITID (NSF-funded institution outside the HERD UNITID set or HERD-side NULL — see backfill offer)
165167,"Cambridge C. (Cambridge, Massachusetts)",Massachusetts,1995-1999,no,,native_unitid,FedSupport native IPEDS UnitID (NCSES-assigned); no HERD era-B row carries this UNITID (NSF-funded institution outside the HERD UNITID set or HERD-side NULL — see backfill offer)
165194,Cape Cod Community C.,Massachusetts,1997-2023,no,,native_unitid,FedSupport native IPEDS UnitID (NCSES-assigned); no HERD era-B row carries this UNITID (NSF-funded institution outside the HERD UNITID set or HERD-side NULL — see backfill offer)
165334,Clark U.,Massachusetts,1971-2023,yes,Clark University,native_unitid,FedSupport native IPEDS UnitID (NCSES-assigned); joins HERD era-B on UNITID
165529,Curry C.,Massachusetts,1978-2023,no,,native_unitid,FedSupport native IPEDS UnitID (NCSES-assigned); no HERD era-B row carries this UNITID (NSF-funded institution outside the HERD UNITID set or HERD-side NULL — see backfill offer)
165574,Dean C.,Massachusetts,1971-1971,no,,native_unitid,FedSupport native IPEDS UnitID (NCSES-assigned); no HERD era-B row carries this UNITID (NSF-funded institution outside the HERD UNITID set or HERD-side NULL — see backfill offer)
165644,Eastern Nazarene C.,Massachusetts,1971-1983,no,,native_unitid,FedSupport native IPEDS UnitID (NCSES-assigned); no HERD era-B row carries this UNITID (NSF-funded institution outside the HERD UNITID set or HERD-side NULL — see backfill offer)
165662,Emerson C.,Massachusetts,1971-2023,yes,Emerson College,native_unitid,FedSupport native IPEDS UnitID (NCSES-assigned); joins HERD era-B on UNITID
165671,"Emmanuel C., Boston",Massachusetts,1971-2023,no,,native_unitid,FedSupport native IPEDS UnitID (NCSES-assigned); no HERD era-B row carries this UNITID (NSF-funded institution outside the HERD UNITID set or HERD-side NULL — see backfill offer)
165699,Endicott C.,Massachusetts,1991-2023,no,,native_unitid,FedSupport native IPEDS UnitID (NCSES-assigned); no HERD era-B row carries this UNITID (NSF-funded institution outside the HERD UNITID set or HERD-side NULL — see backfill offer)
165705,Episcopal Divinity School,Massachusetts,1971-1974,no,,native_unitid,FedSupport native IPEDS UnitID (NCSES-assigned); no HERD era-B row carries this UNITID (NSF-funded institution outside the HERD UNITID set or HERD-side NULL — see backfill offer)
165820,Fitchburg State U.,Massachusetts,1971-2023,yes,Fitchburg State University,native_unitid,FedSupport native IPEDS UnitID (NCSES-assigned); joins HERD era-B on UNITID
165866,Framingham State U.,Massachusetts,1971-2023,yes,Framingham State University,native_unitid,FedSupport native IPEDS UnitID (NCSES-assigned); joins HERD era-B on UNITID
165884,Benjamin Franklin Cummings Institute of Technology,Massachusetts,1979-2023,no,,native_unitid,FedSupport native IPEDS UnitID (NCSES-assigned); no HERD era-B row carries this UNITID (NSF-funded institution outside the HERD UNITID set or HERD-side NULL — see backfill offer)
165936,Gordon C.,Massachusetts,1972-2019,yes,Gordon College,native_unitid,FedSupport native IPEDS UnitID (NCSES-assigned); joins HERD era-B on UNITID
165945,Gordon-Conwell Theological Seminary,Massachusetts,2002-2003,no,,native_unitid,FedSupport native IPEDS UnitID (NCSES-assigned); no HERD era-B row carries this UNITID (NSF-funded institution outside the HERD UNITID set or HERD-side NULL — see backfill offer)
165981,Greenfield Community C.,Massachusetts,1971-2019,no,,native_unitid,FedSupport native IPEDS UnitID (NCSES-assigned); no HERD era-B row carries this UNITID (NSF-funded institution outside the HERD UNITID set or HERD-side NULL — see backfill offer)
166018,Hampshire C.,Massachusetts,1971-2019,yes,Hampshire College,native_unitid,FedSupport native IPEDS UnitID (NCSES-assigned); joins HERD era-B on UNITID
166027,Harvard U.,Massachusetts,1971-2023,yes,Harvard University,native_unitid,FedSupport native IPEDS UnitID (NCSES-assigned); joins HERD era-B on UNITID
166054,Hellenic C. and Holy Cross Greek Orthodox School of Theology,Massachusetts,1979-1991,no,,native_unitid,FedSupport native IPEDS UnitID (NCSES-assigned); no HERD era-B row carries this UNITID (NSF-funded institution outside the HERD UNITID set or HERD-side NULL — see backfill offer)
166124,C. Holy Cross,Massachusetts,1971-2023,yes,College of the Holy Cross,native_unitid,FedSupport native IPEDS UnitID (NCSES-assigned); joins HERD era-B on UNITID
166133,Holyoke Community C.,Massachusetts,1989-2023,no,,native_unitid,FedSupport native IPEDS UnitID (NCSES-assigned); no HERD era-B row carries this UNITID (NSF-funded institution outside the HERD UNITID set or HERD-side NULL — see backfill offer)
166391,Lasell C.,Massachusetts,1991-2009,yes,Lasell College,native_unitid,FedSupport native IPEDS UnitID (NCSES-assigned); joins HERD era-B on UNITID
166452,Lesley U.,Massachusetts,1971-2021,yes,Lesley University,native_unitid,FedSupport native IPEDS UnitID (NCSES-assigned); joins HERD era-B on UNITID
166513,"U. Massachusetts, Lowell",Massachusetts,1975-2023,yes,University of Massachusetts Lowell,native_unitid,FedSupport native IPEDS UnitID (NCSES-assigned); joins HERD era-B on UNITID
166531,Massachusetts Board of Higher Education,Massachusetts,2008-2008,no,,native_unitid,FedSupport native IPEDS UnitID (NCSES-assigned); no HERD era-B row carries this UNITID (NSF-funded institution outside the HERD UNITID set or HERD-side NULL — see backfill offer)
166610,Woods Hole Oceanographic Institution,Massachusetts,1971-2023,yes,Woods Hole Oceanographic Institution,native_unitid,FedSupport native IPEDS UnitID (NCSES-assigned); joins HERD era-B on UNITID
166629,"U. Massachusetts, Amherst",Massachusetts,1971-2023,yes,University of Massachusetts Amherst,native_unitid,FedSupport native IPEDS UnitID (NCSES-assigned); joins HERD era-B on UNITID
166638,"U. Massachusetts, Boston",Massachusetts,1971-2023,yes,University of Massachusetts Boston,native_unitid,FedSupport native IPEDS UnitID (NCSES-assigned); joins HERD era-B on UNITID
166647,Massachusetts Bay Community C.,Massachusetts,1989-2021,no,,native_unitid,FedSupport native IPEDS UnitID (NCSES-assigned); no HERD era-B row carries this UNITID (NSF-funded institution outside the HERD UNITID set or HERD-side NULL — see backfill offer)
166656,Massachusetts C. Pharmacy and Health Sciences,Massachusetts,1971-2022,yes,Massachusetts College of Pharmacy and Health Sciences,native_unitid,FedSupport native IPEDS UnitID (NCSES-assigned); joins HERD era-B on UNITID
166665,"U. Massachusetts, Central Office",Massachusetts,1973-2023,yes,University of Massachusetts central office,native_unitid,FedSupport native IPEDS UnitID (NCSES-assigned); joins HERD era-B on UNITID
166683,Massachusetts Institute of Technology,Massachusetts,1971-2023,yes,Massachusetts Institute of Technology,native_unitid,FedSupport native IPEDS UnitID (NCSES-assigned); joins HERD era-B on UNITID
166692,Massachusetts Maritime Academy,Massachusetts,1974-2023,no,,native_unitid,FedSupport native IPEDS UnitID (NCSES-assigned); no HERD era-B row carries this UNITID (NSF-funded institution outside the HERD UNITID set or HERD-side NULL — see backfill offer)
166708,"U. Massachusetts, Medical School",Massachusetts,1971-2023,yes,University of Massachusetts Medical School,native_unitid,FedSupport native IPEDS UnitID (NCSES-assigned); joins HERD era-B on UNITID
166823,Massasoit Community C.,Massachusetts,1972-2012,no,,native_unitid,FedSupport native IPEDS UnitID (NCSES-assigned); no HERD era-B row carries this UNITID (NSF-funded institution outside the HERD UNITID set or HERD-side NULL — see backfill offer)
166850,Merrimack C.,Massachusetts,1971-2023,yes,Merrimack College,native_unitid,FedSupport native IPEDS UnitID (NCSES-assigned); joins HERD era-B on UNITID
166869,MGH Institute of Health Professions,Massachusetts,2010-2023,yes,MGH Institute of Health Professions,native_unitid,FedSupport native IPEDS UnitID (NCSES-assigned); joins HERD era-B on UNITID
166887,Middlesex Community C.,Massachusetts,1972-2008,no,,native_unitid,FedSupport native IPEDS UnitID (NCSES-assigned); no HERD era-B row carries this UNITID (NSF-funded institution outside the HERD UNITID set or HERD-side NULL — see backfill offer)
166939,Mount Holyoke C.,Massachusetts,1971-2023,yes,Mount Holyoke College,native_unitid,FedSupport native IPEDS UnitID (NCSES-assigned); joins HERD era-B on UNITID
166948,Mount Ida C.,Massachusetts,2005-2005,no,,native_unitid,FedSupport native IPEDS UnitID (NCSES-assigned); no HERD era-B row carries this UNITID (NSF-funded institution outside the HERD UNITID set or HERD-side NULL — see backfill offer)
166957,Mount Wachusett Community C.,Massachusetts,1971-2023,no,,native_unitid,FedSupport native IPEDS UnitID (NCSES-assigned); no HERD era-B row carries this UNITID (NSF-funded institution outside the HERD UNITID set or HERD-side NULL — see backfill offer)
167093,"New England C. Optometry, The",Massachusetts,1971-2023,yes,"New England College of Optometry, The",native_unitid,FedSupport native IPEDS UnitID (NCSES-assigned); joins HERD era-B on UNITID
167181,New England School of Acupuncture,Massachusetts,2006-2015,yes,New England School of Acupuncture,native_unitid,FedSupport native IPEDS UnitID (NCSES-assigned); joins HERD era-B on UNITID
167215,"New England Law, Boston",Massachusetts,1978-1990,no,,native_unitid,FedSupport native IPEDS UnitID (NCSES-assigned); no HERD era-B row carries this UNITID (NSF-funded institution outside the HERD UNITID set or HERD-side NULL — see backfill offer)
167251,Newbury C.,Massachusetts,1992-1992,no,,native_unitid,FedSupport native IPEDS UnitID (NCSES-assigned); no HERD era-B row carries this UNITID (NSF-funded institution outside the HERD UNITID set or HERD-side NULL — see backfill offer)
167260,Nichols C.,Massachusetts,1975-1975,no,,native_unitid,FedSupport native IPEDS UnitID (NCSES-assigned); no HERD era-B row carries this UNITID (NSF-funded institution outside the HERD UNITID set or HERD-side NULL — see backfill offer)
167288,Massachusetts C. of Liberal Arts,Massachusetts,1991-2014,no,,native_unitid,FedSupport native IPEDS UnitID (NCSES-assigned); no HERD era-B row carries this UNITID (NSF-funded institution outside the HERD UNITID set or HERD-side NULL — see backfill offer)
167312,North Shore Community C.,Massachusetts,1971-2023,no,,native_unitid,FedSupport native IPEDS UnitID (NCSES-assigned); no HERD era-B row carries this UNITID (NSF-funded institution outside the HERD UNITID set or HERD-side NULL — see backfill offer)
167358,Northeastern U.,Massachusetts,1971-2023,yes,Northeastern University,native_unitid,FedSupport native IPEDS UnitID (NCSES-assigned); joins HERD era-B on UNITID
167376,Northern Essex Community C.,Massachusetts,1973-2008,no,,native_unitid,FedSupport native IPEDS UnitID (NCSES-assigned); no HERD era-B row carries this UNITID (NSF-funded institution outside the HERD UNITID set or HERD-side NULL — see backfill offer)
167394,Elms C.,Massachusetts,1971-2022,no,,native_unitid,FedSupport native IPEDS UnitID (NCSES-assigned); no HERD era-B row carries this UNITID (NSF-funded institution outside the HERD UNITID set or HERD-side NULL — see backfill offer)
167455,Pine Manor C.,Massachusetts,2013-2019,no,,native_unitid,FedSupport native IPEDS UnitID (NCSES-assigned); no HERD era-B row carries this UNITID (NSF-funded institution outside the HERD UNITID set or HERD-side NULL — see backfill offer)
167525,Quincy C.,Massachusetts,2019-2019,no,,native_unitid,FedSupport native IPEDS UnitID (NCSES-assigned); no HERD era-B row carries this UNITID (NSF-funded institution outside the HERD UNITID set or HERD-side NULL — see backfill offer)
167534,Quinsigamond Community C.,Massachusetts,1975-2020,no,,native_unitid,FedSupport native IPEDS UnitID (NCSES-assigned); no HERD era-B row carries this UNITID (NSF-funded institution outside the HERD UNITID set or HERD-side NULL — see backfill offer)
167598,Regis C.,Massachusetts,1971-2018,no,,native_unitid,FedSupport native IPEDS UnitID (NCSES-assigned); no HERD era-B row carries this UNITID (NSF-funded institution outside the HERD UNITID set or HERD-side NULL — see backfill offer)
167631,Roxbury Community C.,Massachusetts,1994-2010,no,,native_unitid,FedSupport native IPEDS UnitID (NCSES-assigned); no HERD era-B row carries this UNITID (NSF-funded institution outside the HERD UNITID set or HERD-side NULL — see backfill offer)
167729,Salem State U.,Massachusetts,1971-2023,no,,native_unitid,FedSupport native IPEDS UnitID (NCSES-assigned); no HERD era-B row carries this UNITID (NSF-funded institution outside the HERD UNITID set or HERD-side NULL — see backfill offer)
167783,Simmons U.,Massachusetts,1971-2023,yes,Simmons College,native_unitid,FedSupport native IPEDS UnitID (NCSES-assigned); joins HERD era-B on UNITID
167792,Bard C. at Simon's Rock,Massachusetts,1974-2021,no,,native_unitid,FedSupport native IPEDS UnitID (NCSES-assigned); no HERD era-B row carries this UNITID (NSF-funded institution outside the HERD UNITID set or HERD-side NULL — see backfill offer)
167835,Smith C.,Massachusetts,1971-2023,yes,Smith College,native_unitid,FedSupport native IPEDS UnitID (NCSES-assigned); joins HERD era-B on UNITID
167899,Springfield C.,Massachusetts,1971-2023,no,,native_unitid,FedSupport native IPEDS UnitID (NCSES-assigned); no HERD era-B row carries this UNITID (NSF-funded institution outside the HERD UNITID set or HERD-side NULL — see backfill offer)
167905,Springfield Technical Community C.,Massachusetts,1971-2021,no,,native_unitid,FedSupport native IPEDS UnitID (NCSES-assigned); no HERD era-B row carries this UNITID (NSF-funded institution outside the HERD UNITID set or HERD-side NULL — see backfill offer)
167987,"U. Massachusetts, Dartmouth",Massachusetts,1971-2023,yes,University of Massachusetts Dartmouth,native_unitid,FedSupport native IPEDS UnitID (NCSES-assigned); joins HERD era-B on UNITID
167996,Stonehill C.,Massachusetts,1971-2021,yes,Stonehill College,native_unitid,FedSupport native IPEDS UnitID (NCSES-assigned); joins HERD era-B on UNITID
168005,Suffolk U.,Massachusetts,1971-2023,yes,Suffolk University,native_unitid,FedSupport native IPEDS UnitID (NCSES-assigned); joins HERD era-B on UNITID
168148,Tufts U.,Massachusetts,1971-2023,yes,Tufts University,native_unitid,FedSupport native IPEDS UnitID (NCSES-assigned); joins HERD era-B on UNITID
168218,Wellesley C.,Massachusetts,1971-2023,yes,Wellesley College,native_unitid,FedSupport native IPEDS UnitID (NCSES-assigned); joins HERD era-B on UNITID
168227,Wentworth Institute of Technology,Massachusetts,2012-2018,no,,native_unitid,FedSupport native IPEDS UnitID (NCSES-assigned); no HERD era-B row carries this UNITID (NSF-funded institution outside the HERD UNITID set or HERD-side NULL — see backfill offer)
168254,Western New England U.,Massachusetts,1971-2023,yes,Western New England University,native_unitid,FedSupport native IPEDS UnitID (NCSES-assigned); joins HERD era-B on UNITID
168263,Westfield State U.,Massachusetts,1971-2023,no,,native_unitid,FedSupport native IPEDS UnitID (NCSES-assigned); no HERD era-B row carries this UNITID (NSF-funded institution outside the HERD UNITID set or HERD-side NULL — see backfill offer)
168281,"Wheaton C., Norton",Massachusetts,1971-2013,yes,"Wheaton College, Norton",native_unitid,FedSupport native IPEDS UnitID (NCSES-assigned); joins HERD era-B on UNITID
168290,Wheelock C.,Massachusetts,1980-2010,no,,native_unitid,FedSupport native IPEDS UnitID (NCSES-assigned); no HERD era-B row carries this UNITID (NSF-funded institution outside the HERD UNITID set or HERD-side NULL — see backfill offer)
168342,"Williams C., Williamstown",Massachusetts,1971-2023,yes,Williams College,native_unitid,FedSupport native IPEDS UnitID (NCSES-assigned); joins HERD era-B on UNITID
168421,Worcester Polytechnic Institute,Massachusetts,1971-2023,yes,Worcester Polytechnic Institute,native_unitid,FedSupport native IPEDS UnitID (NCSES-assigned); joins HERD era-B on UNITID
168430,Worcester State U.,Massachusetts,1974-2023,no,,native_unitid,FedSupport native IPEDS UnitID (NCSES-assigned); no HERD era-B row carries this UNITID (NSF-funded institution outside the HERD UNITID set or HERD-side NULL — see backfill offer)
168528,Adrian C.,Michigan,1971-2004,no,,native_unitid,FedSupport native IPEDS UnitID (NCSES-assigned); no HERD era-B row carries this UNITID (NSF-funded institution outside the HERD UNITID set or HERD-side NULL — see backfill offer)
168546,Albion C.,Michigan,1971-2021,yes,Albion College,native_unitid,FedSupport native IPEDS UnitID (NCSES-assigned); joins HERD era-B on UNITID
168591,Alma C.,Michigan,1971-2022,no,,native_unitid,FedSupport native IPEDS UnitID (NCSES-assigned); no HERD era-B row carries this UNITID (NSF-funded institution outside the HERD UNITID set or HERD-side NULL — see backfill offer)
168607,Alpena Community C.,Michigan,1971-1998,no,,native_unitid,FedSupport native IPEDS UnitID (NCSES-assigned); no HERD era-B row carries this UNITID (NSF-funded institution outside the HERD UNITID set or HERD-side NULL — see backfill offer)
168740,Andrews U.,Michigan,1971-2023,yes,Andrews University,native_unitid,FedSupport native IPEDS UnitID (NCSES-assigned); joins HERD era-B on UNITID
168786,"Aquinas C., Grand Rapids",Michigan,1984-1994,no,,native_unitid,FedSupport native IPEDS UnitID (NCSES-assigned); no HERD era-B row carries this UNITID (NSF-funded institution outside the HERD UNITID set or HERD-side NULL — see backfill offer)
168847,"Baker C., Flint",Michigan,2013-2017,no,,native_unitid,FedSupport native IPEDS UnitID (NCSES-assigned); no HERD era-B row carries this UNITID (NSF-funded institution outside the HERD UNITID set or HERD-side NULL — see backfill offer)
168883,Bay C.,Michigan,1992-2006,no,,native_unitid,FedSupport native IPEDS UnitID (NCSES-assigned); no HERD era-B row carries this UNITID (NSF-funded institution outside the HERD UNITID set or HERD-side NULL — see backfill offer)
169080,Calvin U.,Michigan,1971-2023,yes,Calvin College,native_unitid,FedSupport native IPEDS UnitID (NCSES-assigned); joins HERD era-B on UNITID
169248,Central Michigan U.,Michigan,1971-2023,yes,Central Michigan University,native_unitid,FedSupport native IPEDS UnitID (NCSES-assigned); joins HERD era-B on UNITID
169275,Mott Community C.,Michigan,1971-2014,no,,native_unitid,FedSupport native IPEDS UnitID (NCSES-assigned); no HERD era-B row carries this UNITID (NSF-funded institution outside the HERD UNITID set or HERD-side NULL — see backfill offer)
169327,Cleary U.,Michigan,2009-2010,no,,native_unitid,FedSupport native IPEDS UnitID (NCSES-assigned); no HERD era-B row carries this UNITID (NSF-funded institution outside the HERD UNITID set or HERD-side NULL — see backfill offer)
169363,"Concordia U., Ann Arbor",Michigan,1979-2023,no,,native_unitid,FedSupport native IPEDS UnitID (NCSES-assigned); no HERD era-B row carries this UNITID (NSF-funded institution outside the HERD UNITID set or HERD-side NULL — see backfill offer)
169424,Cranbrook Academy of Art,Michigan,1993-1999,no,,native_unitid,FedSupport native IPEDS UnitID (NCSES-assigned); no HERD era-B row carries this UNITID (NSF-funded institution outside the HERD UNITID set or HERD-side NULL — see backfill offer)
169479,Davenport U.,Michigan,1994-2023,no,,native_unitid,FedSupport native IPEDS UnitID (NCSES-assigned); no HERD era-B row carries this UNITID (NSF-funded institution outside the HERD UNITID set or HERD-side NULL — see backfill offer)
169521,Delta C.,Michigan,1971-1995,no,,native_unitid,FedSupport native IPEDS UnitID (NCSES-assigned); no HERD era-B row carries this UNITID (NSF-funded institution outside the HERD UNITID set or HERD-side NULL — see backfill offer)
169628,Michigan State U.,Michigan,2013-2013,no,,native_unitid,FedSupport native IPEDS UnitID (NCSES-assigned); no HERD era-B row carries this UNITID (NSF-funded institution outside the HERD UNITID set or HERD-side NULL — see backfill offer)
169716,U. Detroit Mercy,Michigan,1971-2023,yes,University of Detroit Mercy,native_unitid,FedSupport native IPEDS UnitID (NCSES-assigned); joins HERD era-B on UNITID
169798,Eastern Michigan U.,Michigan,1971-2023,yes,Eastern Michigan University,native_unitid,FedSupport native IPEDS UnitID (NCSES-assigned); joins HERD era-B on UNITID
169910,Ferris State U.,Michigan,1971-2023,yes,Ferris State University,native_unitid,FedSupport native IPEDS UnitID (NCSES-assigned); joins HERD era-B on UNITID
169974,Glen Oaks Community C.,Michigan,1992-2008,no,,native_unitid,FedSupport native IPEDS UnitID (NCSES-assigned); no HERD era-B row carries this UNITID (NSF-funded institution outside the HERD UNITID set or HERD-side NULL — see backfill offer)
169983,Kettering U.,Michigan,1987-2023,yes,Kettering University,native_unitid,FedSupport native IPEDS UnitID (NCSES-assigned); joins HERD era-B on UNITID
169992,Gogebic Community C.,Michigan,1972-2010,no,,native_unitid,FedSupport native IPEDS UnitID (NCSES-assigned); no HERD era-B row carries this UNITID (NSF-funded institution outside the HERD UNITID set or HERD-side NULL — see backfill offer)
170055,Grand Rapids Community C.,Michigan,1971-2022,no,,native_unitid,FedSupport native IPEDS UnitID (NCSES-assigned); no HERD era-B row carries this UNITID (NSF-funded institution outside the HERD UNITID set or HERD-side NULL — see backfill offer)
170082,Grand Valley State U.,Michigan,1971-2023,yes,Grand Valley State University,native_unitid,FedSupport native IPEDS UnitID (NCSES-assigned); joins HERD era-B on UNITID
170240,Henry Ford C.,Michigan,1973-2004,no,,native_unitid,FedSupport native IPEDS UnitID (NCSES-assigned); no HERD era-B row carries this UNITID (NSF-funded institution outside the HERD UNITID set or HERD-side NULL — see backfill offer)
170301,Hope C.,Michigan,1971-2023,yes,Hope College,native_unitid,FedSupport native IPEDS UnitID (NCSES-assigned); joins HERD era-B on UNITID
170532,Kalamazoo C.,Michigan,1971-2023,yes,Kalamazoo College,native_unitid,FedSupport native IPEDS UnitID (NCSES-assigned); joins HERD era-B on UNITID
170541,Kalamazoo Valley Community C.,Michigan,1977-1989,no,,native_unitid,FedSupport native IPEDS UnitID (NCSES-assigned); no HERD era-B row carries this UNITID (NSF-funded institution outside the HERD UNITID set or HERD-side NULL — see backfill offer)
170550,Kellogg Community C.,Michigan,1996-1996,no,,native_unitid,FedSupport native IPEDS UnitID (NCSES-assigned); no HERD era-B row carries this UNITID (NSF-funded institution outside the HERD UNITID set or HERD-side NULL — see backfill offer)
170587,Kirtland Community C.,Michigan,1978-1995,no,,native_unitid,FedSupport native IPEDS UnitID (NCSES-assigned); no HERD era-B row carries this UNITID (NSF-funded institution outside the HERD UNITID set or HERD-side NULL — see backfill offer)
170620,Lake Michigan C.,Michigan,1971-2005,no,,native_unitid,FedSupport native IPEDS UnitID (NCSES-assigned); no HERD era-B row carries this UNITID (NSF-funded institution outside the HERD UNITID set or HERD-side NULL — see backfill offer)
170639,Lake Superior State U.,Michigan,1972-2023,yes,Lake Superior State University,native_unitid,FedSupport native IPEDS UnitID (NCSES-assigned); joins HERD era-B on UNITID
170657,Lansing Community C.,Michigan,1972-2013,no,,native_unitid,FedSupport native IPEDS UnitID (NCSES-assigned); no HERD era-B row carries this UNITID (NSF-funded institution outside the HERD UNITID set or HERD-side NULL — see backfill offer)
170675,Lawrence Technological U.,Michigan,1973-2023,yes,Lawrence Technological University,native_unitid,FedSupport native IPEDS UnitID (NCSES-assigned); joins HERD era-B on UNITID
170790,Macomb Community C.,Michigan,1971-2023,no,,native_unitid,FedSupport native IPEDS UnitID (NCSES-assigned); no HERD era-B row carries this UNITID (NSF-funded institution outside the HERD UNITID set or HERD-side NULL — see backfill offer)
170806,Madonna U.,Michigan,1971-2023,no,,native_unitid,FedSupport native IPEDS UnitID (NCSES-assigned); no HERD era-B row carries this UNITID (NSF-funded institution outside the HERD UNITID set or HERD-side NULL — see backfill offer)
170842,Marygrove C.,Michigan,1971-2009,no,,native_unitid,FedSupport native IPEDS UnitID (NCSES-assigned); no HERD era-B row carries this UNITID (NSF-funded institution outside the HERD UNITID set or HERD-side NULL — see backfill offer)
170967,Rochester U.,Michigan,1979-2019,no,,native_unitid,FedSupport native IPEDS UnitID (NCSES-assigned); no HERD era-B row carries this UNITID (NSF-funded institution outside the HERD UNITID set or HERD-side NULL — see backfill offer)
170976,U. Michigan,Michigan,1992-2023,yes,"University of Michigan, Ann Arbor",native_unitid,FedSupport native IPEDS UnitID (NCSES-assigned); joins HERD era-B on UNITID
171030,U. Michigan,Michigan,1992-2023,no,,native_unitid,FedSupport native IPEDS UnitID (NCSES-assigned); no HERD era-B row carries this UNITID (NSF-funded institution outside the HERD UNITID set or HERD-side NULL — see backfill offer)
171100,Michigan State U.,Michigan,1971-2023,yes,Michigan State University,native_unitid,FedSupport native IPEDS UnitID (NCSES-assigned); joins HERD era-B on UNITID
171128,Michigan Technological U.,Michigan,1971-2023,yes,Michigan Technological University,native_unitid,FedSupport native IPEDS UnitID (NCSES-assigned); joins HERD era-B on UNITID
171137,U. Michigan,Michigan,1992-2023,yes,"University of Michigan, Dearborn",native_unitid,FedSupport native IPEDS UnitID (NCSES-assigned); joins HERD era-B on UNITID
171146,U. Michigan,Michigan,1995-2023,yes,"University of Michigan, Flint",native_unitid,FedSupport native IPEDS UnitID (NCSES-assigned); joins HERD era-B on UNITID
171155,Mid Michigan Community C.,Michigan,2012-2014,no,,native_unitid,FedSupport native IPEDS UnitID (NCSES-assigned); no HERD era-B row carries this UNITID (NSF-funded institution outside the HERD UNITID set or HERD-side NULL — see backfill offer)
171225,Monroe County Community C.,Michigan,2018-2019,no,,native_unitid,FedSupport native IPEDS UnitID (NCSES-assigned); no HERD era-B row carries this UNITID (NSF-funded institution outside the HERD UNITID set or HERD-side NULL — see backfill offer)
171304,Muskegon Community C.,Michigan,1995-2005,no,,native_unitid,FedSupport native IPEDS UnitID (NCSES-assigned); no HERD era-B row carries this UNITID (NSF-funded institution outside the HERD UNITID set or HERD-side NULL — see backfill offer)
171456,Northern Michigan U.,Michigan,1971-2023,yes,Northern Michigan University,native_unitid,FedSupport native IPEDS UnitID (NCSES-assigned); joins HERD era-B on UNITID
171483,Northwestern Michigan C.,Michigan,1976-2023,no,,native_unitid,FedSupport native IPEDS UnitID (NCSES-assigned); no HERD era-B row carries this UNITID (NSF-funded institution outside the HERD UNITID set or HERD-side NULL — see backfill offer)
171535,Oakland Community C.,Michigan,2016-2016,no,,native_unitid,FedSupport native IPEDS UnitID (NCSES-assigned); no HERD era-B row carries this UNITID (NSF-funded institution outside the HERD UNITID set or HERD-side NULL — see backfill offer)
171571,Oakland U.,Michigan,1971-2023,yes,Oakland University,native_unitid,FedSupport native IPEDS UnitID (NCSES-assigned); joins HERD era-B on UNITID
171599,U. Olivet,Michigan,1972-1995,no,,native_unitid,FedSupport native IPEDS UnitID (NCSES-assigned); no HERD era-B row carries this UNITID (NSF-funded institution outside the HERD UNITID set or HERD-side NULL — see backfill offer)
172051,Saginaw Valley State U.,Michigan,1973-2023,yes,Saginaw Valley State University,native_unitid,FedSupport native IPEDS UnitID (NCSES-assigned); joins HERD era-B on UNITID
172200,Schoolcraft C.,Michigan,1972-2007,no,,native_unitid,FedSupport native IPEDS UnitID (NCSES-assigned); no HERD era-B row carries this UNITID (NSF-funded institution outside the HERD UNITID set or HERD-side NULL — see backfill offer)
172264,Siena Heights U.,Michigan,1971-2022,no,,native_unitid,FedSupport native IPEDS UnitID (NCSES-assigned); no HERD era-B row carries this UNITID (NSF-funded institution outside the HERD UNITID set or HERD-side NULL — see backfill offer)
172291,Saint Clair County Community C.,Michigan,1972-1974,no,,native_unitid,FedSupport native IPEDS UnitID (NCSES-assigned); no HERD era-B row carries this UNITID (NSF-funded institution outside the HERD UNITID set or HERD-side NULL — see backfill offer)
172307,Southwestern Michigan C.,Michigan,1972-2005,no,,native_unitid,FedSupport native IPEDS UnitID (NCSES-assigned); no HERD era-B row carries this UNITID (NSF-funded institution outside the HERD UNITID set or HERD-side NULL — see backfill offer)
172334,Spring Arbor U.,Michigan,1981-2000,no,,native_unitid,FedSupport native IPEDS UnitID (NCSES-assigned); no HERD era-B row carries this UNITID (NSF-funded institution outside the HERD UNITID set or HERD-side NULL — see backfill offer)
172440,Finlandia U.,Michigan,1971-2006,no,,native_unitid,FedSupport native IPEDS UnitID (NCSES-assigned); no HERD era-B row carries this UNITID (NSF-funded institution outside the HERD UNITID set or HERD-side NULL — see backfill offer)
172477,Thomas M. Cooley Law School,Michigan,1977-1990,no,,native_unitid,FedSupport native IPEDS UnitID (NCSES-assigned); no HERD era-B row carries this UNITID (NSF-funded institution outside the HERD UNITID set or HERD-side NULL — see backfill offer)
172608,Walsh C. of Accountancy and Business Administration,Michigan,2005-2011,no,,native_unitid,FedSupport native IPEDS UnitID (NCSES-assigned); no HERD era-B row carries this UNITID (NSF-funded institution outside the HERD UNITID set or HERD-side NULL — see backfill offer)
172617,Washtenaw Community C.,Michigan,1977-2016,no,,native_unitid,FedSupport native IPEDS UnitID (NCSES-assigned); no HERD era-B row carries this UNITID (NSF-funded institution outside the HERD UNITID set or HERD-side NULL — see backfill offer)
172635,Wayne County Community C. District,Michigan,1979-1995,no,,native_unitid,FedSupport native IPEDS UnitID (NCSES-assigned); no HERD era-B row carries this UNITID (NSF-funded institution outside the HERD UNITID set or HERD-side NULL — see backfill offer)
172644,Wayne State U.,Michigan,1971-2023,yes,Wayne State University,native_unitid,FedSupport native IPEDS UnitID (NCSES-assigned); joins HERD era-B on UNITID
172671,West Shore Community C.,Michigan,1972-2007,no,,native_unitid,FedSupport native IPEDS UnitID (NCSES-assigned); no HERD era-B row carries this UNITID (NSF-funded institution outside the HERD UNITID set or HERD-side NULL — see backfill offer)
172699,Western Michigan U.,Michigan,1971-2023,no,,native_unitid,FedSupport native IPEDS UnitID (NCSES-assigned); no HERD era-B row carries this UNITID (NSF-funded institution outside the HERD UNITID set or HERD-side NULL — see backfill offer)
172963,Anoka-Ramsey Community C.,Minnesota,1994-2015,no,,native_unitid,FedSupport native IPEDS UnitID (NCSES-assigned); no HERD era-B row carries this UNITID (NSF-funded institution outside the HERD UNITID set or HERD-side NULL — see backfill offer)
173045,Augsburg U.,Minnesota,1971-2023,yes,Augsburg College,native_unitid,FedSupport native IPEDS UnitID (NCSES-assigned); joins HERD era-B on UNITID
173063,Riverland Community C.,Minnesota,1976-2022,no,,native_unitid,FedSupport native IPEDS UnitID (NCSES-assigned); no HERD era-B row carries this UNITID (NSF-funded institution outside the HERD UNITID set or HERD-side NULL — see backfill offer)
173115,Northwest Technical C.,Minnesota,1995-1995,no,,native_unitid,FedSupport native IPEDS UnitID (NCSES-assigned); no HERD era-B row carries this UNITID (NSF-funded institution outside the HERD UNITID set or HERD-side NULL — see backfill offer)
173124,Bemidji State U.,Minnesota,1971-2023,yes,Bemidji State University,native_unitid,FedSupport native IPEDS UnitID (NCSES-assigned); joins HERD era-B on UNITID
173160,"Bethel U., Saint Paul",Minnesota,1971-2021,no,,native_unitid,FedSupport native IPEDS UnitID (NCSES-assigned); no HERD era-B row carries this UNITID (NSF-funded institution outside the HERD UNITID set or HERD-side NULL — see backfill offer)
173203,"Central Lakes C., Brainerd",Minnesota,1985-2023,no,,native_unitid,FedSupport native IPEDS UnitID (NCSES-assigned); no HERD era-B row carries this UNITID (NSF-funded institution outside the HERD UNITID set or HERD-side NULL — see backfill offer)
173258,Carleton C.,Minnesota,1971-2023,yes,Carleton College,native_unitid,FedSupport native IPEDS UnitID (NCSES-assigned); joins HERD era-B on UNITID
173300,"Concordia C., Moorhead",Minnesota,1971-2023,yes,Concordia College,native_unitid,FedSupport native IPEDS UnitID (NCSES-assigned); joins HERD era-B on UNITID
173328,"Concordia U., Saint Paul",Minnesota,1991-1992,no,,native_unitid,FedSupport native IPEDS UnitID (NCSES-assigned); no HERD era-B row carries this UNITID (NSF-funded institution outside the HERD UNITID set or HERD-side NULL — see backfill offer)
173416,Dakota County Technical C.,Minnesota,2003-2021,no,,native_unitid,FedSupport native IPEDS UnitID (NCSES-assigned); no HERD era-B row carries this UNITID (NSF-funded institution outside the HERD UNITID set or HERD-side NULL — see backfill offer)
173461,Lake Superior C.,Minnesota,1983-2001,no,,native_unitid,FedSupport native IPEDS UnitID (NCSES-assigned); no HERD era-B row carries this UNITID (NSF-funded institution outside the HERD UNITID set or HERD-side NULL — see backfill offer)
173559,Minnesota State Community and Technical C.,Minnesota,1972-2022,no,,native_unitid,FedSupport native IPEDS UnitID (NCSES-assigned); no HERD era-B row carries this UNITID (NSF-funded institution outside the HERD UNITID set or HERD-side NULL — see backfill offer)
173638,Minnesota West Community and Technical C.,Minnesota,1976-1977,no,,native_unitid,FedSupport native IPEDS UnitID (NCSES-assigned); no HERD era-B row carries this UNITID (NSF-funded institution outside the HERD UNITID set or HERD-side NULL — see backfill offer)
173647,Gustavus Adolphus C.,Minnesota,1971-2023,yes,Gustavus Adolphus College,native_unitid,FedSupport native IPEDS UnitID (NCSES-assigned); joins HERD era-B on UNITID
173665,Hamline U.,Minnesota,1971-2023,yes,Hamline University,native_unitid,FedSupport native IPEDS UnitID (NCSES-assigned); joins HERD era-B on UNITID
173799,Inver Hills Community C.,Minnesota,1971-2012,no,,native_unitid,FedSupport native IPEDS UnitID (NCSES-assigned); no HERD era-B row carries this UNITID (NSF-funded institution outside the HERD UNITID set or HERD-side NULL — see backfill offer)
173805,Itasca Community C.,Minnesota,1994-2017,no,,native_unitid,FedSupport native IPEDS UnitID (NCSES-assigned); no HERD era-B row carries this UNITID (NSF-funded institution outside the HERD UNITID set or HERD-side NULL — see backfill offer)
173902,Macalester C.,Minnesota,1971-2023,yes,Macalester College,native_unitid,FedSupport native IPEDS UnitID (NCSES-assigned); joins HERD era-B on UNITID
173911,South Central C.,Minnesota,2013-2022,no,,native_unitid,FedSupport native IPEDS UnitID (NCSES-assigned); no HERD era-B row carries this UNITID (NSF-funded institution outside the HERD UNITID set or HERD-side NULL — see backfill offer)
173920,"Minnesota State U., Mankato",Minnesota,1971-2023,yes,"Minnesota State University, Mankato",native_unitid,FedSupport native IPEDS UnitID (NCSES-assigned); joins HERD era-B on UNITID
173993,Mesabi Range C.,Minnesota,1998-1998,no,,native_unitid,FedSupport native IPEDS UnitID (NCSES-assigned); no HERD era-B row carries this UNITID (NSF-funded institution outside the HERD UNITID set or HERD-side NULL — see backfill offer)
174020,Metropolitan State U.,Minnesota,1983-2020,yes,Metropolitan State University,native_unitid,FedSupport native IPEDS UnitID (NCSES-assigned); joins HERD era-B on UNITID
174066,U. Minnesota,Minnesota,1992-2023,yes,"University of Minnesota, Twin Cities",native_unitid,FedSupport native IPEDS UnitID (NCSES-assigned); joins HERD era-B on UNITID
174075,U. Minnesota,Minnesota,1994-2021,yes,"University of Minnesota, Crookston",native_unitid,FedSupport native IPEDS UnitID (NCSES-assigned); joins HERD era-B on UNITID
174127,Minneapolis C. of Art and Design,Minnesota,1972-1973,no,,native_unitid,FedSupport native IPEDS UnitID (NCSES-assigned); no HERD era-B row carries this UNITID (NSF-funded institution outside the HERD UNITID set or HERD-side NULL — see backfill offer)
174136,Minneapolis Community and Technical C.,Minnesota,1971-2020,no,,native_unitid,FedSupport native IPEDS UnitID (NCSES-assigned); no HERD era-B row carries this UNITID (NSF-funded institution outside the HERD UNITID set or HERD-side NULL — see backfill offer)
174224,U. Minnesota,Minnesota,1992-2023,no,,native_unitid,FedSupport native IPEDS UnitID (NCSES-assigned); no HERD era-B row carries this UNITID (NSF-funded institution outside the HERD UNITID set or HERD-side NULL — see backfill offer)
174233,U. Minnesota,Minnesota,1992-2023,yes,"University of Minnesota, Duluth",native_unitid,FedSupport native IPEDS UnitID (NCSES-assigned); joins HERD era-B on UNITID
174251,U. Minnesota,Minnesota,1992-2018,yes,"University of Minnesota, Morris",native_unitid,FedSupport native IPEDS UnitID (NCSES-assigned); joins HERD era-B on UNITID
174358,"Minnesota State U., Moorhead",Minnesota,1971-2023,yes,"Minnesota State University, Moorhead",native_unitid,FedSupport native IPEDS UnitID (NCSES-assigned); joins HERD era-B on UNITID
174376,North Hennepin Community C.,Minnesota,1973-2012,no,,native_unitid,FedSupport native IPEDS UnitID (NCSES-assigned); no HERD era-B row carries this UNITID (NSF-funded institution outside the HERD UNITID set or HERD-side NULL — see backfill offer)
174428,Normandale Community C.,Minnesota,1971-2022,no,,native_unitid,FedSupport native IPEDS UnitID (NCSES-assigned); no HERD era-B row carries this UNITID (NSF-funded institution outside the HERD UNITID set or HERD-side NULL — see backfill offer)
174473,Northland Community and Technical C.,Minnesota,1994-2022,no,,native_unitid,FedSupport native IPEDS UnitID (NCSES-assigned); no HERD era-B row carries this UNITID (NSF-funded institution outside the HERD UNITID set or HERD-side NULL — see backfill offer)
174507,Northwestern Health Sciences U.,Minnesota,2001-2013,yes,Northwestern Health Sciences University,native_unitid,FedSupport native IPEDS UnitID (NCSES-assigned); joins HERD era-B on UNITID
174570,Pine Technical and Community C.,Minnesota,1999-2007,no,,native_unitid,FedSupport native IPEDS UnitID (NCSES-assigned); no HERD era-B row carries this UNITID (NSF-funded institution outside the HERD UNITID set or HERD-side NULL — see backfill offer)
174604,Rainy River Community C.,Minnesota,1992-1992,no,,native_unitid,FedSupport native IPEDS UnitID (NCSES-assigned); no HERD era-B row carries this UNITID (NSF-funded institution outside the HERD UNITID set or HERD-side NULL — see backfill offer)
174738,Rochester Community and Technical C.,Minnesota,1971-1991,no,,native_unitid,FedSupport native IPEDS UnitID (NCSES-assigned); no HERD era-B row carries this UNITID (NSF-funded institution outside the HERD UNITID set or HERD-side NULL — see backfill offer)
174747,C. Saint Benedict,Minnesota,1971-2023,yes,College of Saint Benedict,native_unitid,FedSupport native IPEDS UnitID (NCSES-assigned); joins HERD era-B on UNITID
174783,St. Cloud State U.,Minnesota,1971-2023,yes,St. Cloud State University,native_unitid,FedSupport native IPEDS UnitID (NCSES-assigned); joins HERD era-B on UNITID
174792,"Saint John's U., Collegeville",Minnesota,1971-2013,yes,"Saint John's University, Collegeville",native_unitid,FedSupport native IPEDS UnitID (NCSES-assigned); joins HERD era-B on UNITID
174817,Saint Mary's U. Minnesota,Minnesota,1971-2023,yes,Saint Mary's University of Minnesota,native_unitid,FedSupport native IPEDS UnitID (NCSES-assigned); joins HERD era-B on UNITID
174844,St. Olaf C.,Minnesota,1971-2023,yes,St. Olaf College,native_unitid,FedSupport native IPEDS UnitID (NCSES-assigned); joins HERD era-B on UNITID
174862,Crown C.,Minnesota,2005-2007,no,,native_unitid,FedSupport native IPEDS UnitID (NCSES-assigned); no HERD era-B row carries this UNITID (NSF-funded institution outside the HERD UNITID set or HERD-side NULL — see backfill offer)
174899,"C. St. Scholastica, The",Minnesota,1971-2023,no,,native_unitid,FedSupport native IPEDS UnitID (NCSES-assigned); no HERD era-B row carries this UNITID (NSF-funded institution outside the HERD UNITID set or HERD-side NULL — see backfill offer)
174914,"U. St. Thomas, Saint Paul",Minnesota,1971-2023,yes,University of St. Thomas (MN),native_unitid,FedSupport native IPEDS UnitID (NCSES-assigned); joins HERD era-B on UNITID
175005,St. Catherine U.,Minnesota,1971-2023,yes,St. Catherine University,native_unitid,FedSupport native IPEDS UnitID (NCSES-assigned); joins HERD era-B on UNITID
175014,"Rasmussen C., St. Cloud",Minnesota,1993-1993,no,,native_unitid,FedSupport native IPEDS UnitID (NCSES-assigned); no HERD era-B row carries this UNITID (NSF-funded institution outside the HERD UNITID set or HERD-side NULL — see backfill offer)
175041,"St. Paul C., A Community & Technical C.",Minnesota,1987-2022,no,,native_unitid,FedSupport native IPEDS UnitID (NCSES-assigned); no HERD era-B row carries this UNITID (NSF-funded institution outside the HERD UNITID set or HERD-side NULL — see backfill offer)
175078,Southwest Minnesota State U.,Minnesota,1971-2018,no,,native_unitid,FedSupport native IPEDS UnitID (NCSES-assigned); no HERD era-B row carries this UNITID (NSF-funded institution outside the HERD UNITID set or HERD-side NULL — see backfill offer)
175157,Vermilion Community C.,Minnesota,2003-2007,no,,native_unitid,FedSupport native IPEDS UnitID (NCSES-assigned); no HERD era-B row carries this UNITID (NSF-funded institution outside the HERD UNITID set or HERD-side NULL — see backfill offer)
175236,Ridgewater C.,Minnesota,1997-2009,no,,native_unitid,FedSupport native IPEDS UnitID (NCSES-assigned); no HERD era-B row carries this UNITID (NSF-funded institution outside the HERD UNITID set or HERD-side NULL — see backfill offer)
175263,Minnesota State C. Southeast,Minnesota,2008-2021,no,,native_unitid,FedSupport native IPEDS UnitID (NCSES-assigned); no HERD era-B row carries this UNITID (NSF-funded institution outside the HERD UNITID set or HERD-side NULL — see backfill offer)
175272,Winona State U.,Minnesota,1971-2023,yes,Winona State University,native_unitid,FedSupport native IPEDS UnitID (NCSES-assigned); joins HERD era-B on UNITID
175281,Mitchell Hamline School of Law,Minnesota,1984-2022,no,,native_unitid,FedSupport native IPEDS UnitID (NCSES-assigned); no HERD era-B row carries this UNITID (NSF-funded institution outside the HERD UNITID set or HERD-side NULL — see backfill offer)
175315,"Century C., White Bear Lake",Minnesota,1973-2008,no,,native_unitid,FedSupport native IPEDS UnitID (NCSES-assigned); no HERD era-B row carries this UNITID (NSF-funded institution outside the HERD UNITID set or HERD-side NULL — see backfill offer)
175342,Alcorn State U.,Mississippi,1971-2023,yes,Alcorn State University,native_unitid,FedSupport native IPEDS UnitID (NCSES-assigned); joins HERD era-B on UNITID
175421,Belhaven U.,Mississippi,1971-1973,no,,native_unitid,FedSupport native IPEDS UnitID (NCSES-assigned); no HERD era-B row carries this UNITID (NSF-funded institution outside the HERD UNITID set or HERD-side NULL — see backfill offer)
175430,Blue Mountain C.,Mississippi,2022-2022,no,,native_unitid,FedSupport native IPEDS UnitID (NCSES-assigned); no HERD era-B row carries this UNITID (NSF-funded institution outside the HERD UNITID set or HERD-side NULL — see backfill offer)
175519,Coahoma Community C.,Mississippi,1971-1990,no,,native_unitid,FedSupport native IPEDS UnitID (NCSES-assigned); no HERD era-B row carries this UNITID (NSF-funded institution outside the HERD UNITID set or HERD-side NULL — see backfill offer)
175573,Copiah-Lincoln Community C.,Mississippi,1973-1973,no,,native_unitid,FedSupport native IPEDS UnitID (NCSES-assigned); no HERD era-B row carries this UNITID (NSF-funded institution outside the HERD UNITID set or HERD-side NULL — see backfill offer)
175616,Delta State U.,Mississippi,1972-2018,yes,Delta State University,native_unitid,FedSupport native IPEDS UnitID (NCSES-assigned); joins HERD era-B on UNITID
175643,East Central Community C.,Mississippi,1973-1975,no,,native_unitid,FedSupport native IPEDS UnitID (NCSES-assigned); no HERD era-B row carries this UNITID (NSF-funded institution outside the HERD UNITID set or HERD-side NULL — see backfill offer)
175652,East Mississippi Community C.,Mississippi,1971-2008,no,,native_unitid,FedSupport native IPEDS UnitID (NCSES-assigned); no HERD era-B row carries this UNITID (NSF-funded institution outside the HERD UNITID set or HERD-side NULL — see backfill offer)
175768,Hinds Community C.,Mississippi,1971-2023,no,,native_unitid,FedSupport native IPEDS UnitID (NCSES-assigned); no HERD era-B row carries this UNITID (NSF-funded institution outside the HERD UNITID set or HERD-side NULL — see backfill offer)
175786,Hinds Community C.,Mississippi,1972-2019,no,,native_unitid,FedSupport native IPEDS UnitID (NCSES-assigned); no HERD era-B row carries this UNITID (NSF-funded institution outside the HERD UNITID set or HERD-side NULL — see backfill offer)
175810,Holmes Community C.,Mississippi,1972-1998,no,,native_unitid,FedSupport native IPEDS UnitID (NCSES-assigned); no HERD era-B row carries this UNITID (NSF-funded institution outside the HERD UNITID set or HERD-side NULL — see backfill offer)
175829,Itawamba Community C.,Mississippi,1979-2004,no,,native_unitid,FedSupport native IPEDS UnitID (NCSES-assigned); no HERD era-B row carries this UNITID (NSF-funded institution outside the HERD UNITID set or HERD-side NULL — see backfill offer)
175856,Jackson State U.,Mississippi,1971-2023,yes,Jackson State University,native_unitid,FedSupport native IPEDS UnitID (NCSES-assigned); joins HERD era-B on UNITID
175883,Jones County Jr. C.,Mississippi,1971-2007,no,,native_unitid,FedSupport native IPEDS UnitID (NCSES-assigned); no HERD era-B row carries this UNITID (NSF-funded institution outside the HERD UNITID set or HERD-side NULL — see backfill offer)
175935,Meridian Community C.,Mississippi,1989-1992,no,,native_unitid,FedSupport native IPEDS UnitID (NCSES-assigned); no HERD era-B row carries this UNITID (NSF-funded institution outside the HERD UNITID set or HERD-side NULL — see backfill offer)
175980,Millsaps C.,Mississippi,1971-2021,yes,Millsaps College,native_unitid,FedSupport native IPEDS UnitID (NCSES-assigned); joins HERD era-B on UNITID
176008,Mississippi Delta Community C.,Mississippi,1971-2007,no,,native_unitid,FedSupport native IPEDS UnitID (NCSES-assigned); no HERD era-B row carries this UNITID (NSF-funded institution outside the HERD UNITID set or HERD-side NULL — see backfill offer)
176017,"U. Mississippi, The, Oxford",Mississippi,1971-2023,no,,native_unitid,FedSupport native IPEDS UnitID (NCSES-assigned); no HERD era-B row carries this UNITID (NSF-funded institution outside the HERD UNITID set or HERD-side NULL — see backfill offer)
176026,"U. Mississippi, The, Oxford",Mississippi,1992-2023,no,,native_unitid,FedSupport native IPEDS UnitID (NCSES-assigned); no HERD era-B row carries this UNITID (NSF-funded institution outside the HERD UNITID set or HERD-side NULL — see backfill offer)
176035,Mississippi U. for Women,Mississippi,1971-2010,yes,Mississippi University for Women,native_unitid,FedSupport native IPEDS UnitID (NCSES-assigned); joins HERD era-B on UNITID
176044,Mississippi Valley State U.,Mississippi,1971-2023,yes,Mississippi Valley State University,native_unitid,FedSupport native IPEDS UnitID (NCSES-assigned); joins HERD era-B on UNITID
176053,Mississippi C.,Mississippi,1971-2007,yes,Mississippi College,native_unitid,FedSupport native IPEDS UnitID (NCSES-assigned); joins HERD era-B on UNITID
176071,Mississippi Gulf Coast Community C.,Mississippi,1975-2023,no,,native_unitid,FedSupport native IPEDS UnitID (NCSES-assigned); no HERD era-B row carries this UNITID (NSF-funded institution outside the HERD UNITID set or HERD-side NULL — see backfill offer)
176080,Mississippi State U.,Mississippi,1971-2023,yes,Mississippi State University,native_unitid,FedSupport native IPEDS UnitID (NCSES-assigned); joins HERD era-B on UNITID
176169,Northeast Mississippi Community C.,Mississippi,1992-1992,no,,native_unitid,FedSupport native IPEDS UnitID (NCSES-assigned); no HERD era-B row carries this UNITID (NSF-funded institution outside the HERD UNITID set or HERD-side NULL — see backfill offer)
176178,Northwest Mississippi Community C.,Mississippi,1976-2003,no,,native_unitid,FedSupport native IPEDS UnitID (NCSES-assigned); no HERD era-B row carries this UNITID (NSF-funded institution outside the HERD UNITID set or HERD-side NULL — see backfill offer)
176239,Pearl River Community C.,Mississippi,1993-2023,no,,native_unitid,FedSupport native IPEDS UnitID (NCSES-assigned); no HERD era-B row carries this UNITID (NSF-funded institution outside the HERD UNITID set or HERD-side NULL — see backfill offer)
176318,Rust C.,Mississippi,1971-2017,no,,native_unitid,FedSupport native IPEDS UnitID (NCSES-assigned); no HERD era-B row carries this UNITID (NSF-funded institution outside the HERD UNITID set or HERD-side NULL — see backfill offer)
176372,"U. Southern Mississippi, The",Mississippi,1971-2023,yes,"University of Southern Mississippi, The",native_unitid,FedSupport native IPEDS UnitID (NCSES-assigned); joins HERD era-B on UNITID
176406,Tougaloo C.,Mississippi,1971-2023,yes,Tougaloo College,native_unitid,FedSupport native IPEDS UnitID (NCSES-assigned); joins HERD era-B on UNITID
176479,William Carey U.,Mississippi,1972-2010,yes,William Carey University,native_unitid,FedSupport native IPEDS UnitID (NCSES-assigned); joins HERD era-B on UNITID
176628,Avila U.,Missouri,1971-2023,no,,native_unitid,FedSupport native IPEDS UnitID (NCSES-assigned); no HERD era-B row carries this UNITID (NSF-funded institution outside the HERD UNITID set or HERD-side NULL — see backfill offer)
176770,Cox C.,Missouri,2008-2011,no,,native_unitid,FedSupport native IPEDS UnitID (NCSES-assigned); no HERD era-B row carries this UNITID (NSF-funded institution outside the HERD UNITID set or HERD-side NULL — see backfill offer)
176947,Central Methodist U.,Missouri,1971-1979,no,,native_unitid,FedSupport native IPEDS UnitID (NCSES-assigned); no HERD era-B row carries this UNITID (NSF-funded institution outside the HERD UNITID set or HERD-side NULL — see backfill offer)
176965,U. Central Missouri,Missouri,1971-2018,yes,University of Central Missouri,native_unitid,FedSupport native IPEDS UnitID (NCSES-assigned); joins HERD era-B on UNITID
177065,"Columbia C., Columbia, Missouri",Missouri,1972-2009,no,,native_unitid,FedSupport native IPEDS UnitID (NCSES-assigned); no HERD era-B row carries this UNITID (NSF-funded institution outside the HERD UNITID set or HERD-side NULL — see backfill offer)
177117,Cottey C.,Missouri,1998-1998,no,,native_unitid,FedSupport native IPEDS UnitID (NCSES-assigned); no HERD era-B row carries this UNITID (NSF-funded institution outside the HERD UNITID set or HERD-side NULL — see backfill offer)
177135,Crowder C.,Missouri,1985-2020,no,,native_unitid,FedSupport native IPEDS UnitID (NCSES-assigned); no HERD era-B row carries this UNITID (NSF-funded institution outside the HERD UNITID set or HERD-side NULL — see backfill offer)
177214,Drury U.,Missouri,1971-2011,no,,native_unitid,FedSupport native IPEDS UnitID (NCSES-assigned); no HERD era-B row carries this UNITID (NSF-funded institution outside the HERD UNITID set or HERD-side NULL — see backfill offer)
177250,East Central C.,Missouri,1971-1975,no,,native_unitid,FedSupport native IPEDS UnitID (NCSES-assigned); no HERD era-B row carries this UNITID (NSF-funded institution outside the HERD UNITID set or HERD-side NULL — see backfill offer)
177339,Evangel U.,Missouri,1971-1996,no,,native_unitid,FedSupport native IPEDS UnitID (NCSES-assigned); no HERD era-B row carries this UNITID (NSF-funded institution outside the HERD UNITID set or HERD-side NULL — see backfill offer)
177418,Fontbonne U.,Missouri,1971-2017,no,,native_unitid,FedSupport native IPEDS UnitID (NCSES-assigned); no HERD era-B row carries this UNITID (NSF-funded institution outside the HERD UNITID set or HERD-side NULL — see backfill offer)
177542,Hannibal-La Grange U.,Missouri,1972-1993,no,,native_unitid,FedSupport native IPEDS UnitID (NCSES-assigned); no HERD era-B row carries this UNITID (NSF-funded institution outside the HERD UNITID set or HERD-side NULL — see backfill offer)
177551,Harris-Stowe State U.,Missouri,1974-2023,no,,native_unitid,FedSupport native IPEDS UnitID (NCSES-assigned); no HERD era-B row carries this UNITID (NSF-funded institution outside the HERD UNITID set or HERD-side NULL — see backfill offer)
177676,Jefferson C.,Missouri,1971-2023,no,,native_unitid,FedSupport native IPEDS UnitID (NCSES-assigned); no HERD era-B row carries this UNITID (NSF-funded institution outside the HERD UNITID set or HERD-side NULL — see backfill offer)
177719,Barnes-Jewish C. Goldfarb School of Nursing,Missouri,2006-2006,yes,Barnes-Jewish College Goldfarb School of Nursing,native_unitid,FedSupport native IPEDS UnitID (NCSES-assigned); joins HERD era-B on UNITID
177834,A.T. Still U.,Missouri,1971-2023,yes,A.T. Still University,native_unitid,FedSupport native IPEDS UnitID (NCSES-assigned); joins HERD era-B on UNITID
177940,Lincoln U.,Missouri,1971-2023,yes,"Lincoln University, Jefferson City",native_unitid,FedSupport native IPEDS UnitID (NCSES-assigned); joins HERD era-B on UNITID
177968,Lindenwood U.,Missouri,1972-1978,no,,native_unitid,FedSupport native IPEDS UnitID (NCSES-assigned); no HERD era-B row carries this UNITID (NSF-funded institution outside the HERD UNITID set or HERD-side NULL — see backfill offer)
177995,"Metropolitan Community C., Missouri",Missouri,1973-2020,no,,native_unitid,FedSupport native IPEDS UnitID (NCSES-assigned); no HERD era-B row carries this UNITID (NSF-funded institution outside the HERD UNITID set or HERD-side NULL — see backfill offer)
178059,Maryville U. of Saint Louis,Missouri,1972-2013,no,,native_unitid,FedSupport native IPEDS UnitID (NCSES-assigned); no HERD era-B row carries this UNITID (NSF-funded institution outside the HERD UNITID set or HERD-side NULL — see backfill offer)
178217,Mineral Area C.,Missouri,1971-2005,no,,native_unitid,FedSupport native IPEDS UnitID (NCSES-assigned); no HERD era-B row carries this UNITID (NSF-funded institution outside the HERD UNITID set or HERD-side NULL — see backfill offer)
178341,Missouri Southern State U.,Missouri,1971-2007,no,,native_unitid,FedSupport native IPEDS UnitID (NCSES-assigned); no HERD era-B row carries this UNITID (NSF-funded institution outside the HERD UNITID set or HERD-side NULL — see backfill offer)
178369,Missouri Valley C.,Missouri,1976-1978,no,,native_unitid,FedSupport native IPEDS UnitID (NCSES-assigned); no HERD era-B row carries this UNITID (NSF-funded institution outside the HERD UNITID set or HERD-side NULL — see backfill offer)
178387,Missouri Western State U.,Missouri,1971-2023,yes,Missouri Western State University,native_unitid,FedSupport native IPEDS UnitID (NCSES-assigned); joins HERD era-B on UNITID
178396,"U. Missouri, Columbia",Missouri,1971-2023,yes,"University of Missouri, Columbia",native_unitid,FedSupport native IPEDS UnitID (NCSES-assigned); joins HERD era-B on UNITID
178402,"U. Missouri, Kansas City",Missouri,1971-2023,yes,"University of Missouri, Kansas City",native_unitid,FedSupport native IPEDS UnitID (NCSES-assigned); joins HERD era-B on UNITID
178411,Missouri U. Science and Technology,Missouri,1971-2023,yes,Missouri University of Science and Technology,native_unitid,FedSupport native IPEDS UnitID (NCSES-assigned); joins HERD era-B on UNITID
178420,"U. Missouri, Saint Louis",Missouri,1971-2023,yes,"University of Missouri, Saint Louis",native_unitid,FedSupport native IPEDS UnitID (NCSES-assigned); joins HERD era-B on UNITID
178439,U. Missouri System,Missouri,1971-2023,no,,native_unitid,FedSupport native IPEDS UnitID (NCSES-assigned); no HERD era-B row carries this UNITID (NSF-funded institution outside the HERD UNITID set or HERD-side NULL — see backfill offer)
178448,Moberly Area Community C.,Missouri,2004-2006,no,,native_unitid,FedSupport native IPEDS UnitID (NCSES-assigned); no HERD era-B row carries this UNITID (NSF-funded institution outside the HERD UNITID set or HERD-side NULL — see backfill offer)
178615,Truman State U.,Missouri,1971-2023,yes,Truman State University,native_unitid,FedSupport native IPEDS UnitID (NCSES-assigned); joins HERD era-B on UNITID
178624,Northwest Missouri State U.,Missouri,1971-2023,yes,Northwest Missouri State University,native_unitid,FedSupport native IPEDS UnitID (NCSES-assigned); joins HERD era-B on UNITID
178697,C. of the Ozarks,Missouri,1981-1992,no,,native_unitid,FedSupport native IPEDS UnitID (NCSES-assigned); no HERD era-B row carries this UNITID (NSF-funded institution outside the HERD UNITID set or HERD-side NULL — see backfill offer)
178721,Park U.,Missouri,1972-2015,no,,native_unitid,FedSupport native IPEDS UnitID (NCSES-assigned); no HERD era-B row carries this UNITID (NSF-funded institution outside the HERD UNITID set or HERD-side NULL — see backfill offer)
178785,"Metropolitan Community C., Penn Valley",Missouri,1971-2004,no,,native_unitid,FedSupport native IPEDS UnitID (NCSES-assigned); no HERD era-B row carries this UNITID (NSF-funded institution outside the HERD UNITID set or HERD-side NULL — see backfill offer)
179043,Rockhurst U.,Missouri,1971-2023,no,,native_unitid,FedSupport native IPEDS UnitID (NCSES-assigned); no HERD era-B row carries this UNITID (NSF-funded institution outside the HERD UNITID set or HERD-side NULL — see backfill offer)
179113,St. Louis Community C.,Missouri,1993-1999,no,,native_unitid,FedSupport native IPEDS UnitID (NCSES-assigned); no HERD era-B row carries this UNITID (NSF-funded institution outside the HERD UNITID set or HERD-side NULL — see backfill offer)
179159,Saint Louis U.,Missouri,1971-2023,yes,Saint Louis University,native_unitid,FedSupport native IPEDS UnitID (NCSES-assigned); joins HERD era-B on UNITID
179265,U. Health Sciences and Pharmacy in St. Louis,Missouri,1971-2023,yes,University of Health Sciences and Pharmacy in St. Louis,native_unitid,FedSupport native IPEDS UnitID (NCSES-assigned); joins HERD era-B on UNITID
179283,St. Louis Community C.,Missouri,1992-2023,no,,native_unitid,FedSupport native IPEDS UnitID (NCSES-assigned); no HERD era-B row carries this UNITID (NSF-funded institution outside the HERD UNITID set or HERD-side NULL — see backfill offer)
179292,St. Louis Community C.,Missouri,1995-1995,no,,native_unitid,FedSupport native IPEDS UnitID (NCSES-assigned); no HERD era-B row carries this UNITID (NSF-funded institution outside the HERD UNITID set or HERD-side NULL — see backfill offer)
179308,St. Louis Community C.,Missouri,1992-2013,no,,native_unitid,FedSupport native IPEDS UnitID (NCSES-assigned); no HERD era-B row carries this UNITID (NSF-funded institution outside the HERD UNITID set or HERD-side NULL — see backfill offer)
179326,Southwest Baptist U.,Missouri,1972-2023,no,,native_unitid,FedSupport native IPEDS UnitID (NCSES-assigned); no HERD era-B row carries this UNITID (NSF-funded institution outside the HERD UNITID set or HERD-side NULL — see backfill offer)
179344,"Missouri State U., West Plains",Missouri,2019-2019,no,,native_unitid,FedSupport native IPEDS UnitID (NCSES-assigned); no HERD era-B row carries this UNITID (NSF-funded institution outside the HERD UNITID set or HERD-side NULL — see backfill offer)
179539,State Fair Community C.,Missouri,2002-2022,no,,native_unitid,FedSupport native IPEDS UnitID (NCSES-assigned); no HERD era-B row carries this UNITID (NSF-funded institution outside the HERD UNITID set or HERD-side NULL — see backfill offer)
179548,Stephens C.,Missouri,1977-2021,no,,native_unitid,FedSupport native IPEDS UnitID (NCSES-assigned); no HERD era-B row carries this UNITID (NSF-funded institution outside the HERD UNITID set or HERD-side NULL — see backfill offer)
179557,Southeast Missouri State U.,Missouri,1971-2023,yes,Southeast Missouri State University,native_unitid,FedSupport native IPEDS UnitID (NCSES-assigned); joins HERD era-B on UNITID
179566,"Missouri State U., Springfield",Missouri,1971-2023,yes,Missouri State University,native_unitid,FedSupport native IPEDS UnitID (NCSES-assigned); joins HERD era-B on UNITID
179645,"Three Rivers C., Poplar Bluff",Missouri,1998-2006,no,,native_unitid,FedSupport native IPEDS UnitID (NCSES-assigned); no HERD era-B row carries this UNITID (NSF-funded institution outside the HERD UNITID set or HERD-side NULL — see backfill offer)
179715,North Central Missouri C.,Missouri,1993-1995,no,,native_unitid,FedSupport native IPEDS UnitID (NCSES-assigned); no HERD era-B row carries this UNITID (NSF-funded institution outside the HERD UNITID set or HERD-side NULL — see backfill offer)
179812,Kansas City U. Medicine and Biosciences,Missouri,1971-2023,yes,Kansas City University of Medicine and Biosciences,native_unitid,FedSupport native IPEDS UnitID (NCSES-assigned); joins HERD era-B on UNITID
179867,"Washington U., Saint Louis",Missouri,1971-2023,yes,Washington University in St. Louis,native_unitid,FedSupport native IPEDS UnitID (NCSES-assigned); joins HERD era-B on UNITID
179894,Webster U.,Missouri,1975-2023,no,,native_unitid,FedSupport native IPEDS UnitID (NCSES-assigned); no HERD era-B row carries this UNITID (NSF-funded institution outside the HERD UNITID set or HERD-side NULL — see backfill offer)
179946,"Westminster C., Fulton",Missouri,1971-2006,no,,native_unitid,FedSupport native IPEDS UnitID (NCSES-assigned); no HERD era-B row carries this UNITID (NSF-funded institution outside the HERD UNITID set or HERD-side NULL — see backfill offer)
179955,William Jewell C.,Missouri,1971-2023,no,,native_unitid,FedSupport native IPEDS UnitID (NCSES-assigned); no HERD era-B row carries this UNITID (NSF-funded institution outside the HERD UNITID set or HERD-side NULL — see backfill offer)
179964,William Woods U.,Missouri,1990-2001,no,,native_unitid,FedSupport native IPEDS UnitID (NCSES-assigned); no HERD era-B row carries this UNITID (NSF-funded institution outside the HERD UNITID set or HERD-side NULL — see backfill offer)
180054,Blackfeet Community C.,Montana,1988-2023,yes,Blackfeet Community College,native_unitid,FedSupport native IPEDS UnitID (NCSES-assigned); joins HERD era-B on UNITID
180081,Montana Technological U.,Montana,1996-2012,no,,native_unitid,FedSupport native IPEDS UnitID (NCSES-assigned); no HERD era-B row carries this UNITID (NSF-funded institution outside the HERD UNITID set or HERD-side NULL — see backfill offer)
180106,Carroll C.,Montana,1971-2023,no,,native_unitid,FedSupport native IPEDS UnitID (NCSES-assigned); no HERD era-B row carries this UNITID (NSF-funded institution outside the HERD UNITID set or HERD-side NULL — see backfill offer)
180151,Dawson Community C.,Montana,1971-1973,no,,native_unitid,FedSupport native IPEDS UnitID (NCSES-assigned); no HERD era-B row carries this UNITID (NSF-funded institution outside the HERD UNITID set or HERD-side NULL — see backfill offer)
180160,Chief Dull Knife C.,Montana,1987-2023,no,,native_unitid,FedSupport native IPEDS UnitID (NCSES-assigned); no HERD era-B row carries this UNITID (NSF-funded institution outside the HERD UNITID set or HERD-side NULL — see backfill offer)
180179,"Montana State U., Billings",Montana,1971-2023,yes,"Montana State University, Billings",native_unitid,FedSupport native IPEDS UnitID (NCSES-assigned); joins HERD era-B on UNITID
180197,Flathead Valley Community C.,Montana,1971-2022,no,,native_unitid,FedSupport native IPEDS UnitID (NCSES-assigned); no HERD era-B row carries this UNITID (NSF-funded institution outside the HERD UNITID set or HERD-side NULL — see backfill offer)
180203,Aaniiih Nakoda C.,Montana,1991-2023,yes,Aaniiih Nakoda College,native_unitid,FedSupport native IPEDS UnitID (NCSES-assigned); joins HERD era-B on UNITID
180212,Fort Peck Community C.,Montana,1990-2023,no,,native_unitid,FedSupport native IPEDS UnitID (NCSES-assigned); no HERD era-B row carries this UNITID (NSF-funded institution outside the HERD UNITID set or HERD-side NULL — see backfill offer)
180258,U. of Providence,Montana,1972-2019,no,,native_unitid,FedSupport native IPEDS UnitID (NCSES-assigned); no HERD era-B row carries this UNITID (NSF-funded institution outside the HERD UNITID set or HERD-side NULL — see backfill offer)
180328,Little Big Horn C.,Montana,1988-2022,no,,native_unitid,FedSupport native IPEDS UnitID (NCSES-assigned); no HERD era-B row carries this UNITID (NSF-funded institution outside the HERD UNITID set or HERD-side NULL — see backfill offer)
180373,Miles Community C.,Montana,1980-2000,no,,native_unitid,FedSupport native IPEDS UnitID (NCSES-assigned); no HERD era-B row carries this UNITID (NSF-funded institution outside the HERD UNITID set or HERD-side NULL — see backfill offer)
180382,"U. Montana, Missoula",Montana,2001-2022,no,,native_unitid,FedSupport native IPEDS UnitID (NCSES-assigned); no HERD era-B row carries this UNITID (NSF-funded institution outside the HERD UNITID set or HERD-side NULL — see backfill offer)
180416,Montana Technological U.,Montana,1971-2023,yes,Montana Tech of University of Montana,native_unitid,FedSupport native IPEDS UnitID (NCSES-assigned); joins HERD era-B on UNITID
180461,"Montana State U., Bozeman",Montana,1971-2023,yes,"Montana State University, Bozeman",native_unitid,FedSupport native IPEDS UnitID (NCSES-assigned); joins HERD era-B on UNITID
180470,"Montana U. System, system office",Montana,1980-2021,no,,native_unitid,FedSupport native IPEDS UnitID (NCSES-assigned); no HERD era-B row carries this UNITID (NSF-funded institution outside the HERD UNITID set or HERD-side NULL — see backfill offer)
180489,"U. Montana, Missoula",Montana,1971-2023,yes,"University of Montana, The, Missoula",native_unitid,FedSupport native IPEDS UnitID (NCSES-assigned); joins HERD era-B on UNITID
180522,"Montana State U., Havre",Montana,1971-2021,yes,"Montana State University, Havre",native_unitid,FedSupport native IPEDS UnitID (NCSES-assigned); joins HERD era-B on UNITID
180595,Rocky Mountain C.,Montana,1988-2013,no,,native_unitid,FedSupport native IPEDS UnitID (NCSES-assigned); no HERD era-B row carries this UNITID (NSF-funded institution outside the HERD UNITID set or HERD-side NULL — see backfill offer)
180647,Salish Kootenai C.,Montana,1987-2023,yes,Salish Kootenai College,native_unitid,FedSupport native IPEDS UnitID (NCSES-assigned); joins HERD era-B on UNITID
180692,"U. Montana, The, Western",Montana,1971-2023,yes,"University of Montana Western, The",native_unitid,FedSupport native IPEDS UnitID (NCSES-assigned); joins HERD era-B on UNITID
180814,Bellevue U.,Nebraska,1972-1981,no,,native_unitid,FedSupport native IPEDS UnitID (NCSES-assigned); no HERD era-B row carries this UNITID (NSF-funded institution outside the HERD UNITID set or HERD-side NULL — see backfill offer)
180832,Clarkson C.,Nebraska,2004-2023,no,,native_unitid,FedSupport native IPEDS UnitID (NCSES-assigned); no HERD era-B row carries this UNITID (NSF-funded institution outside the HERD UNITID set or HERD-side NULL — see backfill offer)
180902,Central Community C.,Nebraska,2007-2023,no,,native_unitid,FedSupport native IPEDS UnitID (NCSES-assigned); no HERD era-B row carries this UNITID (NSF-funded institution outside the HERD UNITID set or HERD-side NULL — see backfill offer)
180948,Chadron State C.,Nebraska,1972-2009,no,,native_unitid,FedSupport native IPEDS UnitID (NCSES-assigned); no HERD era-B row carries this UNITID (NSF-funded institution outside the HERD UNITID set or HERD-side NULL — see backfill offer)
180984,"Concordia U., Seward",Nebraska,1971-1985,no,,native_unitid,FedSupport native IPEDS UnitID (NCSES-assigned); no HERD era-B row carries this UNITID (NSF-funded institution outside the HERD UNITID set or HERD-side NULL — see backfill offer)
181002,Creighton U.,Nebraska,1971-2023,yes,Creighton University,native_unitid,FedSupport native IPEDS UnitID (NCSES-assigned); joins HERD era-B on UNITID
181011,Dana C.,Nebraska,1972-1994,no,,native_unitid,FedSupport native IPEDS UnitID (NCSES-assigned); no HERD era-B row carries this UNITID (NSF-funded institution outside the HERD UNITID set or HERD-side NULL — see backfill offer)
181020,Doane U.,Nebraska,1972-2022,no,,native_unitid,FedSupport native IPEDS UnitID (NCSES-assigned); no HERD era-B row carries this UNITID (NSF-funded institution outside the HERD UNITID set or HERD-side NULL — see backfill offer)
181127,Hastings C.,Nebraska,1971-1981,no,,native_unitid,FedSupport native IPEDS UnitID (NCSES-assigned); no HERD era-B row carries this UNITID (NSF-funded institution outside the HERD UNITID set or HERD-side NULL — see backfill offer)
181215,"U. Nebraska, Kearney",Nebraska,1971-2023,yes,University of Nebraska at Kearney,native_unitid,FedSupport native IPEDS UnitID (NCSES-assigned); joins HERD era-B on UNITID
181297,Nebraska Methodist C. Nursing and Allied Health,Nebraska,2011-2023,no,,native_unitid,FedSupport native IPEDS UnitID (NCSES-assigned); no HERD era-B row carries this UNITID (NSF-funded institution outside the HERD UNITID set or HERD-side NULL — see backfill offer)
181303,"Metropolitan Community C., Nebraska",Nebraska,1992-2018,no,,native_unitid,FedSupport native IPEDS UnitID (NCSES-assigned); no HERD era-B row carries this UNITID (NSF-funded institution outside the HERD UNITID set or HERD-side NULL — see backfill offer)
181312,Mid-Plains Community C.,Nebraska,1976-1976,no,,native_unitid,FedSupport native IPEDS UnitID (NCSES-assigned); no HERD era-B row carries this UNITID (NSF-funded institution outside the HERD UNITID set or HERD-side NULL — see backfill offer)
181330,Midland U.,Nebraska,1971-1981,no,,native_unitid,FedSupport native IPEDS UnitID (NCSES-assigned); no HERD era-B row carries this UNITID (NSF-funded institution outside the HERD UNITID set or HERD-side NULL — see backfill offer)
181394,"U. Nebraska, Omaha",Nebraska,1971-2023,yes,University of Nebraska at Omaha,native_unitid,FedSupport native IPEDS UnitID (NCSES-assigned); joins HERD era-B on UNITID
181419,Nebraska Indian Community C.,Nebraska,1980-2023,no,,native_unitid,FedSupport native IPEDS UnitID (NCSES-assigned); no HERD era-B row carries this UNITID (NSF-funded institution outside the HERD UNITID set or HERD-side NULL — see backfill offer)
181428,"U. Nebraska, Lincoln and Medical Center",Nebraska,1971-2023,yes,University of Nebraska Medical Center,native_unitid,FedSupport native IPEDS UnitID (NCSES-assigned); joins HERD era-B on UNITID
181446,Nebraska Wesleyan U.,Nebraska,1971-2007,yes,Nebraska Wesleyan University,native_unitid,FedSupport native IPEDS UnitID (NCSES-assigned); joins HERD era-B on UNITID
181464,"U. Nebraska, Lincoln and Medical Center",Nebraska,1971-2023,yes,University of Nebraska-Lincoln,native_unitid,FedSupport native IPEDS UnitID (NCSES-assigned); joins HERD era-B on UNITID
181491,Northeast Community C.,Nebraska,1977-2022,no,,native_unitid,FedSupport native IPEDS UnitID (NCSES-assigned); no HERD era-B row carries this UNITID (NSF-funded institution outside the HERD UNITID set or HERD-side NULL — see backfill offer)
181534,Peru State C.,Nebraska,1981-2013,yes,Peru State College,native_unitid,FedSupport native IPEDS UnitID (NCSES-assigned); joins HERD era-B on UNITID
181604,C. Saint Mary,Nebraska,1987-2023,no,,native_unitid,FedSupport native IPEDS UnitID (NCSES-assigned); no HERD era-B row carries this UNITID (NSF-funded institution outside the HERD UNITID set or HERD-side NULL — see backfill offer)
181640,Southeast Community C. Area,Nebraska,2013-2022,no,,native_unitid,FedSupport native IPEDS UnitID (NCSES-assigned); no HERD era-B row carries this UNITID (NSF-funded institution outside the HERD UNITID set or HERD-side NULL — see backfill offer)
181738,"Union C., Lincoln",Nebraska,1971-2010,no,,native_unitid,FedSupport native IPEDS UnitID (NCSES-assigned); no HERD era-B row carries this UNITID (NSF-funded institution outside the HERD UNITID set or HERD-side NULL — see backfill offer)
181747,"U. Nebraska, Lincoln and Medical Center",Nebraska,1971-2023,yes,University of Nebraska central administration,native_unitid,FedSupport native IPEDS UnitID (NCSES-assigned); joins HERD era-B on UNITID
181783,Wayne State C.,Nebraska,1975-2023,no,,native_unitid,FedSupport native IPEDS UnitID (NCSES-assigned); no HERD era-B row carries this UNITID (NSF-funded institution outside the HERD UNITID set or HERD-side NULL — see backfill offer)
181817,Western Nebraska Community C.,Nebraska,1971-2006,no,,native_unitid,FedSupport native IPEDS UnitID (NCSES-assigned); no HERD era-B row carries this UNITID (NSF-funded institution outside the HERD UNITID set or HERD-side NULL — see backfill offer)
181853,York C.,Nebraska,1971-2007,no,,native_unitid,FedSupport native IPEDS UnitID (NCSES-assigned); no HERD era-B row carries this UNITID (NSF-funded institution outside the HERD UNITID set or HERD-side NULL — see backfill offer)
182005,C. Southern Nevada,Nevada,1989-2023,yes,College of Southern Nevada,native_unitid,FedSupport native IPEDS UnitID (NCSES-assigned); joins HERD era-B on UNITID
182281,"U. Nevada, Las Vegas",Nevada,1971-2023,yes,"University of Nevada, Las Vegas",native_unitid,FedSupport native IPEDS UnitID (NCSES-assigned); joins HERD era-B on UNITID
182290,"U. Nevada, Reno",Nevada,1971-2023,yes,"University of Nevada, Reno",native_unitid,FedSupport native IPEDS UnitID (NCSES-assigned); joins HERD era-B on UNITID
182306,Great Basin C.,Nevada,1971-2019,no,,native_unitid,FedSupport native IPEDS UnitID (NCSES-assigned); no HERD era-B row carries this UNITID (NSF-funded institution outside the HERD UNITID set or HERD-side NULL — see backfill offer)
182458,Sierra Nevada C.,Nevada,1978-2005,no,,native_unitid,FedSupport native IPEDS UnitID (NCSES-assigned); no HERD era-B row carries this UNITID (NSF-funded institution outside the HERD UNITID set or HERD-side NULL — see backfill offer)
182500,Truckee Meadows Community C.,Nevada,2009-2023,yes,Truckee Meadows Community College,native_unitid,FedSupport native IPEDS UnitID (NCSES-assigned); joins HERD era-B on UNITID
182519,Nevada System of Higher Education,Nevada,1971-2023,no,,native_unitid,FedSupport native IPEDS UnitID (NCSES-assigned); no HERD era-B row carries this UNITID (NSF-funded institution outside the HERD UNITID set or HERD-side NULL — see backfill offer)
182564,Western Nevada C.,Nevada,1976-2003,yes,Western Nevada College,native_unitid,FedSupport native IPEDS UnitID (NCSES-assigned); joins HERD era-B on UNITID
182634,Colby-Sawyer C.,New Hampshire,1993-2019,yes,Colby-Sawyer College,native_unitid,FedSupport native IPEDS UnitID (NCSES-assigned); joins HERD era-B on UNITID
182661,Daniel Webster C.,New Hampshire,1991-1997,no,,native_unitid,FedSupport native IPEDS UnitID (NCSES-assigned); no HERD era-B row carries this UNITID (NSF-funded institution outside the HERD UNITID set or HERD-side NULL — see backfill offer)
182670,Dartmouth C.,New Hampshire,1971-2023,yes,Dartmouth College,native_unitid,FedSupport native IPEDS UnitID (NCSES-assigned); joins HERD era-B on UNITID
182795,Franklin Pierce U.,New Hampshire,1971-2005,no,,native_unitid,FedSupport native IPEDS UnitID (NCSES-assigned); no HERD era-B row carries this UNITID (NSF-funded institution outside the HERD UNITID set or HERD-side NULL — see backfill offer)
182980,New England C.,New Hampshire,1971-1986,no,,native_unitid,FedSupport native IPEDS UnitID (NCSES-assigned); no HERD era-B row carries this UNITID (NSF-funded institution outside the HERD UNITID set or HERD-side NULL — see backfill offer)
183026,Southern New Hampshire U.,New Hampshire,1971-2008,no,,native_unitid,FedSupport native IPEDS UnitID (NCSES-assigned); no HERD era-B row carries this UNITID (NSF-funded institution outside the HERD UNITID set or HERD-side NULL — see backfill offer)
183044,"U. New Hampshire, Durham",New Hampshire,1971-2023,no,,native_unitid,FedSupport native IPEDS UnitID (NCSES-assigned); no HERD era-B row carries this UNITID (NSF-funded institution outside the HERD UNITID set or HERD-side NULL — see backfill offer)
183062,Keene State C.,New Hampshire,1971-2021,yes,Keene State College,native_unitid,FedSupport native IPEDS UnitID (NCSES-assigned); joins HERD era-B on UNITID
183071,"U. New Hampshire, Manchester",New Hampshire,2012-2023,no,,native_unitid,FedSupport native IPEDS UnitID (NCSES-assigned); no HERD era-B row carries this UNITID (NSF-funded institution outside the HERD UNITID set or HERD-side NULL — see backfill offer)
183080,Plymouth State U.,New Hampshire,1971-2023,yes,Plymouth State University,native_unitid,FedSupport native IPEDS UnitID (NCSES-assigned); joins HERD era-B on UNITID
183099,"Community C. System of New Hampshire, NHTI, Concord's Community C.",New Hampshire,1976-2023,no,,native_unitid,FedSupport native IPEDS UnitID (NCSES-assigned); no HERD era-B row carries this UNITID (NSF-funded institution outside the HERD UNITID set or HERD-side NULL — see backfill offer)
183105,"Community C. System of New Hampshire, White Mountains Community C.",New Hampshire,1989-1997,no,,native_unitid,FedSupport native IPEDS UnitID (NCSES-assigned); no HERD era-B row carries this UNITID (NSF-funded institution outside the HERD UNITID set or HERD-side NULL — see backfill offer)
183114,"Community C. System of New Hampshire, River Valley Community C.",New Hampshire,2011-2015,no,,native_unitid,FedSupport native IPEDS UnitID (NCSES-assigned); no HERD era-B row carries this UNITID (NSF-funded institution outside the HERD UNITID set or HERD-side NULL — see backfill offer)
183132,"Community C. System of New Hampshire, Manchester Community C.",New Hampshire,2003-2019,no,,native_unitid,FedSupport native IPEDS UnitID (NCSES-assigned); no HERD era-B row carries this UNITID (NSF-funded institution outside the HERD UNITID set or HERD-side NULL — see backfill offer)
183141,"Community C. System of New Hampshire, Nashua Community C.",New Hampshire,1992-1999,no,,native_unitid,FedSupport native IPEDS UnitID (NCSES-assigned); no HERD era-B row carries this UNITID (NSF-funded institution outside the HERD UNITID set or HERD-side NULL — see backfill offer)
183150,"Community C. System of New Hampshire, Great Bay Community C.",New Hampshire,1994-1994,no,,native_unitid,FedSupport native IPEDS UnitID (NCSES-assigned); no HERD era-B row carries this UNITID (NSF-funded institution outside the HERD UNITID set or HERD-side NULL — see backfill offer)
183211,Rivier U.,New Hampshire,1988-2023,no,,native_unitid,FedSupport native IPEDS UnitID (NCSES-assigned); no HERD era-B row carries this UNITID (NSF-funded institution outside the HERD UNITID set or HERD-side NULL — see backfill offer)
183239,Saint Anselm C.,New Hampshire,1971-2018,no,,native_unitid,FedSupport native IPEDS UnitID (NCSES-assigned); no HERD era-B row carries this UNITID (NSF-funded institution outside the HERD UNITID set or HERD-side NULL — see backfill offer)
183257,Granite State C.,New Hampshire,1989-1989,no,,native_unitid,FedSupport native IPEDS UnitID (NCSES-assigned); no HERD era-B row carries this UNITID (NSF-funded institution outside the HERD UNITID set or HERD-side NULL — see backfill offer)
183327,U. System New Hampshire,New Hampshire,1975-2023,no,,native_unitid,FedSupport native IPEDS UnitID (NCSES-assigned); no HERD era-B row carries this UNITID (NSF-funded institution outside the HERD UNITID set or HERD-side NULL — see backfill offer)
183345,Chester C. of New England,New Hampshire,1997-1997,no,,native_unitid,FedSupport native IPEDS UnitID (NCSES-assigned); no HERD era-B row carries this UNITID (NSF-funded institution outside the HERD UNITID set or HERD-side NULL — see backfill offer)
183655,Atlantic Cape Community C.,New Jersey,1980-2018,no,,native_unitid,FedSupport native IPEDS UnitID (NCSES-assigned); no HERD era-B row carries this UNITID (NSF-funded institution outside the HERD UNITID set or HERD-side NULL — see backfill offer)
183743,Bergen Community C.,New Jersey,1977-2009,no,,native_unitid,FedSupport native IPEDS UnitID (NCSES-assigned); no HERD era-B row carries this UNITID (NSF-funded institution outside the HERD UNITID set or HERD-side NULL — see backfill offer)
183822,Bloomfield C.,New Jersey,1972-2022,no,,native_unitid,FedSupport native IPEDS UnitID (NCSES-assigned); no HERD era-B row carries this UNITID (NSF-funded institution outside the HERD UNITID set or HERD-side NULL — see backfill offer)
183859,Brookdale Community C.,New Jersey,1972-2021,no,,native_unitid,FedSupport native IPEDS UnitID (NCSES-assigned); no HERD era-B row carries this UNITID (NSF-funded institution outside the HERD UNITID set or HERD-side NULL — see backfill offer)
183877,"Rowan C., Burlington County",New Jersey,1971-2023,no,,native_unitid,FedSupport native IPEDS UnitID (NCSES-assigned); no HERD era-B row carries this UNITID (NSF-funded institution outside the HERD UNITID set or HERD-side NULL — see backfill offer)
183910,Caldwell U.,New Jersey,2020-2020,no,,native_unitid,FedSupport native IPEDS UnitID (NCSES-assigned); no HERD era-B row carries this UNITID (NSF-funded institution outside the HERD UNITID set or HERD-side NULL — see backfill offer)
183938,Camden County C.,New Jersey,1974-2006,no,,native_unitid,FedSupport native IPEDS UnitID (NCSES-assigned); no HERD era-B row carries this UNITID (NSF-funded institution outside the HERD UNITID set or HERD-side NULL — see backfill offer)
183974,Centenary C. New Jersey,New Jersey,2004-2012,no,,native_unitid,FedSupport native IPEDS UnitID (NCSES-assigned); no HERD era-B row carries this UNITID (NSF-funded institution outside the HERD UNITID set or HERD-side NULL — see backfill offer)
184180,County C. Morris,New Jersey,1976-2020,no,,native_unitid,FedSupport native IPEDS UnitID (NCSES-assigned); no HERD era-B row carries this UNITID (NSF-funded institution outside the HERD UNITID set or HERD-side NULL — see backfill offer)
184205,"Rowan C. South Jersey, Cumberland Campus",New Jersey,1971-1988,no,,native_unitid,FedSupport native IPEDS UnitID (NCSES-assigned); no HERD era-B row carries this UNITID (NSF-funded institution outside the HERD UNITID set or HERD-side NULL — see backfill offer)
184348,Drew U.,New Jersey,1971-2023,yes,Drew University,native_unitid,FedSupport native IPEDS UnitID (NCSES-assigned); joins HERD era-B on UNITID
184481,Essex County C.,New Jersey,1971-2010,no,,native_unitid,FedSupport native IPEDS UnitID (NCSES-assigned); no HERD era-B row carries this UNITID (NSF-funded institution outside the HERD UNITID set or HERD-side NULL — see backfill offer)
184603,Fairleigh Dickinson U.,New Jersey,1971-2023,no,,native_unitid,FedSupport native IPEDS UnitID (NCSES-assigned); no HERD era-B row carries this UNITID (NSF-funded institution outside the HERD UNITID set or HERD-side NULL — see backfill offer)
184612,"Felician U., Lodi",New Jersey,1997-2023,no,,native_unitid,FedSupport native IPEDS UnitID (NCSES-assigned); no HERD era-B row carries this UNITID (NSF-funded institution outside the HERD UNITID set or HERD-side NULL — see backfill offer)
184773,Georgian Court U.,New Jersey,1971-2010,no,,native_unitid,FedSupport native IPEDS UnitID (NCSES-assigned); no HERD era-B row carries this UNITID (NSF-funded institution outside the HERD UNITID set or HERD-side NULL — see backfill offer)
184782,Rowan U.,New Jersey,1971-2023,yes,Rowan University,native_unitid,FedSupport native IPEDS UnitID (NCSES-assigned); joins HERD era-B on UNITID
184791,Rowan C. South Jersey,New Jersey,1974-2020,no,,native_unitid,FedSupport native IPEDS UnitID (NCSES-assigned); no HERD era-B row carries this UNITID (NSF-funded institution outside the HERD UNITID set or HERD-side NULL — see backfill offer)
184995,Hudson County Community C.,New Jersey,1994-2021,no,,native_unitid,FedSupport native IPEDS UnitID (NCSES-assigned); no HERD era-B row carries this UNITID (NSF-funded institution outside the HERD UNITID set or HERD-side NULL — see backfill offer)
185129,New Jersey City U.,New Jersey,1971-2022,yes,New Jersey City University,native_unitid,FedSupport native IPEDS UnitID (NCSES-assigned); joins HERD era-B on UNITID
185262,Kean U.,New Jersey,1971-2023,yes,Kean University,native_unitid,FedSupport native IPEDS UnitID (NCSES-assigned); joins HERD era-B on UNITID
185509,Mercer County Community C.,New Jersey,1971-2023,no,,native_unitid,FedSupport native IPEDS UnitID (NCSES-assigned); no HERD era-B row carries this UNITID (NSF-funded institution outside the HERD UNITID set or HERD-side NULL — see backfill offer)
185536,Middlesex County C.,New Jersey,1971-2006,no,,native_unitid,FedSupport native IPEDS UnitID (NCSES-assigned); no HERD era-B row carries this UNITID (NSF-funded institution outside the HERD UNITID set or HERD-side NULL — see backfill offer)
185572,Monmouth U.,New Jersey,1971-2023,yes,Monmouth University,native_unitid,FedSupport native IPEDS UnitID (NCSES-assigned); joins HERD era-B on UNITID
185590,Montclair State U.,New Jersey,1971-2023,yes,Montclair State University,native_unitid,FedSupport native IPEDS UnitID (NCSES-assigned); joins HERD era-B on UNITID
185828,New Jersey Institute of Technology,New Jersey,1971-2023,yes,New Jersey Institute of Technology,native_unitid,FedSupport native IPEDS UnitID (NCSES-assigned); joins HERD era-B on UNITID
185873,Ocean County C.,New Jersey,1979-2012,no,,native_unitid,FedSupport native IPEDS UnitID (NCSES-assigned); no HERD era-B row carries this UNITID (NSF-funded institution outside the HERD UNITID set or HERD-side NULL — see backfill offer)
186034,Passaic County Community C.,New Jersey,1980-2023,no,,native_unitid,FedSupport native IPEDS UnitID (NCSES-assigned); no HERD era-B row carries this UNITID (NSF-funded institution outside the HERD UNITID set or HERD-side NULL — see backfill offer)
186122,Princeton Theological Seminary,New Jersey,1977-1991,no,,native_unitid,FedSupport native IPEDS UnitID (NCSES-assigned); no HERD era-B row carries this UNITID (NSF-funded institution outside the HERD UNITID set or HERD-side NULL — see backfill offer)
186131,Princeton U.,New Jersey,1971-2023,yes,Princeton University,native_unitid,FedSupport native IPEDS UnitID (NCSES-assigned); joins HERD era-B on UNITID
186201,Ramapo C. New Jersey,New Jersey,1972-2023,yes,Ramapo College of New Jersey,native_unitid,FedSupport native IPEDS UnitID (NCSES-assigned); joins HERD era-B on UNITID
186283,"Rider U., Lawrenceville",New Jersey,1971-2023,yes,Rider University,native_unitid,FedSupport native IPEDS UnitID (NCSES-assigned); joins HERD era-B on UNITID
186371,"Rutgers, The State U. New Jersey",New Jersey,1992-2023,yes,"Rutgers, The State University of New Jersey, Camden",native_unitid,FedSupport native IPEDS UnitID (NCSES-assigned); joins HERD era-B on UNITID
186380,"Rutgers, The State U. New Jersey",New Jersey,1971-2023,yes,"Rutgers, The State University of New Jersey, New Brunswick",native_unitid,FedSupport native IPEDS UnitID (NCSES-assigned); joins HERD era-B on UNITID
186399,"Rutgers, The State U. New Jersey",New Jersey,1992-2023,yes,"Rutgers, The State University of New Jersey, Newark",native_unitid,FedSupport native IPEDS UnitID (NCSES-assigned); joins HERD era-B on UNITID
186432,Saint Peter's U.,New Jersey,1971-2023,no,,native_unitid,FedSupport native IPEDS UnitID (NCSES-assigned); no HERD era-B row carries this UNITID (NSF-funded institution outside the HERD UNITID set or HERD-side NULL — see backfill offer)
186469,Salem Community C.,New Jersey,1998-1998,no,,native_unitid,FedSupport native IPEDS UnitID (NCSES-assigned); no HERD era-B row carries this UNITID (NSF-funded institution outside the HERD UNITID set or HERD-side NULL — see backfill offer)
186584,Seton Hall U.,New Jersey,1971-2023,yes,Seton Hall University,native_unitid,FedSupport native IPEDS UnitID (NCSES-assigned); joins HERD era-B on UNITID
186618,C. of Saint Elizabeth,New Jersey,1971-2010,no,,native_unitid,FedSupport native IPEDS UnitID (NCSES-assigned); no HERD era-B row carries this UNITID (NSF-funded institution outside the HERD UNITID set or HERD-side NULL — see backfill offer)
186645,Raritan Valley Community C.,New Jersey,1971-2016,no,,native_unitid,FedSupport native IPEDS UnitID (NCSES-assigned); no HERD era-B row carries this UNITID (NSF-funded institution outside the HERD UNITID set or HERD-side NULL — see backfill offer)
186867,Stevens Institute of Technology,New Jersey,1971-2023,yes,Stevens Institute of Technology,native_unitid,FedSupport native IPEDS UnitID (NCSES-assigned); joins HERD era-B on UNITID
186876,Stockton U.,New Jersey,1972-2023,yes,Stockton University,native_unitid,FedSupport native IPEDS UnitID (NCSES-assigned); joins HERD era-B on UNITID
187046,Thomas Edison State U.,New Jersey,1984-2023,no,,native_unitid,FedSupport native IPEDS UnitID (NCSES-assigned); no HERD era-B row carries this UNITID (NSF-funded institution outside the HERD UNITID set or HERD-side NULL — see backfill offer)
187134,"C. New Jersey, The",New Jersey,1971-2023,yes,"College of New Jersey, The",native_unitid,FedSupport native IPEDS UnitID (NCSES-assigned); joins HERD era-B on UNITID
187198,"Union County C., Cranford",New Jersey,1971-2021,no,,native_unitid,FedSupport native IPEDS UnitID (NCSES-assigned); no HERD era-B row carries this UNITID (NSF-funded institution outside the HERD UNITID set or HERD-side NULL — see backfill offer)
187222,"Rutgers, The State U. New Jersey",New Jersey,2008-2023,yes,University of Medicine and Dentistry of New Jersey,native_unitid,FedSupport native IPEDS UnitID (NCSES-assigned); joins HERD era-B on UNITID
187444,William Paterson U.,New Jersey,1971-2023,yes,William Paterson University,native_unitid,FedSupport native IPEDS UnitID (NCSES-assigned); joins HERD era-B on UNITID
187532,Central New Mexico Community C.,New Mexico,1994-2023,no,,native_unitid,FedSupport native IPEDS UnitID (NCSES-assigned); no HERD era-B row carries this UNITID (NSF-funded institution outside the HERD UNITID set or HERD-side NULL — see backfill offer)
187596,Navajo Technical U.,New Mexico,2008-2023,no,,native_unitid,FedSupport native IPEDS UnitID (NCSES-assigned); no HERD era-B row carries this UNITID (NSF-funded institution outside the HERD UNITID set or HERD-side NULL — see backfill offer)
187620,"New Mexico State U., Las Cruces",New Mexico,2004-2023,no,,native_unitid,FedSupport native IPEDS UnitID (NCSES-assigned); no HERD era-B row carries this UNITID (NSF-funded institution outside the HERD UNITID set or HERD-side NULL — see backfill offer)
187648,"Eastern New Mexico U., Portales",New Mexico,1971-2022,yes,"Eastern New Mexico University, Portales",native_unitid,FedSupport native IPEDS UnitID (NCSES-assigned); joins HERD era-B on UNITID
187666,"Eastern New Mexico U., Portales",New Mexico,2000-2004,no,,native_unitid,FedSupport native IPEDS UnitID (NCSES-assigned); no HERD era-B row carries this UNITID (NSF-funded institution outside the HERD UNITID set or HERD-side NULL — see backfill offer)
187745,Institute of American Indian and Alaska Native Culture and Arts Development,New Mexico,1996-2023,no,,native_unitid,FedSupport native IPEDS UnitID (NCSES-assigned); no HERD era-B row carries this UNITID (NSF-funded institution outside the HERD UNITID set or HERD-side NULL — see backfill offer)
187897,New Mexico Highlands U.,New Mexico,1971-2023,yes,New Mexico Highlands University,native_unitid,FedSupport native IPEDS UnitID (NCSES-assigned); joins HERD era-B on UNITID
187903,New Mexico Jr. C.,New Mexico,2005-2005,no,,native_unitid,FedSupport native IPEDS UnitID (NCSES-assigned); no HERD era-B row carries this UNITID (NSF-funded institution outside the HERD UNITID set or HERD-side NULL — see backfill offer)
187912,New Mexico Military Institute,New Mexico,1992-2015,no,,native_unitid,FedSupport native IPEDS UnitID (NCSES-assigned); no HERD era-B row carries this UNITID (NSF-funded institution outside the HERD UNITID set or HERD-side NULL — see backfill offer)
187958,U. New Mexico,New Mexico,2004-2006,no,,native_unitid,FedSupport native IPEDS UnitID (NCSES-assigned); no HERD era-B row carries this UNITID (NSF-funded institution outside the HERD UNITID set or HERD-side NULL — see backfill offer)
187967,New Mexico Institute of Mining and Technology,New Mexico,1971-2023,yes,New Mexico Institute of Mining and Technology,native_unitid,FedSupport native IPEDS UnitID (NCSES-assigned); joins HERD era-B on UNITID
187976,U. New Mexico,New Mexico,1998-2022,no,,native_unitid,FedSupport native IPEDS UnitID (NCSES-assigned); no HERD era-B row carries this UNITID (NSF-funded institution outside the HERD UNITID set or HERD-side NULL — see backfill offer)
187985,U. New Mexico,New Mexico,1971-2023,yes,"University of New Mexico, The",native_unitid,FedSupport native IPEDS UnitID (NCSES-assigned); joins HERD era-B on UNITID
187994,"New Mexico State U., Las Cruces",New Mexico,1993-2011,no,,native_unitid,FedSupport native IPEDS UnitID (NCSES-assigned); no HERD era-B row carries this UNITID (NSF-funded institution outside the HERD UNITID set or HERD-side NULL — see backfill offer)
188003,"New Mexico State U., Las Cruces",New Mexico,1992-1993,no,,native_unitid,FedSupport native IPEDS UnitID (NCSES-assigned); no HERD era-B row carries this UNITID (NSF-funded institution outside the HERD UNITID set or HERD-side NULL — see backfill offer)
188021,"New Mexico State U., Las Cruces",New Mexico,1999-2023,no,,native_unitid,FedSupport native IPEDS UnitID (NCSES-assigned); no HERD era-B row carries this UNITID (NSF-funded institution outside the HERD UNITID set or HERD-side NULL — see backfill offer)
188030,"New Mexico State U., Las Cruces",New Mexico,1971-2023,yes,New Mexico State University,native_unitid,FedSupport native IPEDS UnitID (NCSES-assigned); joins HERD era-B on UNITID
188058,Northern New Mexico C.,New Mexico,1980-2023,yes,Northern New Mexico College,native_unitid,FedSupport native IPEDS UnitID (NCSES-assigned); joins HERD era-B on UNITID
188100,San Juan C.,New Mexico,1986-2021,no,,native_unitid,FedSupport native IPEDS UnitID (NCSES-assigned); no HERD era-B row carries this UNITID (NSF-funded institution outside the HERD UNITID set or HERD-side NULL — see backfill offer)
188137,Santa Fe Community C.,New Mexico,1991-2023,no,,native_unitid,FedSupport native IPEDS UnitID (NCSES-assigned); no HERD era-B row carries this UNITID (NSF-funded institution outside the HERD UNITID set or HERD-side NULL — see backfill offer)
188146,Santa Fe U. of Art and Design,New Mexico,1971-2001,no,,native_unitid,FedSupport native IPEDS UnitID (NCSES-assigned); no HERD era-B row carries this UNITID (NSF-funded institution outside the HERD UNITID set or HERD-side NULL — see backfill offer)
188182,U. of the Southwest,New Mexico,1994-1995,no,,native_unitid,FedSupport native IPEDS UnitID (NCSES-assigned); no HERD era-B row carries this UNITID (NSF-funded institution outside the HERD UNITID set or HERD-side NULL — see backfill offer)
188216,Southwestern Indian Polytechnic Institute,New Mexico,1994-2023,no,,native_unitid,FedSupport native IPEDS UnitID (NCSES-assigned); no HERD era-B row carries this UNITID (NSF-funded institution outside the HERD UNITID set or HERD-side NULL — see backfill offer)
188304,Western New Mexico U.,New Mexico,1971-2022,yes,Western New Mexico University,native_unitid,FedSupport native IPEDS UnitID (NCSES-assigned); joins HERD era-B on UNITID
188340,Vaughn C. Aeronautics and Technology,New York,1984-2022,no,,native_unitid,FedSupport native IPEDS UnitID (NCSES-assigned); no HERD era-B row carries this UNITID (NSF-funded institution outside the HERD UNITID set or HERD-side NULL — see backfill offer)
188429,Adelphi U.,New York,1971-2023,yes,Adelphi University,native_unitid,FedSupport native IPEDS UnitID (NCSES-assigned); joins HERD era-B on UNITID
188438,Adirondack Community C.,New York,1993-1997,no,,native_unitid,FedSupport native IPEDS UnitID (NCSES-assigned); no HERD era-B row carries this UNITID (NSF-funded institution outside the HERD UNITID set or HERD-side NULL — see backfill offer)
188517,"Bryant and Stratton C., Albany",New York,1980-1980,no,,native_unitid,FedSupport native IPEDS UnitID (NCSES-assigned); no HERD era-B row carries this UNITID (NSF-funded institution outside the HERD UNITID set or HERD-side NULL — see backfill offer)
188526,Albany C. Pharmacy and Health Sciences,New York,1971-2023,yes,Albany College of Pharmacy and Health Sciences,native_unitid,FedSupport native IPEDS UnitID (NCSES-assigned); joins HERD era-B on UNITID
188535,Albany Law School,New York,1996-2000,no,,native_unitid,FedSupport native IPEDS UnitID (NCSES-assigned); no HERD era-B row carries this UNITID (NSF-funded institution outside the HERD UNITID set or HERD-side NULL — see backfill offer)
188580,Albany Medical C.,New York,1971-2023,yes,Albany Medical College,native_unitid,FedSupport native IPEDS UnitID (NCSES-assigned); joins HERD era-B on UNITID
188641,Alfred U.,New York,1971-2023,yes,Alfred University,native_unitid,FedSupport native IPEDS UnitID (NCSES-assigned); joins HERD era-B on UNITID
189015,Bank Street C. Education,New York,1971-2023,yes,Bank Street College of Education,native_unitid,FedSupport native IPEDS UnitID (NCSES-assigned); joins HERD era-B on UNITID
189088,Bard C.,New York,1977-2023,no,,native_unitid,FedSupport native IPEDS UnitID (NCSES-assigned); no HERD era-B row carries this UNITID (NSF-funded institution outside the HERD UNITID set or HERD-side NULL — see backfill offer)
189097,Barnard C.,New York,1971-2023,yes,Barnard College,native_unitid,FedSupport native IPEDS UnitID (NCSES-assigned); joins HERD era-B on UNITID
189228,"Berkeley C., New York",New York,2010-2014,no,,native_unitid,FedSupport native IPEDS UnitID (NCSES-assigned); no HERD era-B row carries this UNITID (NSF-funded institution outside the HERD UNITID set or HERD-side NULL — see backfill offer)
189413,Boricua C.,New York,1997-1997,no,,native_unitid,FedSupport native IPEDS UnitID (NCSES-assigned); no HERD era-B row carries this UNITID (NSF-funded institution outside the HERD UNITID set or HERD-side NULL — see backfill offer)
189501,Brooklyn Law School,New York,1973-2012,no,,native_unitid,FedSupport native IPEDS UnitID (NCSES-assigned); no HERD era-B row carries this UNITID (NSF-funded institution outside the HERD UNITID set or HERD-side NULL — see backfill offer)
189547,Broome Community C.,New York,1971-1994,no,,native_unitid,FedSupport native IPEDS UnitID (NCSES-assigned); no HERD era-B row carries this UNITID (NSF-funded institution outside the HERD UNITID set or HERD-side NULL — see backfill offer)
189705,Canisius U.,New York,1971-2022,yes,Canisius College,native_unitid,FedSupport native IPEDS UnitID (NCSES-assigned); joins HERD era-B on UNITID
189811,Saint Vincent Catholic Medical Centers of New York,New York,1990-2009,no,,native_unitid,FedSupport native IPEDS UnitID (NCSES-assigned); no HERD era-B row carries this UNITID (NSF-funded institution outside the HERD UNITID set or HERD-side NULL — see backfill offer)
189839,"SUNY, Cayuga Community C.",New York,1978-2011,no,,native_unitid,FedSupport native IPEDS UnitID (NCSES-assigned); no HERD era-B row carries this UNITID (NSF-funded institution outside the HERD UNITID set or HERD-side NULL — see backfill offer)
189848,Cazenovia C.,New York,1971-1971,no,,native_unitid,FedSupport native IPEDS UnitID (NCSES-assigned); no HERD era-B row carries this UNITID (NSF-funded institution outside the HERD UNITID set or HERD-side NULL — see backfill offer)
189857,Central Yeshiva Tomchei Tmimim Lubavitz,New York,1999-1999,no,,native_unitid,FedSupport native IPEDS UnitID (NCSES-assigned); no HERD era-B row carries this UNITID (NSF-funded institution outside the HERD UNITID set or HERD-side NULL — see backfill offer)
189981,Christ the King Seminary,New York,1971-1973,no,,native_unitid,FedSupport native IPEDS UnitID (NCSES-assigned); no HERD era-B row carries this UNITID (NSF-funded institution outside the HERD UNITID set or HERD-side NULL — see backfill offer)
190035,"CUNY, system office",New York,1971-2023,yes,City University of New York system office,native_unitid,FedSupport native IPEDS UnitID (NCSES-assigned); joins HERD era-B on UNITID
190044,Clarkson U.,New York,1971-2023,yes,Clarkson University,native_unitid,FedSupport native IPEDS UnitID (NCSES-assigned); joins HERD era-B on UNITID
190099,Colgate U.,New York,1971-2023,yes,Colgate University,native_unitid,FedSupport native IPEDS UnitID (NCSES-assigned); joins HERD era-B on UNITID
190114,Metropolitan C. New York,New York,2009-2009,no,,native_unitid,FedSupport native IPEDS UnitID (NCSES-assigned); no HERD era-B row carries this UNITID (NSF-funded institution outside the HERD UNITID set or HERD-side NULL — see backfill offer)
190150,Columbia U. in the City of New York,New York,1971-2023,yes,Columbia University in the City of New York,native_unitid,FedSupport native IPEDS UnitID (NCSES-assigned); joins HERD era-B on UNITID
190169,Columbia-Greene Community C.,New York,1972-1992,no,,native_unitid,FedSupport native IPEDS UnitID (NCSES-assigned); no HERD era-B row carries this UNITID (NSF-funded institution outside the HERD UNITID set or HERD-side NULL — see backfill offer)
190372,Cooper Union for the Advancement of Science and Art,New York,1971-2022,yes,"Cooper Union for the Advancement of Science and Art, The",native_unitid,FedSupport native IPEDS UnitID (NCSES-assigned); joins HERD era-B on UNITID
190415,"Cornell U., Ithaca",New York,1971-2023,yes,Cornell University,native_unitid,FedSupport native IPEDS UnitID (NCSES-assigned); joins HERD era-B on UNITID
190424,"Cornell U., Ithaca",New York,1992-2023,no,,native_unitid,FedSupport native IPEDS UnitID (NCSES-assigned); no HERD era-B row carries this UNITID (NSF-funded institution outside the HERD UNITID set or HERD-side NULL — see backfill offer)
190442,"SUNY, Corning Community C.",New York,1971-2004,no,,native_unitid,FedSupport native IPEDS UnitID (NCSES-assigned); no HERD era-B row carries this UNITID (NSF-funded institution outside the HERD UNITID set or HERD-side NULL — see backfill offer)
190512,"CUNY, Baruch C.",New York,1972-2023,yes,"City University of New York, The, Baruch College",native_unitid,FedSupport native IPEDS UnitID (NCSES-assigned); joins HERD era-B on UNITID
190521,"CUNY, Borough of Manhattan Community C.",New York,1980-2023,no,,native_unitid,FedSupport native IPEDS UnitID (NCSES-assigned); no HERD era-B row carries this UNITID (NSF-funded institution outside the HERD UNITID set or HERD-side NULL — see backfill offer)
190530,"CUNY, Bronx Community C.",New York,1972-2022,no,,native_unitid,FedSupport native IPEDS UnitID (NCSES-assigned); no HERD era-B row carries this UNITID (NSF-funded institution outside the HERD UNITID set or HERD-side NULL — see backfill offer)
190549,"CUNY, Brooklyn C.",New York,1971-2023,yes,"City University of New York, The, Brooklyn College",native_unitid,FedSupport native IPEDS UnitID (NCSES-assigned); joins HERD era-B on UNITID
190558,"CUNY, C. Staten Island",New York,1971-2023,yes,"City University of New York, The, College of Staten Island",native_unitid,FedSupport native IPEDS UnitID (NCSES-assigned); joins HERD era-B on UNITID
190567,"CUNY, City C.",New York,1971-2023,yes,"City University of New York, The, The City College",native_unitid,FedSupport native IPEDS UnitID (NCSES-assigned); joins HERD era-B on UNITID
190576,"CUNY, Graduate Center",New York,1971-2023,yes,"City University of New York, The, Graduate Center, The",native_unitid,FedSupport native IPEDS UnitID (NCSES-assigned); joins HERD era-B on UNITID
190585,"CUNY, Hostos Community C.",New York,1972-2023,no,,native_unitid,FedSupport native IPEDS UnitID (NCSES-assigned); no HERD era-B row carries this UNITID (NSF-funded institution outside the HERD UNITID set or HERD-side NULL — see backfill offer)
190594,"CUNY, Hunter C.",New York,1971-2023,yes,"City University of New York, The, Hunter College",native_unitid,FedSupport native IPEDS UnitID (NCSES-assigned); joins HERD era-B on UNITID
190600,"CUNY, John Jay C. Criminal Justice",New York,1977-2023,yes,"City University of New York, The, John Jay College Criminal Justice",native_unitid,FedSupport native IPEDS UnitID (NCSES-assigned); joins HERD era-B on UNITID
190619,"CUNY, Kingsborough Community C.",New York,1971-2023,no,,native_unitid,FedSupport native IPEDS UnitID (NCSES-assigned); no HERD era-B row carries this UNITID (NSF-funded institution outside the HERD UNITID set or HERD-side NULL — see backfill offer)
190628,"CUNY, LaGuardia Community C.",New York,1974-2023,no,,native_unitid,FedSupport native IPEDS UnitID (NCSES-assigned); no HERD era-B row carries this UNITID (NSF-funded institution outside the HERD UNITID set or HERD-side NULL — see backfill offer)
190637,"CUNY, Lehman C.",New York,1971-2023,yes,"City University of New York, The, Lehman College",native_unitid,FedSupport native IPEDS UnitID (NCSES-assigned); joins HERD era-B on UNITID
190646,"CUNY, Medgar Evers C.",New York,1972-2023,yes,"City University of New York, The, Medgar Evers College",native_unitid,FedSupport native IPEDS UnitID (NCSES-assigned); joins HERD era-B on UNITID
190655,"CUNY, New York City C. Technology",New York,1971-2023,yes,"City University of New York, The, New York City College of Technology",native_unitid,FedSupport native IPEDS UnitID (NCSES-assigned); joins HERD era-B on UNITID
190664,"CUNY, Queens C.",New York,1971-2023,yes,"City University of New York, The, Queens College",native_unitid,FedSupport native IPEDS UnitID (NCSES-assigned); joins HERD era-B on UNITID
190673,"CUNY, Queensborough Community C.",New York,1972-2023,no,,native_unitid,FedSupport native IPEDS UnitID (NCSES-assigned); no HERD era-B row carries this UNITID (NSF-funded institution outside the HERD UNITID set or HERD-side NULL — see backfill offer)
190691,"York C., City U. New York",New York,1971-2023,yes,"City University of New York, The, York College",native_unitid,FedSupport native IPEDS UnitID (NCSES-assigned); joins HERD era-B on UNITID
190716,D'Youville U.,New York,1971-2023,yes,D'Youville College,native_unitid,FedSupport native IPEDS UnitID (NCSES-assigned); joins HERD era-B on UNITID
190725,Daemen C.,New York,1977-2011,yes,Daemen College,native_unitid,FedSupport native IPEDS UnitID (NCSES-assigned); joins HERD era-B on UNITID
190761,Dominican C.,New York,1971-2022,no,,native_unitid,FedSupport native IPEDS UnitID (NCSES-assigned); no HERD era-B row carries this UNITID (NSF-funded institution outside the HERD UNITID set or HERD-side NULL — see backfill offer)
190770,Dowling C.,New York,1971-2015,yes,Dowling College,native_unitid,FedSupport native IPEDS UnitID (NCSES-assigned); joins HERD era-B on UNITID
190840,"SUNY, Dutchess Community C.",New York,1971-2002,no,,native_unitid,FedSupport native IPEDS UnitID (NCSES-assigned); no HERD era-B row carries this UNITID (NSF-funded institution outside the HERD UNITID set or HERD-side NULL — see backfill offer)
190983,Elmira C.,New York,1972-1993,no,,native_unitid,FedSupport native IPEDS UnitID (NCSES-assigned); no HERD era-B row carries this UNITID (NSF-funded institution outside the HERD UNITID set or HERD-side NULL — see backfill offer)
191065,"SUNY, Erie Community C.",New York,1976-2008,no,,native_unitid,FedSupport native IPEDS UnitID (NCSES-assigned); no HERD era-B row carries this UNITID (NSF-funded institution outside the HERD UNITID set or HERD-side NULL — see backfill offer)
191083,"SUNY, Erie Community C., Buffalo",New York,2020-2020,no,,native_unitid,FedSupport native IPEDS UnitID (NCSES-assigned); no HERD era-B row carries this UNITID (NSF-funded institution outside the HERD UNITID set or HERD-side NULL — see backfill offer)
191126,"SUNY, Fashion Institute of Technology",New York,1988-2021,yes,State University of New York Fashion Institute of Technology,native_unitid,FedSupport native IPEDS UnitID (NCSES-assigned); joins HERD era-B on UNITID
191199,"SUNY, Finger Lakes Community C.",New York,1972-2020,no,,native_unitid,FedSupport native IPEDS UnitID (NCSES-assigned); no HERD era-B row carries this UNITID (NSF-funded institution outside the HERD UNITID set or HERD-side NULL — see backfill offer)
191241,Fordham U.,New York,1971-2023,yes,Fordham University,native_unitid,FedSupport native IPEDS UnitID (NCSES-assigned); joins HERD era-B on UNITID
191302,"SUNY, Fulton-Montgomery Community C.",New York,1972-2023,no,,native_unitid,FedSupport native IPEDS UnitID (NCSES-assigned); no HERD era-B row carries this UNITID (NSF-funded institution outside the HERD UNITID set or HERD-side NULL — see backfill offer)
191339,"SUNY, Genesee Community C.",New York,1975-2013,no,,native_unitid,FedSupport native IPEDS UnitID (NCSES-assigned); no HERD era-B row carries this UNITID (NSF-funded institution outside the HERD UNITID set or HERD-side NULL — see backfill offer)
191515,Hamilton C.,New York,1971-2023,yes,Hamilton College,native_unitid,FedSupport native IPEDS UnitID (NCSES-assigned); joins HERD era-B on UNITID
191533,Hartwick C.,New York,1975-2022,no,,native_unitid,FedSupport native IPEDS UnitID (NCSES-assigned); no HERD era-B row carries this UNITID (NSF-funded institution outside the HERD UNITID set or HERD-side NULL — see backfill offer)
191597,Helene Fuld C. of Nursing,New York,2006-2008,no,,native_unitid,FedSupport native IPEDS UnitID (NCSES-assigned); no HERD era-B row carries this UNITID (NSF-funded institution outside the HERD UNITID set or HERD-side NULL — see backfill offer)
191612,Herkimer County Community C.,New York,1972-1974,no,,native_unitid,FedSupport native IPEDS UnitID (NCSES-assigned); no HERD era-B row carries this UNITID (NSF-funded institution outside the HERD UNITID set or HERD-side NULL — see backfill offer)
191621,Hilbert C.,New York,1987-1987,no,,native_unitid,FedSupport native IPEDS UnitID (NCSES-assigned); no HERD era-B row carries this UNITID (NSF-funded institution outside the HERD UNITID set or HERD-side NULL — see backfill offer)
191630,Hobart and William Smith Colleges,New York,1971-2023,yes,Hobart and William Smith Colleges,native_unitid,FedSupport native IPEDS UnitID (NCSES-assigned); joins HERD era-B on UNITID
191649,Hofstra U.,New York,1971-2023,yes,Hofstra University,native_unitid,FedSupport native IPEDS UnitID (NCSES-assigned); joins HERD era-B on UNITID
191676,Houghton C.,New York,1972-1994,no,,native_unitid,FedSupport native IPEDS UnitID (NCSES-assigned); no HERD era-B row carries this UNITID (NSF-funded institution outside the HERD UNITID set or HERD-side NULL — see backfill offer)
191719,Hudson Valley Community C.,New York,1971-2022,no,,native_unitid,FedSupport native IPEDS UnitID (NCSES-assigned); no HERD era-B row carries this UNITID (NSF-funded institution outside the HERD UNITID set or HERD-side NULL — see backfill offer)
191931,Iona C.,New York,1973-2023,yes,Iona College,native_unitid,FedSupport native IPEDS UnitID (NCSES-assigned); joins HERD era-B on UNITID
191968,Ithaca C.,New York,1971-2023,yes,Ithaca College,native_unitid,FedSupport native IPEDS UnitID (NCSES-assigned); joins HERD era-B on UNITID
191986,"SUNY, Jamestown Community C.",New York,1971-2014,no,,native_unitid,FedSupport native IPEDS UnitID (NCSES-assigned); no HERD era-B row carries this UNITID (NSF-funded institution outside the HERD UNITID set or HERD-side NULL — see backfill offer)
192022,"SUNY, Jefferson Community C.",New York,1974-2002,no,,native_unitid,FedSupport native IPEDS UnitID (NCSES-assigned); no HERD era-B row carries this UNITID (NSF-funded institution outside the HERD UNITID set or HERD-side NULL — see backfill offer)
192040,Jewish Theological Seminary of America,New York,1990-1990,no,,native_unitid,FedSupport native IPEDS UnitID (NCSES-assigned); no HERD era-B row carries this UNITID (NSF-funded institution outside the HERD UNITID set or HERD-side NULL — see backfill offer)
192110,Juilliard School,New York,1971-1973,no,,native_unitid,FedSupport native IPEDS UnitID (NCSES-assigned); no HERD era-B row carries this UNITID (NSF-funded institution outside the HERD UNITID set or HERD-side NULL — see backfill offer)
192192,Keuka C.,New York,1971-2004,no,,native_unitid,FedSupport native IPEDS UnitID (NCSES-assigned); no HERD era-B row carries this UNITID (NSF-funded institution outside the HERD UNITID set or HERD-side NULL — see backfill offer)
192323,Le Moyne C.,New York,1971-2023,yes,Le Moyne College,native_unitid,FedSupport native IPEDS UnitID (NCSES-assigned); joins HERD era-B on UNITID
192439,Long Island U.,New York,1992-2023,no,,native_unitid,FedSupport native IPEDS UnitID (NCSES-assigned); no HERD era-B row carries this UNITID (NSF-funded institution outside the HERD UNITID set or HERD-side NULL — see backfill offer)
192448,Long Island U.,New York,1992-2021,yes,Long Island University,native_unitid,FedSupport native IPEDS UnitID (NCSES-assigned); joins HERD era-B on UNITID
192457,Long Island U.,New York,1971-2023,no,,native_unitid,FedSupport native IPEDS UnitID (NCSES-assigned); no HERD era-B row carries this UNITID (NSF-funded institution outside the HERD UNITID set or HERD-side NULL — see backfill offer)
192703,Manhattan C.,New York,1971-2023,yes,Manhattan College,native_unitid,FedSupport native IPEDS UnitID (NCSES-assigned); joins HERD era-B on UNITID
192712,Manhattan School of Music,New York,2010-2011,no,,native_unitid,FedSupport native IPEDS UnitID (NCSES-assigned); no HERD era-B row carries this UNITID (NSF-funded institution outside the HERD UNITID set or HERD-side NULL — see backfill offer)
192749,Manhattanville C.,New York,1972-1992,no,,native_unitid,FedSupport native IPEDS UnitID (NCSES-assigned); no HERD era-B row carries this UNITID (NSF-funded institution outside the HERD UNITID set or HERD-side NULL — see backfill offer)
192819,Marist C.,New York,1971-2022,yes,Marist College,native_unitid,FedSupport native IPEDS UnitID (NCSES-assigned); joins HERD era-B on UNITID
192864,Marymount Manhattan C.,New York,1971-1995,no,,native_unitid,FedSupport native IPEDS UnitID (NCSES-assigned); no HERD era-B row carries this UNITID (NSF-funded institution outside the HERD UNITID set or HERD-side NULL — see backfill offer)
192925,Medaille C.,New York,1975-2021,no,,native_unitid,FedSupport native IPEDS UnitID (NCSES-assigned); no HERD era-B row carries this UNITID (NSF-funded institution outside the HERD UNITID set or HERD-side NULL — see backfill offer)
193016,Mercy U.,New York,1978-2023,yes,Mercy College,native_unitid,FedSupport native IPEDS UnitID (NCSES-assigned); joins HERD era-B on UNITID
193283,"SUNY, Mohawk Valley Community C.",New York,1981-2019,no,,native_unitid,FedSupport native IPEDS UnitID (NCSES-assigned); no HERD era-B row carries this UNITID (NSF-funded institution outside the HERD UNITID set or HERD-side NULL — see backfill offer)
193292,Molloy C.,New York,2003-2023,yes,Molloy College,native_unitid,FedSupport native IPEDS UnitID (NCSES-assigned); joins HERD era-B on UNITID
193326,"SUNY, Monroe Community C.",New York,1971-2023,no,,native_unitid,FedSupport native IPEDS UnitID (NCSES-assigned); no HERD era-B row carries this UNITID (NSF-funded institution outside the HERD UNITID set or HERD-side NULL — see backfill offer)
193353,"Mount Saint Mary C., Newburgh",New York,1971-2023,no,,native_unitid,FedSupport native IPEDS UnitID (NCSES-assigned); no HERD era-B row carries this UNITID (NSF-funded institution outside the HERD UNITID set or HERD-side NULL — see backfill offer)
193399,C. Mount Saint Vincent,New York,1978-2021,no,,native_unitid,FedSupport native IPEDS UnitID (NCSES-assigned); no HERD era-B row carries this UNITID (NSF-funded institution outside the HERD UNITID set or HERD-side NULL — see backfill offer)
193405,Icahn School of Medicine at Mount Sinai,New York,1971-2023,yes,Icahn School of Medicine at Mount Sinai,native_unitid,FedSupport native IPEDS UnitID (NCSES-assigned); joins HERD era-B on UNITID
193478,"SUNY, Nassau Community C.",New York,1973-2023,no,,native_unitid,FedSupport native IPEDS UnitID (NCSES-assigned); no HERD era-B row carries this UNITID (NSF-funded institution outside the HERD UNITID set or HERD-side NULL — see backfill offer)
193584,Nazareth U.,New York,1981-2023,no,,native_unitid,FedSupport native IPEDS UnitID (NCSES-assigned); no HERD era-B row carries this UNITID (NSF-funded institution outside the HERD UNITID set or HERD-side NULL — see backfill offer)
193645,C. New Rochelle,New York,1975-2019,no,,native_unitid,FedSupport native IPEDS UnitID (NCSES-assigned); no HERD era-B row carries this UNITID (NSF-funded institution outside the HERD UNITID set or HERD-side NULL — see backfill offer)
193654,"New School, The",New York,1971-2023,yes,"New School, The",native_unitid,FedSupport native IPEDS UnitID (NCSES-assigned); joins HERD era-B on UNITID
193821,New York Law School,New York,1979-2014,yes,New York Law School,native_unitid,FedSupport native IPEDS UnitID (NCSES-assigned); joins HERD era-B on UNITID
193830,New York Medical C.,New York,1971-2023,yes,New York Medical College,native_unitid,FedSupport native IPEDS UnitID (NCSES-assigned); joins HERD era-B on UNITID
193900,New York U.,New York,1971-2023,yes,New York University,native_unitid,FedSupport native IPEDS UnitID (NCSES-assigned); joins HERD era-B on UNITID
193946,Niagara County Community C.,New York,1971-2020,no,,native_unitid,FedSupport native IPEDS UnitID (NCSES-assigned); no HERD era-B row carries this UNITID (NSF-funded institution outside the HERD UNITID set or HERD-side NULL — see backfill offer)
193973,Niagara U.,New York,1971-2007,yes,Niagara University,native_unitid,FedSupport native IPEDS UnitID (NCSES-assigned); joins HERD era-B on UNITID
194028,North Country Community C.,New York,1972-1981,no,,native_unitid,FedSupport native IPEDS UnitID (NCSES-assigned); no HERD era-B row carries this UNITID (NSF-funded institution outside the HERD UNITID set or HERD-side NULL — see backfill offer)
194073,New York C. of Podiatric Medicine,New York,1977-2011,no,,native_unitid,FedSupport native IPEDS UnitID (NCSES-assigned); no HERD era-B row carries this UNITID (NSF-funded institution outside the HERD UNITID set or HERD-side NULL — see backfill offer)
194091,New York Institute of Technology,New York,1971-2023,yes,New York Institute of Technology,native_unitid,FedSupport native IPEDS UnitID (NCSES-assigned); joins HERD era-B on UNITID
194161,Nyack C.,New York,1973-1973,no,,native_unitid,FedSupport native IPEDS UnitID (NCSES-assigned); no HERD era-B row carries this UNITID (NSF-funded institution outside the HERD UNITID set or HERD-side NULL — see backfill offer)
194222,"SUNY, Onondaga Community C.",New York,1971-2023,no,,native_unitid,FedSupport native IPEDS UnitID (NCSES-assigned); no HERD era-B row carries this UNITID (NSF-funded institution outside the HERD UNITID set or HERD-side NULL — see backfill offer)
194240,Orange County Community C.,New York,1971-1975,no,,native_unitid,FedSupport native IPEDS UnitID (NCSES-assigned); no HERD era-B row carries this UNITID (NSF-funded institution outside the HERD UNITID set or HERD-side NULL — see backfill offer)
194286,"Pace U., New York City",New York,1993-2007,no,,native_unitid,FedSupport native IPEDS UnitID (NCSES-assigned); no HERD era-B row carries this UNITID (NSF-funded institution outside the HERD UNITID set or HERD-side NULL — see backfill offer)
194295,"Pace U., New York City",New York,1996-2019,no,,native_unitid,FedSupport native IPEDS UnitID (NCSES-assigned); no HERD era-B row carries this UNITID (NSF-funded institution outside the HERD UNITID set or HERD-side NULL — see backfill offer)
194310,"Pace U., New York City",New York,1971-2023,yes,Pace University,native_unitid,FedSupport native IPEDS UnitID (NCSES-assigned); joins HERD era-B on UNITID
194392,Paul Smith's C.,New York,1978-2014,no,,native_unitid,FedSupport native IPEDS UnitID (NCSES-assigned); no HERD era-B row carries this UNITID (NSF-funded institution outside the HERD UNITID set or HERD-side NULL — see backfill offer)
194541,New York U.,New York,1971-2016,yes,Polytechnic Institute of New York University,native_unitid,FedSupport native IPEDS UnitID (NCSES-assigned); joins HERD era-B on UNITID
194578,Pratt Institute,New York,1971-2023,yes,Pratt Institute,native_unitid,FedSupport native IPEDS UnitID (NCSES-assigned); joins HERD era-B on UNITID
194824,"Rensselaer Polytechnic Institute, Troy",New York,1971-2023,yes,Rensselaer Polytechnic Institute,native_unitid,FedSupport native IPEDS UnitID (NCSES-assigned); joins HERD era-B on UNITID
194958,Roberts Wesleyan U.,New York,1986-2010,no,,native_unitid,FedSupport native IPEDS UnitID (NCSES-assigned); no HERD era-B row carries this UNITID (NSF-funded institution outside the HERD UNITID set or HERD-side NULL — see backfill offer)
194967,"Everest Institute, Rochester",New York,1998-1998,no,,native_unitid,FedSupport native IPEDS UnitID (NCSES-assigned); no HERD era-B row carries this UNITID (NSF-funded institution outside the HERD UNITID set or HERD-side NULL — see backfill offer)
195003,Rochester Institute of Technology,New York,1971-2023,yes,Rochester Institute of Technology,native_unitid,FedSupport native IPEDS UnitID (NCSES-assigned); joins HERD era-B on UNITID
195030,U. Rochester,New York,1971-2023,yes,University of Rochester,native_unitid,FedSupport native IPEDS UnitID (NCSES-assigned); joins HERD era-B on UNITID
195049,"Rockefeller U., The",New York,1971-2023,yes,"Rockefeller University, The",native_unitid,FedSupport native IPEDS UnitID (NCSES-assigned); joins HERD era-B on UNITID
195058,"SUNY, Rockland Community C.",New York,1971-2013,no,,native_unitid,FedSupport native IPEDS UnitID (NCSES-assigned); no HERD era-B row carries this UNITID (NSF-funded institution outside the HERD UNITID set or HERD-side NULL — see backfill offer)
195128,Sage Colleges,New York,1971-2015,yes,"The Sage Colleges, system office",native_unitid,FedSupport native IPEDS UnitID (NCSES-assigned); joins HERD era-B on UNITID
195164,St. Bonaventure U.,New York,1971-2023,yes,St. Bonaventure University,native_unitid,FedSupport native IPEDS UnitID (NCSES-assigned); joins HERD era-B on UNITID
195173,St. Francis C.,New York,1971-2007,no,,native_unitid,FedSupport native IPEDS UnitID (NCSES-assigned); no HERD era-B row carries this UNITID (NSF-funded institution outside the HERD UNITID set or HERD-side NULL — see backfill offer)
195216,St. Lawrence U.,New York,1971-2022,yes,St. Lawrence University,native_unitid,FedSupport native IPEDS UnitID (NCSES-assigned); joins HERD era-B on UNITID
195234,C. of Saint Rose,New York,1971-2013,no,,native_unitid,FedSupport native IPEDS UnitID (NCSES-assigned); no HERD era-B row carries this UNITID (NSF-funded institution outside the HERD UNITID set or HERD-side NULL — see backfill offer)
195243,St. Thomas Aquinas C.,New York,1971-2000,no,,native_unitid,FedSupport native IPEDS UnitID (NCSES-assigned); no HERD era-B row carries this UNITID (NSF-funded institution outside the HERD UNITID set or HERD-side NULL — see backfill offer)
195304,Sarah Lawrence C.,New York,1971-2021,yes,Sarah Lawrence College,native_unitid,FedSupport native IPEDS UnitID (NCSES-assigned); joins HERD era-B on UNITID
195322,Schenectady County Community C.,New York,1990-1994,no,,native_unitid,FedSupport native IPEDS UnitID (NCSES-assigned); no HERD era-B row carries this UNITID (NSF-funded institution outside the HERD UNITID set or HERD-side NULL — see backfill offer)
195474,Siena C.,New York,1975-2023,yes,Siena College,native_unitid,FedSupport native IPEDS UnitID (NCSES-assigned); joins HERD era-B on UNITID
195526,Skidmore C.,New York,1971-2023,yes,Skidmore College,native_unitid,FedSupport native IPEDS UnitID (NCSES-assigned); joins HERD era-B on UNITID
195544,"Saint Joseph's C., New York",New York,1971-2006,no,,native_unitid,FedSupport native IPEDS UnitID (NCSES-assigned); no HERD era-B row carries this UNITID (NSF-funded institution outside the HERD UNITID set or HERD-side NULL — see backfill offer)
195580,Saint Vladimir's Orthodox Theological Seminary,New York,2006-2006,no,,native_unitid,FedSupport native IPEDS UnitID (NCSES-assigned); no HERD era-B row carries this UNITID (NSF-funded institution outside the HERD UNITID set or HERD-side NULL — see backfill offer)
195702,St. Elizabeth C. of Nursing,New York,2010-2010,no,,native_unitid,FedSupport native IPEDS UnitID (NCSES-assigned); no HERD era-B row carries this UNITID (NSF-funded institution outside the HERD UNITID set or HERD-side NULL — see backfill offer)
195720,St. John Fisher C.,New York,1974-2023,yes,Saint John Fisher University,native_unitid,FedSupport native IPEDS UnitID (NCSES-assigned); joins HERD era-B on UNITID
195784,"St. Paul's School of Nursing, Staten Island",New York,2010-2010,no,,native_unitid,FedSupport native IPEDS UnitID (NCSES-assigned); no HERD era-B row carries this UNITID (NSF-funded institution outside the HERD UNITID set or HERD-side NULL — see backfill offer)
195809,"St. John's U., New York",New York,1971-2023,yes,"St. John's University, New York",native_unitid,FedSupport native IPEDS UnitID (NCSES-assigned); joins HERD era-B on UNITID
195827,"State U. New York, System Office",New York,1971-2023,yes,"State University of New York, System Office",native_unitid,FedSupport native IPEDS UnitID (NCSES-assigned); joins HERD era-B on UNITID
195951,"State U. New York, Suffolk County Community C., Selden",New York,1972-2023,no,,native_unitid,FedSupport native IPEDS UnitID (NCSES-assigned); no HERD era-B row carries this UNITID (NSF-funded institution outside the HERD UNITID set or HERD-side NULL — see backfill offer)
195988,Sullivan County Community C.,New York,1971-1996,no,,native_unitid,FedSupport native IPEDS UnitID (NCSES-assigned); no HERD era-B row carries this UNITID (NSF-funded institution outside the HERD UNITID set or HERD-side NULL — see backfill offer)
196006,"SUNY, Alfred State, C. of Technology",New York,1971-2017,no,,native_unitid,FedSupport native IPEDS UnitID (NCSES-assigned); no HERD era-B row carries this UNITID (NSF-funded institution outside the HERD UNITID set or HERD-side NULL — see backfill offer)
196015,"State U. New York, C. Technology at Canton",New York,1972-2021,yes,"State University of New York, College of Technology at Canton",native_unitid,FedSupport native IPEDS UnitID (NCSES-assigned); joins HERD era-B on UNITID
196024,"SUNY C. of Technology, Delhi",New York,1971-1995,yes,"State University of New York, Delhi",native_unitid,FedSupport native IPEDS UnitID (NCSES-assigned); joins HERD era-B on UNITID
196033,"State U. New York, Cobleskill, C. Agriculture",New York,1987-2022,yes,State University of New York Cobleskill,native_unitid,FedSupport native IPEDS UnitID (NCSES-assigned); joins HERD era-B on UNITID
196042,"SUNY, Farmingdale State C.",New York,1976-2022,yes,"State University of New York, Farmingdale State College",native_unitid,FedSupport native IPEDS UnitID (NCSES-assigned); joins HERD era-B on UNITID
196051,"SUNY, Morrisville State C. of Agriculture and Technology",New York,1992-2014,yes,State University of New York College of Agriculture and Technology at Morrisville,native_unitid,FedSupport native IPEDS UnitID (NCSES-assigned); joins HERD era-B on UNITID
196060,"State U. New York, The, Albany",New York,1971-2023,yes,"State University of New York, University at Albany",native_unitid,FedSupport native IPEDS UnitID (NCSES-assigned); joins HERD era-B on UNITID
196079,"SUNY, Binghamton U.",New York,1971-2023,yes,"State University of New York, Binghamton University",native_unitid,FedSupport native IPEDS UnitID (NCSES-assigned); joins HERD era-B on UNITID
196088,"State U. New York, The, U. at Buffalo",New York,1971-2023,yes,"State University of New York, University at Buffalo",native_unitid,FedSupport native IPEDS UnitID (NCSES-assigned); joins HERD era-B on UNITID
196097,Stony Brook U.,New York,1971-2023,yes,"State University of New York, Stony Brook University",native_unitid,FedSupport native IPEDS UnitID (NCSES-assigned); joins HERD era-B on UNITID
196103,State U. New York C. Environmental Science and Forestry,New York,1971-2023,yes,State University of New York College of Environmental Science and Forestry,native_unitid,FedSupport native IPEDS UnitID (NCSES-assigned); joins HERD era-B on UNITID
196112,State U. New York Polytechnic Institute,New York,1985-2023,yes,State University of New York Polytechnic Institute,native_unitid,FedSupport native IPEDS UnitID (NCSES-assigned); joins HERD era-B on UNITID
196121,"SUNY, C. Brockport, The",New York,1971-2022,yes,"State University of New York, College at Brockport, The",native_unitid,FedSupport native IPEDS UnitID (NCSES-assigned); joins HERD era-B on UNITID
196130,State U. New York at Buffalo State U.,New York,1971-2023,yes,"State University of New York College, Buffalo State",native_unitid,FedSupport native IPEDS UnitID (NCSES-assigned); joins HERD era-B on UNITID
196149,State U. New York C. at Cortland,New York,1971-2021,yes,"State University of New York College, Cortland",native_unitid,FedSupport native IPEDS UnitID (NCSES-assigned); joins HERD era-B on UNITID
196158,"State U. New York at Fredonia, The",New York,1971-2022,yes,State University of New York College at Fredonia,native_unitid,FedSupport native IPEDS UnitID (NCSES-assigned); joins HERD era-B on UNITID
196167,"State U. New York at Geneseo, The",New York,1971-2023,yes,"State University of New York College, Geneseo",native_unitid,FedSupport native IPEDS UnitID (NCSES-assigned); joins HERD era-B on UNITID
196176,State U. New York at New Paltz,New York,1971-2023,yes,State University of New York at New Paltz,native_unitid,FedSupport native IPEDS UnitID (NCSES-assigned); joins HERD era-B on UNITID
196185,"State U. New York, Oneonta",New York,1971-2023,yes,"State University of New York College, Oneonta",native_unitid,FedSupport native IPEDS UnitID (NCSES-assigned); joins HERD era-B on UNITID
196194,State U. New York at Oswego,New York,1971-2023,yes,"State University of New York College, Oswego",native_unitid,FedSupport native IPEDS UnitID (NCSES-assigned); joins HERD era-B on UNITID
196200,"State U. New York at Potsdam, The",New York,1971-2023,yes,"State University of New York College, Potsdam",native_unitid,FedSupport native IPEDS UnitID (NCSES-assigned); joins HERD era-B on UNITID
196219,"State U. New York, Purchase C.",New York,1971-2023,yes,"State University of New York, Purchase College",native_unitid,FedSupport native IPEDS UnitID (NCSES-assigned); joins HERD era-B on UNITID
196228,"State U. New York, C. Optometry",New York,1972-2023,yes,State University of New York College of Optometry,native_unitid,FedSupport native IPEDS UnitID (NCSES-assigned); joins HERD era-B on UNITID
196237,State U. New York at Old Westbury,New York,1971-2023,yes,State University of New York College at Old Westbury,native_unitid,FedSupport native IPEDS UnitID (NCSES-assigned); joins HERD era-B on UNITID
196246,"State U. New York, The, Plattsburg",New York,1971-2021,yes,"State University of New York College, Plattsburgh",native_unitid,FedSupport native IPEDS UnitID (NCSES-assigned); joins HERD era-B on UNITID
196255,"SUNY, Downstate Health Sciences U.",New York,1971-2023,yes,"State University of New York, Downstate Medical Center",native_unitid,FedSupport native IPEDS UnitID (NCSES-assigned); joins HERD era-B on UNITID
196264,"SUNY, Empire State C.",New York,1975-2014,yes,"State University of New York, Empire State College",native_unitid,FedSupport native IPEDS UnitID (NCSES-assigned); joins HERD era-B on UNITID
196291,"State U. New York, Maritime C.",New York,1971-2023,yes,"State University of New York, Maritime College",native_unitid,FedSupport native IPEDS UnitID (NCSES-assigned); joins HERD era-B on UNITID
196307,"State U. New York, Upstate Medical U.",New York,1971-2023,yes,"State University of New York, Upstate Medical University",native_unitid,FedSupport native IPEDS UnitID (NCSES-assigned); joins HERD era-B on UNITID
196413,"Syracuse U., Syracuse",New York,1992-2023,yes,Syracuse University,native_unitid,FedSupport native IPEDS UnitID (NCSES-assigned); joins HERD era-B on UNITID
196468,"Teachers C., Columbia U.",New York,1971-2023,yes,"Teachers College, Columbia University",native_unitid,FedSupport native IPEDS UnitID (NCSES-assigned); joins HERD era-B on UNITID
196477,"Technical Career Institutes, New York",New York,1994-1994,no,,native_unitid,FedSupport native IPEDS UnitID (NCSES-assigned); no HERD era-B row carries this UNITID (NSF-funded institution outside the HERD UNITID set or HERD-side NULL — see backfill offer)
196565,Tompkins Cortland Community C.,New York,1971-2011,no,,native_unitid,FedSupport native IPEDS UnitID (NCSES-assigned); no HERD era-B row carries this UNITID (NSF-funded institution outside the HERD UNITID set or HERD-side NULL — see backfill offer)
196592,Touro C. and U. System,New York,1987-2023,yes,Touro College,native_unitid,FedSupport native IPEDS UnitID (NCSES-assigned); joins HERD era-B on UNITID
196653,Trocaire C.,New York,1997-2022,no,,native_unitid,FedSupport native IPEDS UnitID (NCSES-assigned); no HERD era-B row carries this UNITID (NSF-funded institution outside the HERD UNITID set or HERD-side NULL — see backfill offer)
196680,Excelsior U.,New York,1979-2018,no,,native_unitid,FedSupport native IPEDS UnitID (NCSES-assigned); no HERD era-B row carries this UNITID (NSF-funded institution outside the HERD UNITID set or HERD-side NULL — see backfill offer)
196699,Ulster County Community C.,New York,1974-2022,no,,native_unitid,FedSupport native IPEDS UnitID (NCSES-assigned); no HERD era-B row carries this UNITID (NSF-funded institution outside the HERD UNITID set or HERD-side NULL — see backfill offer)
196866,"Union C., Schenectady",New York,1971-2023,yes,"Union College, Schenectady",native_unitid,FedSupport native IPEDS UnitID (NCSES-assigned); joins HERD era-B on UNITID
197027,U.S. Merchant Marine Academy,New York,1998-2021,no,,native_unitid,FedSupport native IPEDS UnitID (NCSES-assigned); no HERD era-B row carries this UNITID (NSF-funded institution outside the HERD UNITID set or HERD-side NULL — see backfill offer)
197036,U.S. Military Academy,New York,1998-2023,yes,United States Military Academy,native_unitid,FedSupport native IPEDS UnitID (NCSES-assigned); joins HERD era-B on UNITID
197045,Utica C.,New York,1993-2023,yes,Utica College,native_unitid,FedSupport native IPEDS UnitID (NCSES-assigned); joins HERD era-B on UNITID
197133,Vassar C.,New York,1971-2023,yes,Vassar College,native_unitid,FedSupport native IPEDS UnitID (NCSES-assigned); joins HERD era-B on UNITID
197142,Villa Maria C. Buffalo,New York,1997-1997,no,,native_unitid,FedSupport native IPEDS UnitID (NCSES-assigned); no HERD era-B row carries this UNITID (NSF-funded institution outside the HERD UNITID set or HERD-side NULL — see backfill offer)
197197,Wagner C.,New York,1971-2007,no,,native_unitid,FedSupport native IPEDS UnitID (NCSES-assigned); no HERD era-B row carries this UNITID (NSF-funded institution outside the HERD UNITID set or HERD-side NULL — see backfill offer)
197221,Webb Institute,New York,1971-2018,no,,native_unitid,FedSupport native IPEDS UnitID (NCSES-assigned); no HERD era-B row carries this UNITID (NSF-funded institution outside the HERD UNITID set or HERD-side NULL — see backfill offer)
197230,Wells C.,New York,1975-2002,no,,native_unitid,FedSupport native IPEDS UnitID (NCSES-assigned); no HERD era-B row carries this UNITID (NSF-funded institution outside the HERD UNITID set or HERD-side NULL — see backfill offer)
197294,"SUNY, Westchester Community C.",New York,1977-2023,no,,native_unitid,FedSupport native IPEDS UnitID (NCSES-assigned); no HERD era-B row carries this UNITID (NSF-funded institution outside the HERD UNITID set or HERD-side NULL — see backfill offer)
197708,Yeshiva U.,New York,1971-2023,yes,Yeshiva University,native_unitid,FedSupport native IPEDS UnitID (NCSES-assigned); joins HERD era-B on UNITID
197814,C. the Albemarle,North Carolina,1971-2003,no,,native_unitid,FedSupport native IPEDS UnitID (NCSES-assigned); no HERD era-B row carries this UNITID (NSF-funded institution outside the HERD UNITID set or HERD-side NULL — see backfill offer)
197869,Appalachian State U.,North Carolina,1971-2023,yes,Appalachian State University,native_unitid,FedSupport native IPEDS UnitID (NCSES-assigned); joins HERD era-B on UNITID
197887,Asheville-Buncombe Technical Community C.,North Carolina,1987-2018,no,,native_unitid,FedSupport native IPEDS UnitID (NCSES-assigned); no HERD era-B row carries this UNITID (NSF-funded institution outside the HERD UNITID set or HERD-side NULL — see backfill offer)
197911,Barton C.,North Carolina,1981-1987,no,,native_unitid,FedSupport native IPEDS UnitID (NCSES-assigned); no HERD era-B row carries this UNITID (NSF-funded institution outside the HERD UNITID set or HERD-side NULL — see backfill offer)
197966,Beaufort County Community C.,North Carolina,2009-2009,no,,native_unitid,FedSupport native IPEDS UnitID (NCSES-assigned); no HERD era-B row carries this UNITID (NSF-funded institution outside the HERD UNITID set or HERD-side NULL — see backfill offer)
197984,Belmont Abbey C.,North Carolina,1972-2023,no,,native_unitid,FedSupport native IPEDS UnitID (NCSES-assigned); no HERD era-B row carries this UNITID (NSF-funded institution outside the HERD UNITID set or HERD-side NULL — see backfill offer)
197993,"Bennett C., Greensboro",North Carolina,1971-2023,no,,native_unitid,FedSupport native IPEDS UnitID (NCSES-assigned); no HERD era-B row carries this UNITID (NSF-funded institution outside the HERD UNITID set or HERD-side NULL — see backfill offer)
198011,Bladen Community C.,North Carolina,1994-1994,no,,native_unitid,FedSupport native IPEDS UnitID (NCSES-assigned); no HERD era-B row carries this UNITID (NSF-funded institution outside the HERD UNITID set or HERD-side NULL — see backfill offer)
198039,"Blue Ridge Community C., Flat Rock",North Carolina,1989-1989,no,,native_unitid,FedSupport native IPEDS UnitID (NCSES-assigned); no HERD era-B row carries this UNITID (NSF-funded institution outside the HERD UNITID set or HERD-side NULL — see backfill offer)
198066,Brevard C.,North Carolina,1978-2017,no,,native_unitid,FedSupport native IPEDS UnitID (NCSES-assigned); no HERD era-B row carries this UNITID (NSF-funded institution outside the HERD UNITID set or HERD-side NULL — see backfill offer)
198084,Brunswick Community C.,North Carolina,2010-2010,no,,native_unitid,FedSupport native IPEDS UnitID (NCSES-assigned); no HERD era-B row carries this UNITID (NSF-funded institution outside the HERD UNITID set or HERD-side NULL — see backfill offer)
198118,Caldwell Community C. and Technical Institute,North Carolina,1972-1973,no,,native_unitid,FedSupport native IPEDS UnitID (NCSES-assigned); no HERD era-B row carries this UNITID (NSF-funded institution outside the HERD UNITID set or HERD-side NULL — see backfill offer)
198136,Campbell U.,North Carolina,1972-2022,no,,native_unitid,FedSupport native IPEDS UnitID (NCSES-assigned); no HERD era-B row carries this UNITID (NSF-funded institution outside the HERD UNITID set or HERD-side NULL — see backfill offer)
198154,Cape Fear Community C.,North Carolina,1971-2020,no,,native_unitid,FedSupport native IPEDS UnitID (NCSES-assigned); no HERD era-B row carries this UNITID (NSF-funded institution outside the HERD UNITID set or HERD-side NULL — see backfill offer)
198206,Carteret Community C.,North Carolina,2001-2001,no,,native_unitid,FedSupport native IPEDS UnitID (NCSES-assigned); no HERD era-B row carries this UNITID (NSF-funded institution outside the HERD UNITID set or HERD-side NULL — see backfill offer)
198215,Catawba C.,North Carolina,1971-2015,no,,native_unitid,FedSupport native IPEDS UnitID (NCSES-assigned); no HERD era-B row carries this UNITID (NSF-funded institution outside the HERD UNITID set or HERD-side NULL — see backfill offer)
198233,Catawba Valley Community C.,North Carolina,2007-2007,no,,native_unitid,FedSupport native IPEDS UnitID (NCSES-assigned); no HERD era-B row carries this UNITID (NSF-funded institution outside the HERD UNITID set or HERD-side NULL — see backfill offer)
198251,Central Carolina Community C.,North Carolina,2015-2017,no,,native_unitid,FedSupport native IPEDS UnitID (NCSES-assigned); no HERD era-B row carries this UNITID (NSF-funded institution outside the HERD UNITID set or HERD-side NULL — see backfill offer)
198260,Central Piedmont Community C.,North Carolina,1971-2018,no,,native_unitid,FedSupport native IPEDS UnitID (NCSES-assigned); no HERD era-B row carries this UNITID (NSF-funded institution outside the HERD UNITID set or HERD-side NULL — see backfill offer)
198303,Chowan U.,North Carolina,1971-2012,no,,native_unitid,FedSupport native IPEDS UnitID (NCSES-assigned); no HERD era-B row carries this UNITID (NSF-funded institution outside the HERD UNITID set or HERD-side NULL — see backfill offer)
198321,Cleveland Community C.,North Carolina,2007-2011,no,,native_unitid,FedSupport native IPEDS UnitID (NCSES-assigned); no HERD era-B row carries this UNITID (NSF-funded institution outside the HERD UNITID set or HERD-side NULL — see backfill offer)
198330,Coastal Carolina Community C.,North Carolina,2011-2011,no,,native_unitid,FedSupport native IPEDS UnitID (NCSES-assigned); no HERD era-B row carries this UNITID (NSF-funded institution outside the HERD UNITID set or HERD-side NULL — see backfill offer)
198367,Craven Community C.,North Carolina,2010-2010,no,,native_unitid,FedSupport native IPEDS UnitID (NCSES-assigned); no HERD era-B row carries this UNITID (NSF-funded institution outside the HERD UNITID set or HERD-side NULL — see backfill offer)
198376,Davidson-Davie County Community C.,North Carolina,1971-2007,no,,native_unitid,FedSupport native IPEDS UnitID (NCSES-assigned); no HERD era-B row carries this UNITID (NSF-funded institution outside the HERD UNITID set or HERD-side NULL — see backfill offer)
198385,Davidson C.,North Carolina,1972-2023,yes,Davidson College,native_unitid,FedSupport native IPEDS UnitID (NCSES-assigned); joins HERD era-B on UNITID
198419,Duke U.,North Carolina,1971-2023,yes,Duke University,native_unitid,FedSupport native IPEDS UnitID (NCSES-assigned); joins HERD era-B on UNITID
198455,Durham Technical Community C.,North Carolina,2011-2021,no,,native_unitid,FedSupport native IPEDS UnitID (NCSES-assigned); no HERD era-B row carries this UNITID (NSF-funded institution outside the HERD UNITID set or HERD-side NULL — see backfill offer)
198464,East Carolina U.,North Carolina,1971-2023,yes,East Carolina University,native_unitid,FedSupport native IPEDS UnitID (NCSES-assigned); joins HERD era-B on UNITID
198491,Edgecombe Community C.,North Carolina,1973-2023,no,,native_unitid,FedSupport native IPEDS UnitID (NCSES-assigned); no HERD era-B row carries this UNITID (NSF-funded institution outside the HERD UNITID set or HERD-side NULL — see backfill offer)
198507,Elizabeth City State U.,North Carolina,1971-2023,yes,Elizabeth City State University,native_unitid,FedSupport native IPEDS UnitID (NCSES-assigned); joins HERD era-B on UNITID
198516,Elon U.,North Carolina,1985-2023,yes,Elon University,native_unitid,FedSupport native IPEDS UnitID (NCSES-assigned); joins HERD era-B on UNITID
198534,Fayetteville Technical Community C.,North Carolina,2008-2009,no,,native_unitid,FedSupport native IPEDS UnitID (NCSES-assigned); no HERD era-B row carries this UNITID (NSF-funded institution outside the HERD UNITID set or HERD-side NULL — see backfill offer)
198543,Fayetteville State U.,North Carolina,1972-2023,yes,Fayetteville State University,native_unitid,FedSupport native IPEDS UnitID (NCSES-assigned); joins HERD era-B on UNITID
198552,Forsyth Technical Community C.,North Carolina,2006-2023,no,,native_unitid,FedSupport native IPEDS UnitID (NCSES-assigned); no HERD era-B row carries this UNITID (NSF-funded institution outside the HERD UNITID set or HERD-side NULL — see backfill offer)
198570,Gaston C.,North Carolina,1972-2023,no,,native_unitid,FedSupport native IPEDS UnitID (NCSES-assigned); no HERD era-B row carries this UNITID (NSF-funded institution outside the HERD UNITID set or HERD-side NULL — see backfill offer)
198598,Greensboro C.,North Carolina,1999-1999,no,,native_unitid,FedSupport native IPEDS UnitID (NCSES-assigned); no HERD era-B row carries this UNITID (NSF-funded institution outside the HERD UNITID set or HERD-side NULL — see backfill offer)
198613,Guilford C.,North Carolina,1973-2004,no,,native_unitid,FedSupport native IPEDS UnitID (NCSES-assigned); no HERD era-B row carries this UNITID (NSF-funded institution outside the HERD UNITID set or HERD-side NULL — see backfill offer)
198622,Guilford Technical Community C.,North Carolina,1972-1997,no,,native_unitid,FedSupport native IPEDS UnitID (NCSES-assigned); no HERD era-B row carries this UNITID (NSF-funded institution outside the HERD UNITID set or HERD-side NULL — see backfill offer)
198640,Halifax Community C.,North Carolina,2002-2002,no,,native_unitid,FedSupport native IPEDS UnitID (NCSES-assigned); no HERD era-B row carries this UNITID (NSF-funded institution outside the HERD UNITID set or HERD-side NULL — see backfill offer)
198668,Haywood Community C.,North Carolina,1990-2013,no,,native_unitid,FedSupport native IPEDS UnitID (NCSES-assigned); no HERD era-B row carries this UNITID (NSF-funded institution outside the HERD UNITID set or HERD-side NULL — see backfill offer)
198695,High Point U.,North Carolina,1990-2023,yes,High Point University,native_unitid,FedSupport native IPEDS UnitID (NCSES-assigned); joins HERD era-B on UNITID
198729,James Sprunt Community C.,North Carolina,1995-1995,no,,native_unitid,FedSupport native IPEDS UnitID (NCSES-assigned); no HERD era-B row carries this UNITID (NSF-funded institution outside the HERD UNITID set or HERD-side NULL — see backfill offer)
198756,Johnson C. Smith U.,North Carolina,1971-2023,yes,Johnson C. Smith University,native_unitid,FedSupport native IPEDS UnitID (NCSES-assigned); joins HERD era-B on UNITID
198774,Johnston Community C.,North Carolina,1983-2023,no,,native_unitid,FedSupport native IPEDS UnitID (NCSES-assigned); no HERD era-B row carries this UNITID (NSF-funded institution outside the HERD UNITID set or HERD-side NULL — see backfill offer)
198808,Lees-McRae C.,North Carolina,1972-1972,no,,native_unitid,FedSupport native IPEDS UnitID (NCSES-assigned); no HERD era-B row carries this UNITID (NSF-funded institution outside the HERD UNITID set or HERD-side NULL — see backfill offer)
198817,Lenoir Community C.,North Carolina,1972-2004,no,,native_unitid,FedSupport native IPEDS UnitID (NCSES-assigned); no HERD era-B row carries this UNITID (NSF-funded institution outside the HERD UNITID set or HERD-side NULL — see backfill offer)
198835,Lenoir-Rhyne C.,North Carolina,1971-1989,no,,native_unitid,FedSupport native IPEDS UnitID (NCSES-assigned); no HERD era-B row carries this UNITID (NSF-funded institution outside the HERD UNITID set or HERD-side NULL — see backfill offer)
198862,Livingstone C.,North Carolina,1971-2023,no,,native_unitid,FedSupport native IPEDS UnitID (NCSES-assigned); no HERD era-B row carries this UNITID (NSF-funded institution outside the HERD UNITID set or HERD-side NULL — see backfill offer)
198871,Louisburg C.,North Carolina,1971-2004,no,,native_unitid,FedSupport native IPEDS UnitID (NCSES-assigned); no HERD era-B row carries this UNITID (NSF-funded institution outside the HERD UNITID set or HERD-side NULL — see backfill offer)
198899,Mars Hill C.,North Carolina,1971-1998,no,,native_unitid,FedSupport native IPEDS UnitID (NCSES-assigned); no HERD era-B row carries this UNITID (NSF-funded institution outside the HERD UNITID set or HERD-side NULL — see backfill offer)
198905,Martin Community C.,North Carolina,1973-1973,no,,native_unitid,FedSupport native IPEDS UnitID (NCSES-assigned); no HERD era-B row carries this UNITID (NSF-funded institution outside the HERD UNITID set or HERD-side NULL — see backfill offer)
198914,Mayland Community C.,North Carolina,1979-2007,no,,native_unitid,FedSupport native IPEDS UnitID (NCSES-assigned); no HERD era-B row carries this UNITID (NSF-funded institution outside the HERD UNITID set or HERD-side NULL — see backfill offer)
198950,Meredith C.,North Carolina,1989-2021,no,,native_unitid,FedSupport native IPEDS UnitID (NCSES-assigned); no HERD era-B row carries this UNITID (NSF-funded institution outside the HERD UNITID set or HERD-side NULL — see backfill offer)
198969,Methodist U.,North Carolina,1987-2021,no,,native_unitid,FedSupport native IPEDS UnitID (NCSES-assigned); no HERD era-B row carries this UNITID (NSF-funded institution outside the HERD UNITID set or HERD-side NULL — see backfill offer)
199023,Montgomery Community C.,North Carolina,2011-2023,no,,native_unitid,FedSupport native IPEDS UnitID (NCSES-assigned); no HERD era-B row carries this UNITID (NSF-funded institution outside the HERD UNITID set or HERD-side NULL — see backfill offer)
199032,Montreat C.,North Carolina,1972-1972,no,,native_unitid,FedSupport native IPEDS UnitID (NCSES-assigned); no HERD era-B row carries this UNITID (NSF-funded institution outside the HERD UNITID set or HERD-side NULL — see backfill offer)
199069,Mount Olive C.,North Carolina,1971-1991,no,,native_unitid,FedSupport native IPEDS UnitID (NCSES-assigned); no HERD era-B row carries this UNITID (NSF-funded institution outside the HERD UNITID set or HERD-side NULL — see backfill offer)
199087,Nash Community C.,North Carolina,2004-2017,no,,native_unitid,FedSupport native IPEDS UnitID (NCSES-assigned); no HERD era-B row carries this UNITID (NSF-funded institution outside the HERD UNITID set or HERD-side NULL — see backfill offer)
199102,North Carolina Agricultural and Technical State U.,North Carolina,1971-2023,yes,North Carolina Agricultural and Technical State University,native_unitid,FedSupport native IPEDS UnitID (NCSES-assigned); joins HERD era-B on UNITID
199111,"U. North Carolina, The, Asheville",North Carolina,1971-2023,yes,"University of North Carolina at Asheville, The",native_unitid,FedSupport native IPEDS UnitID (NCSES-assigned); joins HERD era-B on UNITID
199120,"U. North Carolina, The, Chapel Hill",North Carolina,1971-2023,yes,"University of North Carolina at Chapel Hill, The",native_unitid,FedSupport native IPEDS UnitID (NCSES-assigned); joins HERD era-B on UNITID
199139,"U. North Carolina, The, Charlotte",North Carolina,1971-2023,yes,"University of North Carolina at Charlotte, The",native_unitid,FedSupport native IPEDS UnitID (NCSES-assigned); joins HERD era-B on UNITID
199148,"U. North Carolina, The, Greensboro",North Carolina,1971-2023,yes,"University of North Carolina at Greensboro, The",native_unitid,FedSupport native IPEDS UnitID (NCSES-assigned); joins HERD era-B on UNITID
199157,North Carolina Central U.,North Carolina,1971-2023,yes,North Carolina Central University,native_unitid,FedSupport native IPEDS UnitID (NCSES-assigned); joins HERD era-B on UNITID
199166,North Carolina Community C. System,North Carolina,2004-2005,no,,native_unitid,FedSupport native IPEDS UnitID (NCSES-assigned); no HERD era-B row carries this UNITID (NSF-funded institution outside the HERD UNITID set or HERD-side NULL — see backfill offer)
199175,"U. North Carolina, General Administration",North Carolina,1971-2023,yes,"University of North Carolina, general administration",native_unitid,FedSupport native IPEDS UnitID (NCSES-assigned); joins HERD era-B on UNITID
199184,U. North Carolina School of the Arts,North Carolina,1978-1978,no,,native_unitid,FedSupport native IPEDS UnitID (NCSES-assigned); no HERD era-B row carries this UNITID (NSF-funded institution outside the HERD UNITID set or HERD-side NULL — see backfill offer)
199193,North Carolina State U.,North Carolina,1971-2023,yes,North Carolina State University,native_unitid,FedSupport native IPEDS UnitID (NCSES-assigned); joins HERD era-B on UNITID
199209,North Carolina Wesleyan C.,North Carolina,1972-2003,no,,native_unitid,FedSupport native IPEDS UnitID (NCSES-assigned); no HERD era-B row carries this UNITID (NSF-funded institution outside the HERD UNITID set or HERD-side NULL — see backfill offer)
199218,"U. North Carolina, The, Wilmington",North Carolina,1972-2023,yes,"University of North Carolina at Wilmington, The",native_unitid,FedSupport native IPEDS UnitID (NCSES-assigned); joins HERD era-B on UNITID
199263,Pamlico Community C.,North Carolina,2005-2005,no,,native_unitid,FedSupport native IPEDS UnitID (NCSES-assigned); no HERD era-B row carries this UNITID (NSF-funded institution outside the HERD UNITID set or HERD-side NULL — see backfill offer)
199281,"U. North Carolina, The, Pembroke",North Carolina,1972-2023,yes,"University of North Carolina at Pembroke, The",native_unitid,FedSupport native IPEDS UnitID (NCSES-assigned); joins HERD era-B on UNITID
199306,Pfeiffer U.,North Carolina,1971-2004,no,,native_unitid,FedSupport native IPEDS UnitID (NCSES-assigned); no HERD era-B row carries this UNITID (NSF-funded institution outside the HERD UNITID set or HERD-side NULL — see backfill offer)
199324,Piedmont Community C.,North Carolina,1997-2010,no,,native_unitid,FedSupport native IPEDS UnitID (NCSES-assigned); no HERD era-B row carries this UNITID (NSF-funded institution outside the HERD UNITID set or HERD-side NULL — see backfill offer)
199333,Pitt Community C.,North Carolina,1971-2010,no,,native_unitid,FedSupport native IPEDS UnitID (NCSES-assigned); no HERD era-B row carries this UNITID (NSF-funded institution outside the HERD UNITID set or HERD-side NULL — see backfill offer)
199412,Queens U. Charlotte,North Carolina,1971-2005,no,,native_unitid,FedSupport native IPEDS UnitID (NCSES-assigned); no HERD era-B row carries this UNITID (NSF-funded institution outside the HERD UNITID set or HERD-side NULL — see backfill offer)
199421,Randolph Community C.,North Carolina,1983-1983,no,,native_unitid,FedSupport native IPEDS UnitID (NCSES-assigned); no HERD era-B row carries this UNITID (NSF-funded institution outside the HERD UNITID set or HERD-side NULL — see backfill offer)
199449,Richmond Community C.,North Carolina,2015-2015,no,,native_unitid,FedSupport native IPEDS UnitID (NCSES-assigned); no HERD era-B row carries this UNITID (NSF-funded institution outside the HERD UNITID set or HERD-side NULL — see backfill offer)
199467,Roanoke-Chowan Community C.,North Carolina,1975-1988,no,,native_unitid,FedSupport native IPEDS UnitID (NCSES-assigned); no HERD era-B row carries this UNITID (NSF-funded institution outside the HERD UNITID set or HERD-side NULL — see backfill offer)
199476,Robeson Community C.,North Carolina,2006-2021,no,,native_unitid,FedSupport native IPEDS UnitID (NCSES-assigned); no HERD era-B row carries this UNITID (NSF-funded institution outside the HERD UNITID set or HERD-side NULL — see backfill offer)
199485,Rockingham Community C.,North Carolina,1981-1981,no,,native_unitid,FedSupport native IPEDS UnitID (NCSES-assigned); no HERD era-B row carries this UNITID (NSF-funded institution outside the HERD UNITID set or HERD-side NULL — see backfill offer)
199494,Rowan-Cabarrus Community C.,North Carolina,1991-2018,no,,native_unitid,FedSupport native IPEDS UnitID (NCSES-assigned); no HERD era-B row carries this UNITID (NSF-funded institution outside the HERD UNITID set or HERD-side NULL — see backfill offer)
199582,Saint Augustine's U.,North Carolina,1971-2022,no,,native_unitid,FedSupport native IPEDS UnitID (NCSES-assigned); no HERD era-B row carries this UNITID (NSF-funded institution outside the HERD UNITID set or HERD-side NULL — see backfill offer)
199607,Salem C.,North Carolina,1979-1979,no,,native_unitid,FedSupport native IPEDS UnitID (NCSES-assigned); no HERD era-B row carries this UNITID (NSF-funded institution outside the HERD UNITID set or HERD-side NULL — see backfill offer)
199634,Sandhills Community C.,North Carolina,1977-1995,no,,native_unitid,FedSupport native IPEDS UnitID (NCSES-assigned); no HERD era-B row carries this UNITID (NSF-funded institution outside the HERD UNITID set or HERD-side NULL — see backfill offer)
199643,Shaw U.,North Carolina,1971-2022,yes,Shaw University,native_unitid,FedSupport native IPEDS UnitID (NCSES-assigned); joins HERD era-B on UNITID
199698,Saint Andrews U.,North Carolina,1971-1996,no,,native_unitid,FedSupport native IPEDS UnitID (NCSES-assigned); no HERD era-B row carries this UNITID (NSF-funded institution outside the HERD UNITID set or HERD-side NULL — see backfill offer)
199722,"Southeastern Community C., Whiteville",North Carolina,1978-1998,no,,native_unitid,FedSupport native IPEDS UnitID (NCSES-assigned); no HERD era-B row carries this UNITID (NSF-funded institution outside the HERD UNITID set or HERD-side NULL — see backfill offer)
199731,Southwestern Community C.,North Carolina,1987-2000,no,,native_unitid,FedSupport native IPEDS UnitID (NCSES-assigned); no HERD era-B row carries this UNITID (NSF-funded institution outside the HERD UNITID set or HERD-side NULL — see backfill offer)
199740,Stanly Community C.,North Carolina,1981-2019,no,,native_unitid,FedSupport native IPEDS UnitID (NCSES-assigned); no HERD era-B row carries this UNITID (NSF-funded institution outside the HERD UNITID set or HERD-side NULL — see backfill offer)
199768,Surry Community C.,North Carolina,1992-1992,no,,native_unitid,FedSupport native IPEDS UnitID (NCSES-assigned); no HERD era-B row carries this UNITID (NSF-funded institution outside the HERD UNITID set or HERD-side NULL — see backfill offer)
199786,Alamance Community C.,North Carolina,1973-2021,no,,native_unitid,FedSupport native IPEDS UnitID (NCSES-assigned); no HERD era-B row carries this UNITID (NSF-funded institution outside the HERD UNITID set or HERD-side NULL — see backfill offer)
199795,Tri-County Community C.,North Carolina,1997-2006,no,,native_unitid,FedSupport native IPEDS UnitID (NCSES-assigned); no HERD era-B row carries this UNITID (NSF-funded institution outside the HERD UNITID set or HERD-side NULL — see backfill offer)
199847,Wake Forest U.,North Carolina,1971-2023,yes,Wake Forest University,native_unitid,FedSupport native IPEDS UnitID (NCSES-assigned); joins HERD era-B on UNITID
199856,Wake Technical Community C.,North Carolina,1978-2022,no,,native_unitid,FedSupport native IPEDS UnitID (NCSES-assigned); no HERD era-B row carries this UNITID (NSF-funded institution outside the HERD UNITID set or HERD-side NULL — see backfill offer)
199865,Warren Wilson C.,North Carolina,1972-2010,no,,native_unitid,FedSupport native IPEDS UnitID (NCSES-assigned); no HERD era-B row carries this UNITID (NSF-funded institution outside the HERD UNITID set or HERD-side NULL — see backfill offer)
199892,Wayne Community C.,North Carolina,1971-2011,no,,native_unitid,FedSupport native IPEDS UnitID (NCSES-assigned); no HERD era-B row carries this UNITID (NSF-funded institution outside the HERD UNITID set or HERD-side NULL — see backfill offer)
199908,Western Piedmont Community C.,North Carolina,1980-1995,no,,native_unitid,FedSupport native IPEDS UnitID (NCSES-assigned); no HERD era-B row carries this UNITID (NSF-funded institution outside the HERD UNITID set or HERD-side NULL — see backfill offer)
199926,Wilkes Community C.,North Carolina,2005-2005,no,,native_unitid,FedSupport native IPEDS UnitID (NCSES-assigned); no HERD era-B row carries this UNITID (NSF-funded institution outside the HERD UNITID set or HERD-side NULL — see backfill offer)
199999,Winston-Salem State U.,North Carolina,1971-2023,yes,Winston-Salem State University,native_unitid,FedSupport native IPEDS UnitID (NCSES-assigned); joins HERD era-B on UNITID
200004,Western Carolina U.,North Carolina,1971-2023,yes,Western Carolina University,native_unitid,FedSupport native IPEDS UnitID (NCSES-assigned); joins HERD era-B on UNITID
200022,Bismarck State C.,North Dakota,1975-2022,no,,native_unitid,FedSupport native IPEDS UnitID (NCSES-assigned); no HERD era-B row carries this UNITID (NSF-funded institution outside the HERD UNITID set or HERD-side NULL — see backfill offer)
200059,Dickinson State U.,North Dakota,1974-2012,yes,Dickinson State University,native_unitid,FedSupport native IPEDS UnitID (NCSES-assigned); joins HERD era-B on UNITID
200086,Nueta Hidatsa Sahnish C.,North Dakota,1990-2022,yes,Nueta Hidatsa Sahnish College,native_unitid,FedSupport native IPEDS UnitID (NCSES-assigned); joins HERD era-B on UNITID
200156,U. Jamestown,North Dakota,1972-2000,no,,native_unitid,FedSupport native IPEDS UnitID (NCSES-assigned); no HERD era-B row carries this UNITID (NSF-funded institution outside the HERD UNITID set or HERD-side NULL — see backfill offer)
200192,U. North Dakota,North Dakota,1992-2011,no,,native_unitid,FedSupport native IPEDS UnitID (NCSES-assigned); no HERD era-B row carries this UNITID (NSF-funded institution outside the HERD UNITID set or HERD-side NULL — see backfill offer)
200208,Cankdeska Cikana Community C.,North Dakota,1987-2022,no,,native_unitid,FedSupport native IPEDS UnitID (NCSES-assigned); no HERD era-B row carries this UNITID (NSF-funded institution outside the HERD UNITID set or HERD-side NULL — see backfill offer)
200217,U. of Mary,North Dakota,1971-2006,no,,native_unitid,FedSupport native IPEDS UnitID (NCSES-assigned); no HERD era-B row carries this UNITID (NSF-funded institution outside the HERD UNITID set or HERD-side NULL — see backfill offer)
200226,Mayville State U.,North Dakota,1988-2023,yes,Mayville State University,native_unitid,FedSupport native IPEDS UnitID (NCSES-assigned); joins HERD era-B on UNITID
200253,Minot State U.,North Dakota,1971-2011,yes,Minot State University,native_unitid,FedSupport native IPEDS UnitID (NCSES-assigned); joins HERD era-B on UNITID
200280,U. North Dakota,North Dakota,1971-2023,yes,University of North Dakota,native_unitid,FedSupport native IPEDS UnitID (NCSES-assigned); joins HERD era-B on UNITID
200305,North Dakota State C. Science,North Dakota,1972-2022,no,,native_unitid,FedSupport native IPEDS UnitID (NCSES-assigned); no HERD era-B row carries this UNITID (NSF-funded institution outside the HERD UNITID set or HERD-side NULL — see backfill offer)
200314,Minot State U.,North Dakota,2007-2023,no,,native_unitid,FedSupport native IPEDS UnitID (NCSES-assigned); no HERD era-B row carries this UNITID (NSF-funded institution outside the HERD UNITID set or HERD-side NULL — see backfill offer)
200332,"North Dakota State U., Main Campus",North Dakota,1971-2023,yes,North Dakota State University,native_unitid,FedSupport native IPEDS UnitID (NCSES-assigned); joins HERD era-B on UNITID
200341,U. North Dakota,North Dakota,2007-2018,no,,native_unitid,FedSupport native IPEDS UnitID (NCSES-assigned); no HERD era-B row carries this UNITID (NSF-funded institution outside the HERD UNITID set or HERD-side NULL — see backfill offer)
200466,Sitting Bull C.,North Dakota,1978-2023,yes,Sitting Bull College,native_unitid,FedSupport native IPEDS UnitID (NCSES-assigned); joins HERD era-B on UNITID
200484,Trinity Bible C.,North Dakota,1978-1978,no,,native_unitid,FedSupport native IPEDS UnitID (NCSES-assigned); no HERD era-B row carries this UNITID (NSF-funded institution outside the HERD UNITID set or HERD-side NULL — see backfill offer)
200527,Turtle Mountain Community C.,North Dakota,1976-2023,yes,Turtle Mountain Community College,native_unitid,FedSupport native IPEDS UnitID (NCSES-assigned); joins HERD era-B on UNITID
200554,United Tribes Technical C.,North Dakota,1991-2023,yes,United Tribes Technical College,native_unitid,FedSupport native IPEDS UnitID (NCSES-assigned); joins HERD era-B on UNITID
200572,Valley City State U.,North Dakota,1971-2012,yes,Valley City State University,native_unitid,FedSupport native IPEDS UnitID (NCSES-assigned); joins HERD era-B on UNITID
200697,Air Force Institute of Technology,Ohio,2005-2023,yes,Air Force Institute of Technology,native_unitid,FedSupport native IPEDS UnitID (NCSES-assigned); joins HERD era-B on UNITID
200800,"U. Akron, The, Akron",Ohio,1971-2023,no,,native_unitid,FedSupport native IPEDS UnitID (NCSES-assigned); no HERD era-B row carries this UNITID (NSF-funded institution outside the HERD UNITID set or HERD-side NULL — see backfill offer)
201104,Ashland U.,Ohio,1971-2023,yes,Ashland University,native_unitid,FedSupport native IPEDS UnitID (NCSES-assigned); joins HERD era-B on UNITID
201195,Baldwin-Wallace U.,Ohio,1971-2023,yes,Baldwin Wallace University,native_unitid,FedSupport native IPEDS UnitID (NCSES-assigned); joins HERD era-B on UNITID
201283,Belmont C.,Ohio,1986-2001,no,,native_unitid,FedSupport native IPEDS UnitID (NCSES-assigned); no HERD era-B row carries this UNITID (NSF-funded institution outside the HERD UNITID set or HERD-side NULL — see backfill offer)
201371,Bluffton U.,Ohio,1971-1988,no,,native_unitid,FedSupport native IPEDS UnitID (NCSES-assigned); no HERD era-B row carries this UNITID (NSF-funded institution outside the HERD UNITID set or HERD-side NULL — see backfill offer)
201441,"Bowling Green State U., Bowling Green",Ohio,1971-2023,no,,native_unitid,FedSupport native IPEDS UnitID (NCSES-assigned); no HERD era-B row carries this UNITID (NSF-funded institution outside the HERD UNITID set or HERD-side NULL — see backfill offer)
201548,Capital U.,Ohio,1971-2006,no,,native_unitid,FedSupport native IPEDS UnitID (NCSES-assigned); no HERD era-B row carries this UNITID (NSF-funded institution outside the HERD UNITID set or HERD-side NULL — see backfill offer)
201645,Case Western Reserve U.,Ohio,1971-2023,yes,Case Western Reserve University,native_unitid,FedSupport native IPEDS UnitID (NCSES-assigned); joins HERD era-B on UNITID
201654,Cedarville U.,Ohio,1972-1980,no,,native_unitid,FedSupport native IPEDS UnitID (NCSES-assigned); no HERD era-B row carries this UNITID (NSF-funded institution outside the HERD UNITID set or HERD-side NULL — see backfill offer)
201672,Central Ohio Technical C.,Ohio,1978-1980,no,,native_unitid,FedSupport native IPEDS UnitID (NCSES-assigned); no HERD era-B row carries this UNITID (NSF-funded institution outside the HERD UNITID set or HERD-side NULL — see backfill offer)
201690,Central State U.,Ohio,1971-2023,yes,Central State University,native_unitid,FedSupport native IPEDS UnitID (NCSES-assigned); joins HERD era-B on UNITID
201885,U. Cincinnati,Ohio,1971-2023,no,,native_unitid,FedSupport native IPEDS UnitID (NCSES-assigned); no HERD era-B row carries this UNITID (NSF-funded institution outside the HERD UNITID set or HERD-side NULL — see backfill offer)
201928,Cincinnati State Technical and Community C.,Ohio,1980-2023,no,,native_unitid,FedSupport native IPEDS UnitID (NCSES-assigned); no HERD era-B row carries this UNITID (NSF-funded institution outside the HERD UNITID set or HERD-side NULL — see backfill offer)
201946,U. Cincinnati,Ohio,2022-2022,no,,native_unitid,FedSupport native IPEDS UnitID (NCSES-assigned); no HERD era-B row carries this UNITID (NSF-funded institution outside the HERD UNITID set or HERD-side NULL — see backfill offer)
201964,Ohio Christian U.,Ohio,2009-2009,no,,native_unitid,FedSupport native IPEDS UnitID (NCSES-assigned); no HERD era-B row carries this UNITID (NSF-funded institution outside the HERD UNITID set or HERD-side NULL — see backfill offer)
201973,Clark State Community C.,Ohio,2003-2019,no,,native_unitid,FedSupport native IPEDS UnitID (NCSES-assigned); no HERD era-B row carries this UNITID (NSF-funded institution outside the HERD UNITID set or HERD-side NULL — see backfill offer)
202019,Case Western Reserve U.,Ohio,2015-2015,no,,native_unitid,FedSupport native IPEDS UnitID (NCSES-assigned); no HERD era-B row carries this UNITID (NSF-funded institution outside the HERD UNITID set or HERD-side NULL — see backfill offer)
202134,Cleveland State U.,Ohio,1971-2023,yes,Cleveland State University,native_unitid,FedSupport native IPEDS UnitID (NCSES-assigned); joins HERD era-B on UNITID
202170,Columbus C. of Art and Design,Ohio,1972-2000,no,,native_unitid,FedSupport native IPEDS UnitID (NCSES-assigned); no HERD era-B row carries this UNITID (NSF-funded institution outside the HERD UNITID set or HERD-side NULL — see backfill offer)
202222,Columbus State Community C.,Ohio,1973-2023,no,,native_unitid,FedSupport native IPEDS UnitID (NCSES-assigned); no HERD era-B row carries this UNITID (NSF-funded institution outside the HERD UNITID set or HERD-side NULL — see backfill offer)
202356,Cuyahoga Community C.,Ohio,1971-2023,no,,native_unitid,FedSupport native IPEDS UnitID (NCSES-assigned); no HERD era-B row carries this UNITID (NSF-funded institution outside the HERD UNITID set or HERD-side NULL — see backfill offer)
202365,Cuyahoga Community C.,Ohio,1998-2006,no,,native_unitid,FedSupport native IPEDS UnitID (NCSES-assigned); no HERD era-B row carries this UNITID (NSF-funded institution outside the HERD UNITID set or HERD-side NULL — see backfill offer)
202383,Cuyahoga Community C.,Ohio,1992-2007,no,,native_unitid,FedSupport native IPEDS UnitID (NCSES-assigned); no HERD era-B row carries this UNITID (NSF-funded institution outside the HERD UNITID set or HERD-side NULL — see backfill offer)
202480,U. Dayton,Ohio,1971-2023,yes,University of Dayton,native_unitid,FedSupport native IPEDS UnitID (NCSES-assigned); joins HERD era-B on UNITID
202514,Defiance C.,Ohio,1995-1995,no,,native_unitid,FedSupport native IPEDS UnitID (NCSES-assigned); no HERD era-B row carries this UNITID (NSF-funded institution outside the HERD UNITID set or HERD-side NULL — see backfill offer)
202523,Denison U.,Ohio,1971-2023,yes,Denison University,native_unitid,FedSupport native IPEDS UnitID (NCSES-assigned); joins HERD era-B on UNITID
202763,U. Findlay,Ohio,1972-2014,no,,native_unitid,FedSupport native IPEDS UnitID (NCSES-assigned); no HERD era-B row carries this UNITID (NSF-funded institution outside the HERD UNITID set or HERD-side NULL — see backfill offer)
202806,Franklin U.,Ohio,1972-1972,no,,native_unitid,FedSupport native IPEDS UnitID (NCSES-assigned); no HERD era-B row carries this UNITID (NSF-funded institution outside the HERD UNITID set or HERD-side NULL — see backfill offer)
203076,Hebrew Union C.-Jewish Institute of Religion,New York,1995-1995,no,,native_unitid,FedSupport native IPEDS UnitID (NCSES-assigned); no HERD era-B row carries this UNITID (NSF-funded institution outside the HERD UNITID set or HERD-side NULL — see backfill offer)
203085,Heidelberg U.,Ohio,1971-2023,yes,Heidelberg University,native_unitid,FedSupport native IPEDS UnitID (NCSES-assigned); joins HERD era-B on UNITID
203128,Hiram C.,Ohio,1971-2017,no,,native_unitid,FedSupport native IPEDS UnitID (NCSES-assigned); no HERD era-B row carries this UNITID (NSF-funded institution outside the HERD UNITID set or HERD-side NULL — see backfill offer)
203155,"Hocking C., Nelsonville",Ohio,1973-2007,no,,native_unitid,FedSupport native IPEDS UnitID (NCSES-assigned); no HERD era-B row carries this UNITID (NSF-funded institution outside the HERD UNITID set or HERD-side NULL — see backfill offer)
203368,John Carroll U.,Ohio,1971-2023,yes,John Carroll University,native_unitid,FedSupport native IPEDS UnitID (NCSES-assigned); joins HERD era-B on UNITID
203517,"Kent State U., Kent",Ohio,1971-2023,no,,native_unitid,FedSupport native IPEDS UnitID (NCSES-assigned); no HERD era-B row carries this UNITID (NSF-funded institution outside the HERD UNITID set or HERD-side NULL — see backfill offer)
203535,Kenyon C.,Ohio,1971-2023,yes,Kenyon College,native_unitid,FedSupport native IPEDS UnitID (NCSES-assigned); joins HERD era-B on UNITID
203580,Lake Erie C.,Ohio,1997-2019,no,,native_unitid,FedSupport native IPEDS UnitID (NCSES-assigned); no HERD era-B row carries this UNITID (NSF-funded institution outside the HERD UNITID set or HERD-side NULL — see backfill offer)
203599,Lakeland Community C.,Ohio,1973-1998,no,,native_unitid,FedSupport native IPEDS UnitID (NCSES-assigned); no HERD era-B row carries this UNITID (NSF-funded institution outside the HERD UNITID set or HERD-side NULL — see backfill offer)
203678,James A. Rhodes State C.,Ohio,1995-1995,no,,native_unitid,FedSupport native IPEDS UnitID (NCSES-assigned); no HERD era-B row carries this UNITID (NSF-funded institution outside the HERD UNITID set or HERD-side NULL — see backfill offer)
203720,"Ohio Business C., Sheffield Village",Ohio,2017-2021,no,,native_unitid,FedSupport native IPEDS UnitID (NCSES-assigned); no HERD era-B row carries this UNITID (NSF-funded institution outside the HERD UNITID set or HERD-side NULL — see backfill offer)
203748,Lorain County Community C.,Ohio,1990-2023,no,,native_unitid,FedSupport native IPEDS UnitID (NCSES-assigned); no HERD era-B row carries this UNITID (NSF-funded institution outside the HERD UNITID set or HERD-side NULL — see backfill offer)
203757,Lourdes U.,Ohio,1987-2023,no,,native_unitid,FedSupport native IPEDS UnitID (NCSES-assigned); no HERD era-B row carries this UNITID (NSF-funded institution outside the HERD UNITID set or HERD-side NULL — see backfill offer)
203775,Malone U.,Ohio,2004-2015,no,,native_unitid,FedSupport native IPEDS UnitID (NCSES-assigned); no HERD era-B row carries this UNITID (NSF-funded institution outside the HERD UNITID set or HERD-side NULL — see backfill offer)
203845,Marietta C.,Ohio,1971-2010,no,,native_unitid,FedSupport native IPEDS UnitID (NCSES-assigned); no HERD era-B row carries this UNITID (NSF-funded institution outside the HERD UNITID set or HERD-side NULL — see backfill offer)
203881,Marion Technical C.,Ohio,1994-2023,no,,native_unitid,FedSupport native IPEDS UnitID (NCSES-assigned); no HERD era-B row carries this UNITID (NSF-funded institution outside the HERD UNITID set or HERD-side NULL — see backfill offer)
203960,Mercy C. Ohio,Ohio,2008-2023,no,,native_unitid,FedSupport native IPEDS UnitID (NCSES-assigned); no HERD era-B row carries this UNITID (NSF-funded institution outside the HERD UNITID set or HERD-side NULL — see backfill offer)
204006,Miami U.,Ohio,1992-1998,no,,native_unitid,FedSupport native IPEDS UnitID (NCSES-assigned); no HERD era-B row carries this UNITID (NSF-funded institution outside the HERD UNITID set or HERD-side NULL — see backfill offer)
204015,Miami U.,Ohio,1994-2003,no,,native_unitid,FedSupport native IPEDS UnitID (NCSES-assigned); no HERD era-B row carries this UNITID (NSF-funded institution outside the HERD UNITID set or HERD-side NULL — see backfill offer)
204024,Miami U.,Ohio,1971-2023,no,,native_unitid,FedSupport native IPEDS UnitID (NCSES-assigned); no HERD era-B row carries this UNITID (NSF-funded institution outside the HERD UNITID set or HERD-side NULL — see backfill offer)
204060,Miami Jacobs C.,Ohio,2002-2002,no,,native_unitid,FedSupport native IPEDS UnitID (NCSES-assigned); no HERD era-B row carries this UNITID (NSF-funded institution outside the HERD UNITID set or HERD-side NULL — see backfill offer)
204176,Mount Carmel C. of Nursing,Ohio,2006-2011,no,,native_unitid,FedSupport native IPEDS UnitID (NCSES-assigned); no HERD era-B row carries this UNITID (NSF-funded institution outside the HERD UNITID set or HERD-side NULL — see backfill offer)
204185,U. of Mount Union,Ohio,1971-1992,no,,native_unitid,FedSupport native IPEDS UnitID (NCSES-assigned); no HERD era-B row carries this UNITID (NSF-funded institution outside the HERD UNITID set or HERD-side NULL — see backfill offer)
204194,Mount Vernon Nazarene U.,Ohio,1984-1998,no,,native_unitid,FedSupport native IPEDS UnitID (NCSES-assigned); no HERD era-B row carries this UNITID (NSF-funded institution outside the HERD UNITID set or HERD-side NULL — see backfill offer)
204200,Mount St. Joseph U.,Ohio,1971-2023,no,,native_unitid,FedSupport native IPEDS UnitID (NCSES-assigned); no HERD era-B row carries this UNITID (NSF-funded institution outside the HERD UNITID set or HERD-side NULL — see backfill offer)
204255,Zane State C.,Ohio,1979-2019,no,,native_unitid,FedSupport native IPEDS UnitID (NCSES-assigned); no HERD era-B row carries this UNITID (NSF-funded institution outside the HERD UNITID set or HERD-side NULL — see backfill offer)
204264,Muskingum U.,Ohio,1971-2023,no,,native_unitid,FedSupport native IPEDS UnitID (NCSES-assigned); no HERD era-B row carries this UNITID (NSF-funded institution outside the HERD UNITID set or HERD-side NULL — see backfill offer)
204422,North Central State C.,Ohio,1975-2018,no,,native_unitid,FedSupport native IPEDS UnitID (NCSES-assigned); no HERD era-B row carries this UNITID (NSF-funded institution outside the HERD UNITID set or HERD-side NULL — see backfill offer)
204440,Northwest State Community C.,Ohio,2015-2019,no,,native_unitid,FedSupport native IPEDS UnitID (NCSES-assigned); no HERD era-B row carries this UNITID (NSF-funded institution outside the HERD UNITID set or HERD-side NULL — see backfill offer)
204468,"Notre Dame C., South Euclid",Ohio,1971-1995,no,,native_unitid,FedSupport native IPEDS UnitID (NCSES-assigned); no HERD era-B row carries this UNITID (NSF-funded institution outside the HERD UNITID set or HERD-side NULL — see backfill offer)
204477,Northeast Ohio Medical U.,Ohio,1977-2023,yes,Northeast Ohio Medical University,native_unitid,FedSupport native IPEDS UnitID (NCSES-assigned); joins HERD era-B on UNITID
204501,Oberlin C.,Ohio,1971-2023,yes,Oberlin College,native_unitid,FedSupport native IPEDS UnitID (NCSES-assigned); joins HERD era-B on UNITID
204547,"Kent State U., Kent",Ohio,1988-2011,no,,native_unitid,FedSupport native IPEDS UnitID (NCSES-assigned); no HERD era-B row carries this UNITID (NSF-funded institution outside the HERD UNITID set or HERD-side NULL — see backfill offer)
204617,Ohio Dominican U.,Ohio,1971-2021,no,,native_unitid,FedSupport native IPEDS UnitID (NCSES-assigned); no HERD era-B row carries this UNITID (NSF-funded institution outside the HERD UNITID set or HERD-side NULL — see backfill offer)
204635,Ohio Northern U.,Ohio,1971-2022,yes,Ohio Northern University,native_unitid,FedSupport native IPEDS UnitID (NCSES-assigned); joins HERD era-B on UNITID
204662,"Ohio State U., The",Ohio,1992-2014,no,,native_unitid,FedSupport native IPEDS UnitID (NCSES-assigned); no HERD era-B row carries this UNITID (NSF-funded institution outside the HERD UNITID set or HERD-side NULL — see backfill offer)
204796,"Ohio State U., The",Ohio,1971-2023,no,,native_unitid,FedSupport native IPEDS UnitID (NCSES-assigned); no HERD era-B row carries this UNITID (NSF-funded institution outside the HERD UNITID set or HERD-side NULL — see backfill offer)
204839,Ohio U.,Ohio,2003-2003,no,,native_unitid,FedSupport native IPEDS UnitID (NCSES-assigned); no HERD era-B row carries this UNITID (NSF-funded institution outside the HERD UNITID set or HERD-side NULL — see backfill offer)
204857,Ohio U.,Ohio,1971-2023,no,,native_unitid,FedSupport native IPEDS UnitID (NCSES-assigned); no HERD era-B row carries this UNITID (NSF-funded institution outside the HERD UNITID set or HERD-side NULL — see backfill offer)
204866,Ohio U.,Ohio,2004-2004,no,,native_unitid,FedSupport native IPEDS UnitID (NCSES-assigned); no HERD era-B row carries this UNITID (NSF-funded institution outside the HERD UNITID set or HERD-side NULL — see backfill offer)
204909,Ohio Wesleyan U.,Ohio,1971-2023,yes,Ohio Wesleyan University,native_unitid,FedSupport native IPEDS UnitID (NCSES-assigned); joins HERD era-B on UNITID
204936,Otterbein U.,Ohio,1986-2023,no,,native_unitid,FedSupport native IPEDS UnitID (NCSES-assigned); no HERD era-B row carries this UNITID (NSF-funded institution outside the HERD UNITID set or HERD-side NULL — see backfill offer)
204945,Owens Community C.,Ohio,1991-1991,no,,native_unitid,FedSupport native IPEDS UnitID (NCSES-assigned); no HERD era-B row carries this UNITID (NSF-funded institution outside the HERD UNITID set or HERD-side NULL — see backfill offer)
205027,Pontifical C. Josephinum,Ohio,1997-1997,no,,native_unitid,FedSupport native IPEDS UnitID (NCSES-assigned); no HERD era-B row carries this UNITID (NSF-funded institution outside the HERD UNITID set or HERD-side NULL — see backfill offer)
205203,U. Rio Grande and Rio Grande Community C.,Ohio,1991-2011,no,,native_unitid,FedSupport native IPEDS UnitID (NCSES-assigned); no HERD era-B row carries this UNITID (NSF-funded institution outside the HERD UNITID set or HERD-side NULL — see backfill offer)
205443,Shawnee State U.,Ohio,1996-2019,no,,native_unitid,FedSupport native IPEDS UnitID (NCSES-assigned); no HERD era-B row carries this UNITID (NSF-funded institution outside the HERD UNITID set or HERD-side NULL — see backfill offer)
205470,Sinclair Community C.,Ohio,1971-2023,no,,native_unitid,FedSupport native IPEDS UnitID (NCSES-assigned); no HERD era-B row carries this UNITID (NSF-funded institution outside the HERD UNITID set or HERD-side NULL — see backfill offer)
205841,Stark State C.,Ohio,1979-2022,no,,native_unitid,FedSupport native IPEDS UnitID (NCSES-assigned); no HERD era-B row carries this UNITID (NSF-funded institution outside the HERD UNITID set or HERD-side NULL — see backfill offer)
205957,Franciscan U. Steubenville,Ohio,2008-2010,no,,native_unitid,FedSupport native IPEDS UnitID (NCSES-assigned); no HERD era-B row carries this UNITID (NSF-funded institution outside the HERD UNITID set or HERD-side NULL — see backfill offer)
205966,Southern State Community C.,Ohio,1998-2007,no,,native_unitid,FedSupport native IPEDS UnitID (NCSES-assigned); no HERD era-B row carries this UNITID (NSF-funded institution outside the HERD UNITID set or HERD-side NULL — see backfill offer)
206011,Terra State Community C.,Ohio,1992-2022,no,,native_unitid,FedSupport native IPEDS UnitID (NCSES-assigned); no HERD era-B row carries this UNITID (NSF-funded institution outside the HERD UNITID set or HERD-side NULL — see backfill offer)
206084,"U. Toledo, The",Ohio,1971-2023,yes,"University of Toledo, The",native_unitid,FedSupport native IPEDS UnitID (NCSES-assigned); joins HERD era-B on UNITID
206279,"Union Institute and U., Cincinnati",Ohio,1987-2000,no,,native_unitid,FedSupport native IPEDS UnitID (NCSES-assigned); no HERD era-B row carries this UNITID (NSF-funded institution outside the HERD UNITID set or HERD-side NULL — see backfill offer)
206330,Urbana U.,Ohio,1976-1976,no,,native_unitid,FedSupport native IPEDS UnitID (NCSES-assigned); no HERD era-B row carries this UNITID (NSF-funded institution outside the HERD UNITID set or HERD-side NULL — see backfill offer)
206349,Ursuline C.,Ohio,1975-2023,no,,native_unitid,FedSupport native IPEDS UnitID (NCSES-assigned); no HERD era-B row carries this UNITID (NSF-funded institution outside the HERD UNITID set or HERD-side NULL — see backfill offer)
206437,Walsh U.,Ohio,1971-2023,no,,native_unitid,FedSupport native IPEDS UnitID (NCSES-assigned); no HERD era-B row carries this UNITID (NSF-funded institution outside the HERD UNITID set or HERD-side NULL — see backfill offer)
206446,Washington State Community C.,Ohio,2008-2010,no,,native_unitid,FedSupport native IPEDS UnitID (NCSES-assigned); no HERD era-B row carries this UNITID (NSF-funded institution outside the HERD UNITID set or HERD-side NULL — see backfill offer)
206491,Wilberforce U.,Ohio,1971-2017,yes,Wilberforce University,native_unitid,FedSupport native IPEDS UnitID (NCSES-assigned); joins HERD era-B on UNITID
206507,Wilmington C. Ohio,Ohio,1972-2010,no,,native_unitid,FedSupport native IPEDS UnitID (NCSES-assigned); no HERD era-B row carries this UNITID (NSF-funded institution outside the HERD UNITID set or HERD-side NULL — see backfill offer)
206525,Wittenberg U.,Ohio,1971-2023,yes,Wittenberg University,native_unitid,FedSupport native IPEDS UnitID (NCSES-assigned); joins HERD era-B on UNITID
206589,"C. Wooster, The",Ohio,1971-2023,yes,"College of Wooster, The",native_unitid,FedSupport native IPEDS UnitID (NCSES-assigned); joins HERD era-B on UNITID
206604,"Wright State U., Dayton",Ohio,1971-2023,no,,native_unitid,FedSupport native IPEDS UnitID (NCSES-assigned); no HERD era-B row carries this UNITID (NSF-funded institution outside the HERD UNITID set or HERD-side NULL — see backfill offer)
206622,Xavier U.,Ohio,1971-2023,yes,Xavier University,native_unitid,FedSupport native IPEDS UnitID (NCSES-assigned); joins HERD era-B on UNITID
206695,Youngstown State U.,Ohio,1971-2023,yes,Youngstown State University,native_unitid,FedSupport native IPEDS UnitID (NCSES-assigned); joins HERD era-B on UNITID
206817,Bacone C.,Oklahoma,1974-1989,no,,native_unitid,FedSupport native IPEDS UnitID (NCSES-assigned); no HERD era-B row carries this UNITID (NSF-funded institution outside the HERD UNITID set or HERD-side NULL — see backfill offer)
206862,Southern Nazarene U.,Oklahoma,1972-2016,no,,native_unitid,FedSupport native IPEDS UnitID (NCSES-assigned); no HERD era-B row carries this UNITID (NSF-funded institution outside the HERD UNITID set or HERD-side NULL — see backfill offer)
206914,Cameron U.,Oklahoma,1972-2019,no,,native_unitid,FedSupport native IPEDS UnitID (NCSES-assigned); no HERD era-B row carries this UNITID (NSF-funded institution outside the HERD UNITID set or HERD-side NULL — see backfill offer)
206923,Carl Albert State C.,Oklahoma,1972-2006,no,,native_unitid,FedSupport native IPEDS UnitID (NCSES-assigned); no HERD era-B row carries this UNITID (NSF-funded institution outside the HERD UNITID set or HERD-side NULL — see backfill offer)
206941,U. Central Oklahoma,Oklahoma,1971-2023,yes,University of Central Oklahoma,native_unitid,FedSupport native IPEDS UnitID (NCSES-assigned); joins HERD era-B on UNITID
206996,Connors State C.,Oklahoma,1971-2004,no,,native_unitid,FedSupport native IPEDS UnitID (NCSES-assigned); no HERD era-B row carries this UNITID (NSF-funded institution outside the HERD UNITID set or HERD-side NULL — see backfill offer)
207041,East Central U.,Oklahoma,1971-2023,yes,East Central University,native_unitid,FedSupport native IPEDS UnitID (NCSES-assigned); joins HERD era-B on UNITID
207050,Eastern Oklahoma State C.,Oklahoma,1988-2023,no,,native_unitid,FedSupport native IPEDS UnitID (NCSES-assigned); no HERD era-B row carries this UNITID (NSF-funded institution outside the HERD UNITID set or HERD-side NULL — see backfill offer)
207069,Redlands Community C.,Oklahoma,1971-2020,no,,native_unitid,FedSupport native IPEDS UnitID (NCSES-assigned); no HERD era-B row carries this UNITID (NSF-funded institution outside the HERD UNITID set or HERD-side NULL — see backfill offer)
207209,Langston U.,Oklahoma,1971-2023,yes,Langston University,native_unitid,FedSupport native IPEDS UnitID (NCSES-assigned); joins HERD era-B on UNITID
207236,Murray State C.,Oklahoma,1971-2005,no,,native_unitid,FedSupport native IPEDS UnitID (NCSES-assigned); no HERD era-B row carries this UNITID (NSF-funded institution outside the HERD UNITID set or HERD-side NULL — see backfill offer)
207263,Northeastern State U.,Oklahoma,1972-2023,yes,Northeastern State University,native_unitid,FedSupport native IPEDS UnitID (NCSES-assigned); joins HERD era-B on UNITID
207281,Northern Oklahoma C.,Oklahoma,1971-1996,no,,native_unitid,FedSupport native IPEDS UnitID (NCSES-assigned); no HERD era-B row carries this UNITID (NSF-funded institution outside the HERD UNITID set or HERD-side NULL — see backfill offer)
207290,Northeastern Oklahoma A&M C.,Oklahoma,1975-2005,no,,native_unitid,FedSupport native IPEDS UnitID (NCSES-assigned); no HERD era-B row carries this UNITID (NSF-funded institution outside the HERD UNITID set or HERD-side NULL — see backfill offer)
207306,Northwestern Oklahoma State U.,Oklahoma,1972-2021,no,,native_unitid,FedSupport native IPEDS UnitID (NCSES-assigned); no HERD era-B row carries this UNITID (NSF-funded institution outside the HERD UNITID set or HERD-side NULL — see backfill offer)
207315,"Oklahoma State U., Stillwater",Oklahoma,1992-2023,yes,"Oklahoma State University, Center for Health Sciences",native_unitid,FedSupport native IPEDS UnitID (NCSES-assigned); joins HERD era-B on UNITID
207324,Oklahoma Christian U.,Oklahoma,1971-2000,no,,native_unitid,FedSupport native IPEDS UnitID (NCSES-assigned); no HERD era-B row carries this UNITID (NSF-funded institution outside the HERD UNITID set or HERD-side NULL — see backfill offer)
207342,"U. Oklahoma, The, Norman",Oklahoma,1992-2023,no,,native_unitid,FedSupport native IPEDS UnitID (NCSES-assigned); no HERD era-B row carries this UNITID (NSF-funded institution outside the HERD UNITID set or HERD-side NULL — see backfill offer)
207351,Oklahoma Panhandle State U.,Oklahoma,1971-2006,no,,native_unitid,FedSupport native IPEDS UnitID (NCSES-assigned); no HERD era-B row carries this UNITID (NSF-funded institution outside the HERD UNITID set or HERD-side NULL — see backfill offer)
207388,"Oklahoma State U., Stillwater",Oklahoma,1971-2023,yes,"Oklahoma State University, Stillwater",native_unitid,FedSupport native IPEDS UnitID (NCSES-assigned); joins HERD era-B on UNITID
207397,"Oklahoma State U., Stillwater",Oklahoma,1994-2015,no,,native_unitid,FedSupport native IPEDS UnitID (NCSES-assigned); no HERD era-B row carries this UNITID (NSF-funded institution outside the HERD UNITID set or HERD-side NULL — see backfill offer)
207403,Oklahoma Baptist U.,Oklahoma,1971-1987,no,,native_unitid,FedSupport native IPEDS UnitID (NCSES-assigned); no HERD era-B row carries this UNITID (NSF-funded institution outside the HERD UNITID set or HERD-side NULL — see backfill offer)
207449,Oklahoma City Community C.,Oklahoma,1979-2016,no,,native_unitid,FedSupport native IPEDS UnitID (NCSES-assigned); no HERD era-B row carries this UNITID (NSF-funded institution outside the HERD UNITID set or HERD-side NULL — see backfill offer)
207458,Oklahoma City U.,Oklahoma,1971-2023,no,,native_unitid,FedSupport native IPEDS UnitID (NCSES-assigned); no HERD era-B row carries this UNITID (NSF-funded institution outside the HERD UNITID set or HERD-side NULL — see backfill offer)
207500,"U. Oklahoma, The, Norman",Oklahoma,1971-2023,yes,"University of Oklahoma, The",native_unitid,FedSupport native IPEDS UnitID (NCSES-assigned); joins HERD era-B on UNITID
207564,"Oklahoma State U., Stillwater",Oklahoma,2014-2014,no,,native_unitid,FedSupport native IPEDS UnitID (NCSES-assigned); no HERD era-B row carries this UNITID (NSF-funded institution outside the HERD UNITID set or HERD-side NULL — see backfill offer)
207582,Oral Roberts U.,Oklahoma,1972-2023,yes,Oral Roberts University,native_unitid,FedSupport native IPEDS UnitID (NCSES-assigned); joins HERD era-B on UNITID
207661,Rogers State U.,Oklahoma,1981-2013,yes,Rogers State University,native_unitid,FedSupport native IPEDS UnitID (NCSES-assigned); joins HERD era-B on UNITID
207670,Rose State C.,Oklahoma,1971-2023,no,,native_unitid,FedSupport native IPEDS UnitID (NCSES-assigned); no HERD era-B row carries this UNITID (NSF-funded institution outside the HERD UNITID set or HERD-side NULL — see backfill offer)
207689,Saint Gregory's U.,Oklahoma,1971-1993,no,,native_unitid,FedSupport native IPEDS UnitID (NCSES-assigned); no HERD era-B row carries this UNITID (NSF-funded institution outside the HERD UNITID set or HERD-side NULL — see backfill offer)
207722,U. of Science and Arts of Oklahoma,Oklahoma,1971-2015,no,,native_unitid,FedSupport native IPEDS UnitID (NCSES-assigned); no HERD era-B row carries this UNITID (NSF-funded institution outside the HERD UNITID set or HERD-side NULL — see backfill offer)
207740,Seminole State C.,Oklahoma,1971-2005,no,,native_unitid,FedSupport native IPEDS UnitID (NCSES-assigned); no HERD era-B row carries this UNITID (NSF-funded institution outside the HERD UNITID set or HERD-side NULL — see backfill offer)
207847,Southeastern Oklahoma State U.,Oklahoma,1971-2010,yes,Southeastern Oklahoma State University,native_unitid,FedSupport native IPEDS UnitID (NCSES-assigned); joins HERD era-B on UNITID
207856,Southwestern Christian U.,Oklahoma,1972-1974,no,,native_unitid,FedSupport native IPEDS UnitID (NCSES-assigned); no HERD era-B row carries this UNITID (NSF-funded institution outside the HERD UNITID set or HERD-side NULL — see backfill offer)
207865,Southwestern Oklahoma State U.,Oklahoma,1971-2013,yes,Southwestern Oklahoma State University,native_unitid,FedSupport native IPEDS UnitID (NCSES-assigned); joins HERD era-B on UNITID
207935,Tulsa Community C.,Oklahoma,1980-2021,no,,native_unitid,FedSupport native IPEDS UnitID (NCSES-assigned); no HERD era-B row carries this UNITID (NSF-funded institution outside the HERD UNITID set or HERD-side NULL — see backfill offer)
207971,U. Tulsa,Oklahoma,1971-2023,yes,University of Tulsa,native_unitid,FedSupport native IPEDS UnitID (NCSES-assigned); joins HERD era-B on UNITID
208035,Western Oklahoma State C.,Oklahoma,1993-2010,no,,native_unitid,FedSupport native IPEDS UnitID (NCSES-assigned); no HERD era-B row carries this UNITID (NSF-funded institution outside the HERD UNITID set or HERD-side NULL — see backfill offer)
208275,Blue Mountain Community C.,Oregon,1975-1977,no,,native_unitid,FedSupport native IPEDS UnitID (NCSES-assigned); no HERD era-B row carries this UNITID (NSF-funded institution outside the HERD UNITID set or HERD-side NULL — see backfill offer)
208318,Central Oregon Community C.,Oregon,1980-2023,no,,native_unitid,FedSupport native IPEDS UnitID (NCSES-assigned); no HERD era-B row carries this UNITID (NSF-funded institution outside the HERD UNITID set or HERD-side NULL — see backfill offer)
208390,Chemeketa Community C.,Oregon,1973-2021,no,,native_unitid,FedSupport native IPEDS UnitID (NCSES-assigned); no HERD era-B row carries this UNITID (NSF-funded institution outside the HERD UNITID set or HERD-side NULL — see backfill offer)
208406,Clackamas Community C.,Oregon,1971-2020,no,,native_unitid,FedSupport native IPEDS UnitID (NCSES-assigned); no HERD era-B row carries this UNITID (NSF-funded institution outside the HERD UNITID set or HERD-side NULL — see backfill offer)
208415,Clatsop Community C.,Oregon,1993-2005,no,,native_unitid,FedSupport native IPEDS UnitID (NCSES-assigned); no HERD era-B row carries this UNITID (NSF-funded institution outside the HERD UNITID set or HERD-side NULL — see backfill offer)
208488,"Concordia U., Portland",Oregon,1987-1999,no,,native_unitid,FedSupport native IPEDS UnitID (NCSES-assigned); no HERD era-B row carries this UNITID (NSF-funded institution outside the HERD UNITID set or HERD-side NULL — see backfill offer)
208646,Eastern Oregon U.,Oregon,1974-2020,yes,Eastern Oregon University,native_unitid,FedSupport native IPEDS UnitID (NCSES-assigned); joins HERD era-B on UNITID
208822,George Fox U.,Oregon,1972-2023,no,,native_unitid,FedSupport native IPEDS UnitID (NCSES-assigned); no HERD era-B row carries this UNITID (NSF-funded institution outside the HERD UNITID set or HERD-side NULL — see backfill offer)
209038,Lane Community C.,Oregon,1972-2020,no,,native_unitid,FedSupport native IPEDS UnitID (NCSES-assigned); no HERD era-B row carries this UNITID (NSF-funded institution outside the HERD UNITID set or HERD-side NULL — see backfill offer)
209056,Lewis and Clark C.,Oregon,1971-2023,yes,Lewis & Clark College,native_unitid,FedSupport native IPEDS UnitID (NCSES-assigned); joins HERD era-B on UNITID
209065,Linfield C.,Oregon,1971-2018,no,,native_unitid,FedSupport native IPEDS UnitID (NCSES-assigned); no HERD era-B row carries this UNITID (NSF-funded institution outside the HERD UNITID set or HERD-side NULL — see backfill offer)
209074,Linn-Benton Community C.,Oregon,1971-2023,no,,native_unitid,FedSupport native IPEDS UnitID (NCSES-assigned); no HERD era-B row carries this UNITID (NSF-funded institution outside the HERD UNITID set or HERD-side NULL — see backfill offer)
209108,Marylhurst U.,Oregon,1972-1972,no,,native_unitid,FedSupport native IPEDS UnitID (NCSES-assigned); no HERD era-B row carries this UNITID (NSF-funded institution outside the HERD UNITID set or HERD-side NULL — see backfill offer)
209250,Mount Hood Community C.,Oregon,1971-2021,no,,native_unitid,FedSupport native IPEDS UnitID (NCSES-assigned); no HERD era-B row carries this UNITID (NSF-funded institution outside the HERD UNITID set or HERD-side NULL — see backfill offer)
209296,National U. Natural Medicine,Oregon,1991-2023,yes,National University of Natural Medicine,native_unitid,FedSupport native IPEDS UnitID (NCSES-assigned); joins HERD era-B on UNITID
209409,Northwest Christian U.,Oregon,1991-1991,no,,native_unitid,FedSupport native IPEDS UnitID (NCSES-assigned); no HERD era-B row carries this UNITID (NSF-funded institution outside the HERD UNITID set or HERD-side NULL — see backfill offer)
209445,Oregon U. System,Oregon,1971-2014,no,,native_unitid,FedSupport native IPEDS UnitID (NCSES-assigned); no HERD era-B row carries this UNITID (NSF-funded institution outside the HERD UNITID set or HERD-side NULL — see backfill offer)
209490,Oregon Health and Science U.,Oregon,1971-2023,yes,Oregon Health & Science University,native_unitid,FedSupport native IPEDS UnitID (NCSES-assigned); joins HERD era-B on UNITID
209506,Oregon Institute of Technology,Oregon,1971-2023,yes,Oregon Institute of Technology,native_unitid,FedSupport native IPEDS UnitID (NCSES-assigned); joins HERD era-B on UNITID
209542,Oregon State U.,Oregon,1971-2023,no,,native_unitid,FedSupport native IPEDS UnitID (NCSES-assigned); no HERD era-B row carries this UNITID (NSF-funded institution outside the HERD UNITID set or HERD-side NULL — see backfill offer)
209551,"U. Oregon, Eugene",Oregon,1971-2023,yes,University of Oregon,native_unitid,FedSupport native IPEDS UnitID (NCSES-assigned); joins HERD era-B on UNITID
209612,Pacific U.,Oregon,1971-2023,yes,Pacific University,native_unitid,FedSupport native IPEDS UnitID (NCSES-assigned); joins HERD era-B on UNITID
209746,Portland Community C.,Oregon,1972-2023,no,,native_unitid,FedSupport native IPEDS UnitID (NCSES-assigned); no HERD era-B row carries this UNITID (NSF-funded institution outside the HERD UNITID set or HERD-side NULL — see backfill offer)
209807,Portland State U.,Oregon,1971-2023,yes,Portland State University,native_unitid,FedSupport native IPEDS UnitID (NCSES-assigned); joins HERD era-B on UNITID
209825,U. Portland,Oregon,1971-2023,yes,University of Portland,native_unitid,FedSupport native IPEDS UnitID (NCSES-assigned); joins HERD era-B on UNITID
209922,Reed C.,Oregon,1971-2023,yes,Reed College,native_unitid,FedSupport native IPEDS UnitID (NCSES-assigned); joins HERD era-B on UNITID
209940,Rogue Community C.,Oregon,1987-2014,no,,native_unitid,FedSupport native IPEDS UnitID (NCSES-assigned); no HERD era-B row carries this UNITID (NSF-funded institution outside the HERD UNITID set or HERD-side NULL — see backfill offer)
210146,Southern Oregon U.,Oregon,1971-2023,yes,Southern Oregon University,native_unitid,FedSupport native IPEDS UnitID (NCSES-assigned); joins HERD era-B on UNITID
210155,Southwestern Oregon Community C.,Oregon,1972-2012,no,,native_unitid,FedSupport native IPEDS UnitID (NCSES-assigned); no HERD era-B row carries this UNITID (NSF-funded institution outside the HERD UNITID set or HERD-side NULL — see backfill offer)
210234,Treasure Valley Community C.,Oregon,1972-2011,no,,native_unitid,FedSupport native IPEDS UnitID (NCSES-assigned); no HERD era-B row carries this UNITID (NSF-funded institution outside the HERD UNITID set or HERD-side NULL — see backfill offer)
210270,Umpqua Community C.,Oregon,1972-2011,no,,native_unitid,FedSupport native IPEDS UnitID (NCSES-assigned); no HERD era-B row carries this UNITID (NSF-funded institution outside the HERD UNITID set or HERD-side NULL — see backfill offer)
210304,Warner Pacific C.,Oregon,1972-1972,no,,native_unitid,FedSupport native IPEDS UnitID (NCSES-assigned); no HERD era-B row carries this UNITID (NSF-funded institution outside the HERD UNITID set or HERD-side NULL — see backfill offer)
210401,Willamette U.,Oregon,1971-2023,yes,Willamette University,native_unitid,FedSupport native IPEDS UnitID (NCSES-assigned); joins HERD era-B on UNITID
210429,Western Oregon U.,Oregon,1971-2017,yes,Western Oregon University,native_unitid,FedSupport native IPEDS UnitID (NCSES-assigned); joins HERD era-B on UNITID
210438,U. Western States,Oregon,1994-2015,yes,University of Western States,native_unitid,FedSupport native IPEDS UnitID (NCSES-assigned); joins HERD era-B on UNITID
210571,Albright C.,Pennsylvania,1971-2022,no,,native_unitid,FedSupport native IPEDS UnitID (NCSES-assigned); no HERD era-B row carries this UNITID (NSF-funded institution outside the HERD UNITID set or HERD-side NULL — see backfill offer)
210605,Community C. Allegheny County,Pennsylvania,1995-2023,no,,native_unitid,FedSupport native IPEDS UnitID (NCSES-assigned); no HERD era-B row carries this UNITID (NSF-funded institution outside the HERD UNITID set or HERD-side NULL — see backfill offer)
210669,Allegheny C.,Pennsylvania,1971-2021,yes,Allegheny College,native_unitid,FedSupport native IPEDS UnitID (NCSES-assigned); joins HERD era-B on UNITID
210739,DeSales U.,Pennsylvania,1972-2010,no,,native_unitid,FedSupport native IPEDS UnitID (NCSES-assigned); no HERD era-B row carries this UNITID (NSF-funded institution outside the HERD UNITID set or HERD-side NULL — see backfill offer)
210775,Alvernia U.,Pennsylvania,1993-2023,no,,native_unitid,FedSupport native IPEDS UnitID (NCSES-assigned); no HERD era-B row carries this UNITID (NSF-funded institution outside the HERD UNITID set or HERD-side NULL — see backfill offer)
211079,Community C. Beaver County,Pennsylvania,2014-2018,no,,native_unitid,FedSupport native IPEDS UnitID (NCSES-assigned); no HERD era-B row carries this UNITID (NSF-funded institution outside the HERD UNITID set or HERD-side NULL — see backfill offer)
211088,Arcadia U.,Pennsylvania,1971-2023,yes,Arcadia University,native_unitid,FedSupport native IPEDS UnitID (NCSES-assigned); joins HERD era-B on UNITID
211158,Commonwealth U. Pennsylvania-Bloomsburg,Pennsylvania,1971-2023,yes,Bloomsburg University of Pennsylvania,native_unitid,FedSupport native IPEDS UnitID (NCSES-assigned); joins HERD era-B on UNITID
211273,Bryn Mawr C.,Pennsylvania,1971-2023,yes,Bryn Mawr College,native_unitid,FedSupport native IPEDS UnitID (NCSES-assigned); joins HERD era-B on UNITID
211291,Bucknell U.,Pennsylvania,1971-2023,yes,Bucknell University,native_unitid,FedSupport native IPEDS UnitID (NCSES-assigned); joins HERD era-B on UNITID
211307,"Bucks County Community C., Newtown",Pennsylvania,1971-2023,no,,native_unitid,FedSupport native IPEDS UnitID (NCSES-assigned); no HERD era-B row carries this UNITID (NSF-funded institution outside the HERD UNITID set or HERD-side NULL — see backfill offer)
211343,Butler County Community C.,Pennsylvania,1972-2023,no,,native_unitid,FedSupport native IPEDS UnitID (NCSES-assigned); no HERD era-B row carries this UNITID (NSF-funded institution outside the HERD UNITID set or HERD-side NULL — see backfill offer)
211352,Cabrini C.,Pennsylvania,1972-2009,no,,native_unitid,FedSupport native IPEDS UnitID (NCSES-assigned); no HERD era-B row carries this UNITID (NSF-funded institution outside the HERD UNITID set or HERD-side NULL — see backfill offer)
211361,"Western Pennsylvania U., California",Pennsylvania,1971-2022,yes,California University of Pennsylvania,native_unitid,FedSupport native IPEDS UnitID (NCSES-assigned); joins HERD era-B on UNITID
211431,Carlow U.,Pennsylvania,1971-2023,no,,native_unitid,FedSupport native IPEDS UnitID (NCSES-assigned); no HERD era-B row carries this UNITID (NSF-funded institution outside the HERD UNITID set or HERD-side NULL — see backfill offer)
211440,Carnegie Mellon U.,Pennsylvania,1971-2023,yes,Carnegie Mellon University,native_unitid,FedSupport native IPEDS UnitID (NCSES-assigned); joins HERD era-B on UNITID
211468,Cedar Crest C.,Pennsylvania,1971-2023,no,,native_unitid,FedSupport native IPEDS UnitID (NCSES-assigned); no HERD era-B row carries this UNITID (NSF-funded institution outside the HERD UNITID set or HERD-side NULL — see backfill offer)
211556,Chatham U.,Pennsylvania,1972-2023,no,,native_unitid,FedSupport native IPEDS UnitID (NCSES-assigned); no HERD era-B row carries this UNITID (NSF-funded institution outside the HERD UNITID set or HERD-side NULL — see backfill offer)
211583,Chestnut Hill C.,Pennsylvania,1976-2016,no,,native_unitid,FedSupport native IPEDS UnitID (NCSES-assigned); no HERD era-B row carries this UNITID (NSF-funded institution outside the HERD UNITID set or HERD-side NULL — see backfill offer)
211608,Cheyney U. Pennsylvania,Pennsylvania,1971-2021,yes,Cheyney University of Pennsylvania,native_unitid,FedSupport native IPEDS UnitID (NCSES-assigned); joins HERD era-B on UNITID
211644,"Western Pennsylvania U., California",Pennsylvania,1971-2019,yes,Clarion University of Pennsylvania,native_unitid,FedSupport native IPEDS UnitID (NCSES-assigned); joins HERD era-B on UNITID
211927,Delaware County Community C.,Pennsylvania,1971-2016,no,,native_unitid,FedSupport native IPEDS UnitID (NCSES-assigned); no HERD era-B row carries this UNITID (NSF-funded institution outside the HERD UNITID set or HERD-side NULL — see backfill offer)
211981,Delaware Valley U.,Pennsylvania,1971-2023,yes,Delaware Valley University,native_unitid,FedSupport native IPEDS UnitID (NCSES-assigned); joins HERD era-B on UNITID
212009,Dickinson C.,Pennsylvania,1971-2023,yes,Dickinson College,native_unitid,FedSupport native IPEDS UnitID (NCSES-assigned); joins HERD era-B on UNITID
212018,Pennsylvania State U.,Pennsylvania,2019-2019,no,,native_unitid,FedSupport native IPEDS UnitID (NCSES-assigned); no HERD era-B row carries this UNITID (NSF-funded institution outside the HERD UNITID set or HERD-side NULL — see backfill offer)
212054,Drexel U.,Pennsylvania,1971-2023,yes,Drexel University,native_unitid,FedSupport native IPEDS UnitID (NCSES-assigned); joins HERD era-B on UNITID
212106,Duquesne U.,Pennsylvania,1971-2023,yes,Duquesne University,native_unitid,FedSupport native IPEDS UnitID (NCSES-assigned); joins HERD era-B on UNITID
212115,East Stroudsburg U. Pennsylvania,Pennsylvania,1971-2023,yes,East Stroudsburg University of Pennsylvania,native_unitid,FedSupport native IPEDS UnitID (NCSES-assigned); joins HERD era-B on UNITID
212133,Eastern U.,Pennsylvania,1971-2001,no,,native_unitid,FedSupport native IPEDS UnitID (NCSES-assigned); no HERD era-B row carries this UNITID (NSF-funded institution outside the HERD UNITID set or HERD-side NULL — see backfill offer)
212160,"Western Pennsylvania U., California",Pennsylvania,1971-2022,yes,Edinboro University of Pennsylvania,native_unitid,FedSupport native IPEDS UnitID (NCSES-assigned); joins HERD era-B on UNITID
212197,Elizabethtown C.,Pennsylvania,1971-2022,yes,Elizabethtown College,native_unitid,FedSupport native IPEDS UnitID (NCSES-assigned); joins HERD era-B on UNITID
212577,Franklin and Marshall C.,Pennsylvania,1971-2023,yes,Franklin and Marshall College,native_unitid,FedSupport native IPEDS UnitID (NCSES-assigned); joins HERD era-B on UNITID
212601,Gannon U.,Pennsylvania,1971-2023,yes,Gannon University,native_unitid,FedSupport native IPEDS UnitID (NCSES-assigned); joins HERD era-B on UNITID
212656,Geneva C.,Pennsylvania,1971-2023,no,,native_unitid,FedSupport native IPEDS UnitID (NCSES-assigned); no HERD era-B row carries this UNITID (NSF-funded institution outside the HERD UNITID set or HERD-side NULL — see backfill offer)
212674,Gettysburg C.,Pennsylvania,1971-2023,yes,Gettysburg College,native_unitid,FedSupport native IPEDS UnitID (NCSES-assigned); joins HERD era-B on UNITID
212805,Grove City C.,Pennsylvania,1992-1992,no,,native_unitid,FedSupport native IPEDS UnitID (NCSES-assigned); no HERD era-B row carries this UNITID (NSF-funded institution outside the HERD UNITID set or HERD-side NULL — see backfill offer)
212832,Gwynedd-Mercy C.,Pennsylvania,1972-2007,no,,native_unitid,FedSupport native IPEDS UnitID (NCSES-assigned); no HERD era-B row carries this UNITID (NSF-funded institution outside the HERD UNITID set or HERD-side NULL — see backfill offer)
212869,Harcum C.,Pennsylvania,2010-2010,no,,native_unitid,FedSupport native IPEDS UnitID (NCSES-assigned); no HERD era-B row carries this UNITID (NSF-funded institution outside the HERD UNITID set or HERD-side NULL — see backfill offer)
212878,Harrisburg Area Community C.,Pennsylvania,1976-2015,no,,native_unitid,FedSupport native IPEDS UnitID (NCSES-assigned); no HERD era-B row carries this UNITID (NSF-funded institution outside the HERD UNITID set or HERD-side NULL — see backfill offer)
212911,Haverford C.,Pennsylvania,1971-2023,yes,Haverford College,native_unitid,FedSupport native IPEDS UnitID (NCSES-assigned); joins HERD era-B on UNITID
212984,Holy Family U.,Pennsylvania,1972-2005,no,,native_unitid,FedSupport native IPEDS UnitID (NCSES-assigned); no HERD era-B row carries this UNITID (NSF-funded institution outside the HERD UNITID set or HERD-side NULL — see backfill offer)
213011,Immaculata U.,Pennsylvania,1971-2009,no,,native_unitid,FedSupport native IPEDS UnitID (NCSES-assigned); no HERD era-B row carries this UNITID (NSF-funded institution outside the HERD UNITID set or HERD-side NULL — see backfill offer)
213020,"Indiana U. Pennsylvania, Indiana",Pennsylvania,1971-2023,yes,Indiana University of Pennsylvania,native_unitid,FedSupport native IPEDS UnitID (NCSES-assigned); joins HERD era-B on UNITID
213251,Juniata C.,Pennsylvania,1971-2023,yes,Juniata College,native_unitid,FedSupport native IPEDS UnitID (NCSES-assigned); joins HERD era-B on UNITID
213303,Keystone C.,Pennsylvania,1972-2019,no,,native_unitid,FedSupport native IPEDS UnitID (NCSES-assigned); no HERD era-B row carries this UNITID (NSF-funded institution outside the HERD UNITID set or HERD-side NULL — see backfill offer)
213321,"King's C., Wilkes Barre",Pennsylvania,1971-2013,no,,native_unitid,FedSupport native IPEDS UnitID (NCSES-assigned); no HERD era-B row carries this UNITID (NSF-funded institution outside the HERD UNITID set or HERD-side NULL — see backfill offer)
213349,Kutztown U. Pennsylvania,Pennsylvania,1974-2023,yes,Kutztown University of Pennsylvania,native_unitid,FedSupport native IPEDS UnitID (NCSES-assigned); joins HERD era-B on UNITID
213358,La Roche C.,Pennsylvania,1994-2006,no,,native_unitid,FedSupport native IPEDS UnitID (NCSES-assigned); no HERD era-B row carries this UNITID (NSF-funded institution outside the HERD UNITID set or HERD-side NULL — see backfill offer)
213367,La Salle U.,Pennsylvania,1971-2023,yes,La Salle University,native_unitid,FedSupport native IPEDS UnitID (NCSES-assigned); joins HERD era-B on UNITID
213376,Lackawanna C.,Pennsylvania,1999-1999,no,,native_unitid,FedSupport native IPEDS UnitID (NCSES-assigned); no HERD era-B row carries this UNITID (NSF-funded institution outside the HERD UNITID set or HERD-side NULL — see backfill offer)
213385,Lafayette C.,Pennsylvania,1971-2023,yes,Lafayette College,native_unitid,FedSupport native IPEDS UnitID (NCSES-assigned); joins HERD era-B on UNITID
213507,Lebanon Valley C.,Pennsylvania,1972-2023,no,,native_unitid,FedSupport native IPEDS UnitID (NCSES-assigned); no HERD era-B row carries this UNITID (NSF-funded institution outside the HERD UNITID set or HERD-side NULL — see backfill offer)
213525,Lehigh Carbon Community C.,Pennsylvania,1971-2023,no,,native_unitid,FedSupport native IPEDS UnitID (NCSES-assigned); no HERD era-B row carries this UNITID (NSF-funded institution outside the HERD UNITID set or HERD-side NULL — see backfill offer)
213543,Lehigh U.,Pennsylvania,1971-2023,yes,Lehigh University,native_unitid,FedSupport native IPEDS UnitID (NCSES-assigned); joins HERD era-B on UNITID
213598,Lincoln U. Commonwealth of Pennsylvania,Pennsylvania,1971-2023,yes,Lincoln University of the Commonwealth of Pennsylvania,native_unitid,FedSupport native IPEDS UnitID (NCSES-assigned); joins HERD era-B on UNITID
213613,Commonwealth U. Pennsylvania-Bloomsburg,Pennsylvania,1971-2013,no,,native_unitid,FedSupport native IPEDS UnitID (NCSES-assigned); no HERD era-B row carries this UNITID (NSF-funded institution outside the HERD UNITID set or HERD-side NULL — see backfill offer)
213659,Luzerne County Community C.,Pennsylvania,1973-1997,no,,native_unitid,FedSupport native IPEDS UnitID (NCSES-assigned); no HERD era-B row carries this UNITID (NSF-funded institution outside the HERD UNITID set or HERD-side NULL — see backfill offer)
213668,Lycoming C.,Pennsylvania,1971-2021,yes,Lycoming College,native_unitid,FedSupport native IPEDS UnitID (NCSES-assigned); joins HERD era-B on UNITID
213774,Manor C.,Pennsylvania,1999-1999,no,,native_unitid,FedSupport native IPEDS UnitID (NCSES-assigned); no HERD era-B row carries this UNITID (NSF-funded institution outside the HERD UNITID set or HERD-side NULL — see backfill offer)
213783,Commonwealth U. Pennsylvania-Bloomsburg,Pennsylvania,1971-2011,no,,native_unitid,FedSupport native IPEDS UnitID (NCSES-assigned); no HERD era-B row carries this UNITID (NSF-funded institution outside the HERD UNITID set or HERD-side NULL — see backfill offer)
213826,Marywood U.,Pennsylvania,1971-2022,yes,Marywood University,native_unitid,FedSupport native IPEDS UnitID (NCSES-assigned); joins HERD era-B on UNITID
213987,Mercyhurst U.,Pennsylvania,1971-2023,yes,Mercyhurst University,native_unitid,FedSupport native IPEDS UnitID (NCSES-assigned); joins HERD era-B on UNITID
213996,Messiah C.,Pennsylvania,1971-2018,yes,Messiah College,native_unitid,FedSupport native IPEDS UnitID (NCSES-assigned); joins HERD era-B on UNITID
214041,Millersville U. Pennsylvania,Pennsylvania,1971-2023,yes,Millersville University of Pennsylvania,native_unitid,FedSupport native IPEDS UnitID (NCSES-assigned); joins HERD era-B on UNITID
214069,Misericordia U.,Pennsylvania,1971-2009,no,,native_unitid,FedSupport native IPEDS UnitID (NCSES-assigned); no HERD era-B row carries this UNITID (NSF-funded institution outside the HERD UNITID set or HERD-side NULL — see backfill offer)
214111,Montgomery County Community C.,Pennsylvania,1971-2021,no,,native_unitid,FedSupport native IPEDS UnitID (NCSES-assigned); no HERD era-B row carries this UNITID (NSF-funded institution outside the HERD UNITID set or HERD-side NULL — see backfill offer)
214148,Moore C. of Art and Design,Pennsylvania,2005-2005,no,,native_unitid,FedSupport native IPEDS UnitID (NCSES-assigned); no HERD era-B row carries this UNITID (NSF-funded institution outside the HERD UNITID set or HERD-side NULL — see backfill offer)
214157,Moravian C.,Pennsylvania,1972-2023,yes,Moravian College,native_unitid,FedSupport native IPEDS UnitID (NCSES-assigned); joins HERD era-B on UNITID
214166,Mount Aloysius C.,Pennsylvania,1987-2019,no,,native_unitid,FedSupport native IPEDS UnitID (NCSES-assigned); no HERD era-B row carries this UNITID (NSF-funded institution outside the HERD UNITID set or HERD-side NULL — see backfill offer)
214175,Muhlenberg C.,Pennsylvania,1971-2018,yes,Muhlenberg College,native_unitid,FedSupport native IPEDS UnitID (NCSES-assigned); joins HERD era-B on UNITID
214272,Neumann U.,Pennsylvania,1992-2020,no,,native_unitid,FedSupport native IPEDS UnitID (NCSES-assigned); no HERD era-B row carries this UNITID (NSF-funded institution outside the HERD UNITID set or HERD-side NULL — see backfill offer)
214379,Northampton Community C.,Pennsylvania,1971-2019,no,,native_unitid,FedSupport native IPEDS UnitID (NCSES-assigned); no HERD era-B row carries this UNITID (NSF-funded institution outside the HERD UNITID set or HERD-side NULL — see backfill offer)
214564,Salus U.,Pennsylvania,1971-2023,yes,Salus University,native_unitid,FedSupport native IPEDS UnitID (NCSES-assigned); joins HERD era-B on UNITID
214582,Pennsylvania Institute of Technology,Pennsylvania,1979-2004,no,,native_unitid,FedSupport native IPEDS UnitID (NCSES-assigned); no HERD era-B row carries this UNITID (NSF-funded institution outside the HERD UNITID set or HERD-side NULL — see backfill offer)
214591,Pennsylvania State U.,Pennsylvania,1994-1999,yes,"Pennsylvania State University, The, Behrend",native_unitid,FedSupport native IPEDS UnitID (NCSES-assigned); joins HERD era-B on UNITID
214607,Pennsylvania State U.,Pennsylvania,1996-2015,yes,"Pennsylvania State University, The, Great Valley School of Graduate Professional Studies",native_unitid,FedSupport native IPEDS UnitID (NCSES-assigned); joins HERD era-B on UNITID
214616,Pennsylvania State U.,Pennsylvania,1992-2023,no,,native_unitid,FedSupport native IPEDS UnitID (NCSES-assigned); no HERD era-B row carries this UNITID (NSF-funded institution outside the HERD UNITID set or HERD-side NULL — see backfill offer)
214625,Pennsylvania State U.,Pennsylvania,1993-1995,yes,"Pennsylvania State University, The, New Kensington",native_unitid,FedSupport native IPEDS UnitID (NCSES-assigned); joins HERD era-B on UNITID
214652,Pennsylvania State U.,Pennsylvania,2003-2003,yes,Pennsylvania State University Worthington-Scranton,native_unitid,FedSupport native IPEDS UnitID (NCSES-assigned); joins HERD era-B on UNITID
214661,"Pennsylvania State System Higher Education, Office of Chancellor",Pennsylvania,2005-2007,no,,native_unitid,FedSupport native IPEDS UnitID (NCSES-assigned); no HERD era-B row carries this UNITID (NSF-funded institution outside the HERD UNITID set or HERD-side NULL — see backfill offer)
214670,Pennsylvania State U.,Pennsylvania,1992-1992,yes,"Pennsylvania State University, The, Lehigh Valley",native_unitid,FedSupport native IPEDS UnitID (NCSES-assigned); joins HERD era-B on UNITID
214689,Pennsylvania State U.,Pennsylvania,1992-2017,yes,"Pennsylvania State University, The, Altoona",native_unitid,FedSupport native IPEDS UnitID (NCSES-assigned); joins HERD era-B on UNITID
214704,Pennsylvania State U.,Pennsylvania,1998-2005,yes,"Pennsylvania State University, The, Berks",native_unitid,FedSupport native IPEDS UnitID (NCSES-assigned); joins HERD era-B on UNITID
214713,Pennsylvania State U.,Pennsylvania,1992-1997,yes,"Pennsylvania State University, The, Harrisburg",native_unitid,FedSupport native IPEDS UnitID (NCSES-assigned); joins HERD era-B on UNITID
214722,Pennsylvania State U.,Pennsylvania,1992-2023,no,,native_unitid,FedSupport native IPEDS UnitID (NCSES-assigned); no HERD era-B row carries this UNITID (NSF-funded institution outside the HERD UNITID set or HERD-side NULL — see backfill offer)
214731,Pennsylvania State U.,Pennsylvania,1992-1992,yes,"Pennsylvania State University, The, Brandywine",native_unitid,FedSupport native IPEDS UnitID (NCSES-assigned); joins HERD era-B on UNITID
214777,Pennsylvania State U.,Pennsylvania,1992-2023,yes,"Pennsylvania State University, The, University Park and Hershey Medical Center",native_unitid,FedSupport native IPEDS UnitID (NCSES-assigned); joins HERD era-B on UNITID
214786,Pennsylvania State U.,Pennsylvania,1994-2005,yes,"Pennsylvania State University, The, Greater Allegheny",native_unitid,FedSupport native IPEDS UnitID (NCSES-assigned); joins HERD era-B on UNITID
214838,Baker C. of Reading,Pennsylvania,1993-1995,no,,native_unitid,FedSupport native IPEDS UnitID (NCSES-assigned); no HERD era-B row carries this UNITID (NSF-funded institution outside the HERD UNITID set or HERD-side NULL — see backfill offer)
214883,Peirce C.,Pennsylvania,1991-2004,no,,native_unitid,FedSupport native IPEDS UnitID (NCSES-assigned); no HERD era-B row carries this UNITID (NSF-funded institution outside the HERD UNITID set or HERD-side NULL — see backfill offer)
215062,U. Pennsylvania,Pennsylvania,1971-2023,yes,University of Pennsylvania,native_unitid,FedSupport native IPEDS UnitID (NCSES-assigned); joins HERD era-B on UNITID
215099,Thomas Jefferson U.,Pennsylvania,1972-2011,yes,Philadelphia University,native_unitid,FedSupport native IPEDS UnitID (NCSES-assigned); joins HERD era-B on UNITID
215105,U. of the Arts,Pennsylvania,1972-1998,no,,native_unitid,FedSupport native IPEDS UnitID (NCSES-assigned); no HERD era-B row carries this UNITID (NSF-funded institution outside the HERD UNITID set or HERD-side NULL — see backfill offer)
215123,Philadelphia C. Osteopathic Medicine,Pennsylvania,1971-2023,yes,Philadelphia College of Osteopathic Medicine,native_unitid,FedSupport native IPEDS UnitID (NCSES-assigned); joins HERD era-B on UNITID
215132,"U. Sciences, Philadelphia",Pennsylvania,1971-2022,yes,University of the Sciences in Philadelphia,native_unitid,FedSupport native IPEDS UnitID (NCSES-assigned); joins HERD era-B on UNITID
215239,Community C. Philadelphia,Pennsylvania,1972-2022,no,,native_unitid,FedSupport native IPEDS UnitID (NCSES-assigned); no HERD era-B row carries this UNITID (NSF-funded institution outside the HERD UNITID set or HERD-side NULL — see backfill offer)
215266,U. Pittsburgh,Pennsylvania,2005-2005,yes,"University of Pittsburgh, Bradford",native_unitid,FedSupport native IPEDS UnitID (NCSES-assigned); joins HERD era-B on UNITID
215275,U. Pittsburgh,Pennsylvania,2004-2005,no,,native_unitid,FedSupport native IPEDS UnitID (NCSES-assigned); no HERD era-B row carries this UNITID (NSF-funded institution outside the HERD UNITID set or HERD-side NULL — see backfill offer)
215284,U. Pittsburgh,Pennsylvania,2000-2000,no,,native_unitid,FedSupport native IPEDS UnitID (NCSES-assigned); no HERD era-B row carries this UNITID (NSF-funded institution outside the HERD UNITID set or HERD-side NULL — see backfill offer)
215293,U. Pittsburgh,Pennsylvania,1989-2023,yes,"University of Pittsburgh, Pittsburgh",native_unitid,FedSupport native IPEDS UnitID (NCSES-assigned); joins HERD era-B on UNITID
215381,Pittsburgh Institute of Aeronautics,Pennsylvania,2019-2019,no,,native_unitid,FedSupport native IPEDS UnitID (NCSES-assigned); no HERD era-B row carries this UNITID (NSF-funded institution outside the HERD UNITID set or HERD-side NULL — see backfill offer)
215415,Pittsburgh Technical C.,Pennsylvania,2019-2022,no,,native_unitid,FedSupport native IPEDS UnitID (NCSES-assigned); no HERD era-B row carries this UNITID (NSF-funded institution outside the HERD UNITID set or HERD-side NULL — see backfill offer)
215442,Point Park U.,Pennsylvania,1971-2021,no,,native_unitid,FedSupport native IPEDS UnitID (NCSES-assigned); no HERD era-B row carries this UNITID (NSF-funded institution outside the HERD UNITID set or HERD-side NULL — see backfill offer)
215585,Reading Area Community C.,Pennsylvania,1992-2010,no,,native_unitid,FedSupport native IPEDS UnitID (NCSES-assigned); no HERD era-B row carries this UNITID (NSF-funded institution outside the HERD UNITID set or HERD-side NULL — see backfill offer)
215655,Robert Morris U.,Pennsylvania,1971-2023,yes,Robert Morris University,native_unitid,FedSupport native IPEDS UnitID (NCSES-assigned); joins HERD era-B on UNITID
215691,Rosemont C.,Pennsylvania,1972-2004,no,,native_unitid,FedSupport native IPEDS UnitID (NCSES-assigned); no HERD era-B row carries this UNITID (NSF-funded institution outside the HERD UNITID set or HERD-side NULL — see backfill offer)
215743,Saint Francis U.,Pennsylvania,1975-2023,yes,Saint Francis University,native_unitid,FedSupport native IPEDS UnitID (NCSES-assigned); joins HERD era-B on UNITID
215770,Saint Joseph's U.,Pennsylvania,1971-2023,yes,Saint Joseph's University,native_unitid,FedSupport native IPEDS UnitID (NCSES-assigned); joins HERD era-B on UNITID
215798,Saint Vincent C.,Pennsylvania,1974-2020,no,,native_unitid,FedSupport native IPEDS UnitID (NCSES-assigned); no HERD era-B row carries this UNITID (NSF-funded institution outside the HERD UNITID set or HERD-side NULL — see backfill offer)
215929,U. Scranton,Pennsylvania,1971-2023,yes,University of Scranton,native_unitid,FedSupport native IPEDS UnitID (NCSES-assigned); joins HERD era-B on UNITID
215947,Seton Hill U.,Pennsylvania,1972-2023,no,,native_unitid,FedSupport native IPEDS UnitID (NCSES-assigned); no HERD era-B row carries this UNITID (NSF-funded institution outside the HERD UNITID set or HERD-side NULL — see backfill offer)
216010,Shippensburg U. Pennsylvania,Pennsylvania,1971-2023,yes,Shippensburg University of Pennsylvania,native_unitid,FedSupport native IPEDS UnitID (NCSES-assigned); joins HERD era-B on UNITID
216038,Slippery Rock U. Pennsylvania,Pennsylvania,1971-2023,yes,Slippery Rock University of Pennsylvania,native_unitid,FedSupport native IPEDS UnitID (NCSES-assigned); joins HERD era-B on UNITID
216047,Saint Charles Borromeo Seminary,Pennsylvania,1972-1972,no,,native_unitid,FedSupport native IPEDS UnitID (NCSES-assigned); no HERD era-B row carries this UNITID (NSF-funded institution outside the HERD UNITID set or HERD-side NULL — see backfill offer)
216278,Susquehanna U.,Pennsylvania,1971-2023,yes,Susquehanna University,native_unitid,FedSupport native IPEDS UnitID (NCSES-assigned); joins HERD era-B on UNITID
216287,Swarthmore C.,Pennsylvania,1971-2023,yes,Swarthmore College,native_unitid,FedSupport native IPEDS UnitID (NCSES-assigned); joins HERD era-B on UNITID
216296,Thaddeus Stevens C. of Technology,Pennsylvania,2004-2004,no,,native_unitid,FedSupport native IPEDS UnitID (NCSES-assigned); no HERD era-B row carries this UNITID (NSF-funded institution outside the HERD UNITID set or HERD-side NULL — see backfill offer)
216339,Temple U.,Pennsylvania,1971-2023,yes,Temple University,native_unitid,FedSupport native IPEDS UnitID (NCSES-assigned); joins HERD era-B on UNITID
216357,Thiel C.,Pennsylvania,1971-2009,no,,native_unitid,FedSupport native IPEDS UnitID (NCSES-assigned); no HERD era-B row carries this UNITID (NSF-funded institution outside the HERD UNITID set or HERD-side NULL — see backfill offer)
216366,Thomas Jefferson U.,Pennsylvania,1971-2023,yes,Thomas Jefferson University,native_unitid,FedSupport native IPEDS UnitID (NCSES-assigned); joins HERD era-B on UNITID
216506,U. Pittsburgh,Pennsylvania,1992-2023,no,,native_unitid,FedSupport native IPEDS UnitID (NCSES-assigned); no HERD era-B row carries this UNITID (NSF-funded institution outside the HERD UNITID set or HERD-side NULL — see backfill offer)
216524,Ursinus C.,Pennsylvania,1971-2023,yes,Ursinus College,native_unitid,FedSupport native IPEDS UnitID (NCSES-assigned); joins HERD era-B on UNITID
216542,U. of Valley Forge,Pennsylvania,1997-1997,no,,native_unitid,FedSupport native IPEDS UnitID (NCSES-assigned); no HERD era-B row carries this UNITID (NSF-funded institution outside the HERD UNITID set or HERD-side NULL — see backfill offer)
216597,Villanova U.,Pennsylvania,1971-2023,yes,Villanova University,native_unitid,FedSupport native IPEDS UnitID (NCSES-assigned); joins HERD era-B on UNITID
216667,Washington and Jefferson C.,Pennsylvania,1972-2016,yes,Washington and Jefferson College,native_unitid,FedSupport native IPEDS UnitID (NCSES-assigned); joins HERD era-B on UNITID
216694,Waynesburg U.,Pennsylvania,1972-2023,no,,native_unitid,FedSupport native IPEDS UnitID (NCSES-assigned); no HERD era-B row carries this UNITID (NSF-funded institution outside the HERD UNITID set or HERD-side NULL — see backfill offer)
216764,West Chester U. Pennsylvania,Pennsylvania,1971-2023,yes,West Chester University of Pennsylvania,native_unitid,FedSupport native IPEDS UnitID (NCSES-assigned); joins HERD era-B on UNITID
216807,"Westminster C., New Wilmington",Pennsylvania,1971-2017,no,,native_unitid,FedSupport native IPEDS UnitID (NCSES-assigned); no HERD era-B row carries this UNITID (NSF-funded institution outside the HERD UNITID set or HERD-side NULL — see backfill offer)
216825,Westmoreland County Community C.,Pennsylvania,1992-1992,no,,native_unitid,FedSupport native IPEDS UnitID (NCSES-assigned); no HERD era-B row carries this UNITID (NSF-funded institution outside the HERD UNITID set or HERD-side NULL — see backfill offer)
216852,"Widener U., Chester",Pennsylvania,1971-2023,yes,"Widener University, Chester",native_unitid,FedSupport native IPEDS UnitID (NCSES-assigned); joins HERD era-B on UNITID
216931,Wilkes U.,Pennsylvania,1971-2022,yes,Wilkes University,native_unitid,FedSupport native IPEDS UnitID (NCSES-assigned); joins HERD era-B on UNITID
217013,"Wilson C., Chambersburg",Pennsylvania,1971-2021,no,,native_unitid,FedSupport native IPEDS UnitID (NCSES-assigned); no HERD era-B row carries this UNITID (NSF-funded institution outside the HERD UNITID set or HERD-side NULL — see backfill offer)
217059,York C. Pennsylvania,Pennsylvania,1972-2015,no,,native_unitid,FedSupport native IPEDS UnitID (NCSES-assigned); no HERD era-B row carries this UNITID (NSF-funded institution outside the HERD UNITID set or HERD-side NULL — see backfill offer)
217156,Brown U.,Rhode Island,1971-2023,yes,Brown University,native_unitid,FedSupport native IPEDS UnitID (NCSES-assigned); joins HERD era-B on UNITID
217165,Bryant U.,Rhode Island,1971-2021,yes,Bryant University,native_unitid,FedSupport native IPEDS UnitID (NCSES-assigned); joins HERD era-B on UNITID
217235,"Johnson and Wales U., Providence",Rhode Island,1972-2021,yes,"Johnson and Wales University, Providence",native_unitid,FedSupport native IPEDS UnitID (NCSES-assigned); joins HERD era-B on UNITID
217402,Providence C.,Rhode Island,1971-2023,yes,Providence College,native_unitid,FedSupport native IPEDS UnitID (NCSES-assigned); joins HERD era-B on UNITID
217420,Rhode Island C.,Rhode Island,1971-2023,yes,Rhode Island College,native_unitid,FedSupport native IPEDS UnitID (NCSES-assigned); joins HERD era-B on UNITID
217475,Community C. Rhode Island,Rhode Island,1971-2013,no,,native_unitid,FedSupport native IPEDS UnitID (NCSES-assigned); no HERD era-B row carries this UNITID (NSF-funded institution outside the HERD UNITID set or HERD-side NULL — see backfill offer)
217484,U. Rhode Island,Rhode Island,1971-2023,yes,University of Rhode Island,native_unitid,FedSupport native IPEDS UnitID (NCSES-assigned); joins HERD era-B on UNITID
217493,Rhode Island School of Design,Rhode Island,1972-2017,yes,Rhode Island School of Design,native_unitid,FedSupport native IPEDS UnitID (NCSES-assigned); joins HERD era-B on UNITID
217518,Roger Williams U.,Rhode Island,1973-2022,yes,Roger Williams University,native_unitid,FedSupport native IPEDS UnitID (NCSES-assigned); joins HERD era-B on UNITID
217536,Salve Regina U.,Rhode Island,1971-2019,yes,Salve Regina University,native_unitid,FedSupport native IPEDS UnitID (NCSES-assigned); joins HERD era-B on UNITID
217615,Aiken Technical C.,South Carolina,1999-2015,no,,native_unitid,FedSupport native IPEDS UnitID (NCSES-assigned); no HERD era-B row carries this UNITID (NSF-funded institution outside the HERD UNITID set or HERD-side NULL — see backfill offer)
217624,Allen U.,South Carolina,1971-2012,no,,native_unitid,FedSupport native IPEDS UnitID (NCSES-assigned); no HERD era-B row carries this UNITID (NSF-funded institution outside the HERD UNITID set or HERD-side NULL — see backfill offer)
217633,"Anderson U., Anderson, South Carolina",South Carolina,1973-2019,no,,native_unitid,FedSupport native IPEDS UnitID (NCSES-assigned); no HERD era-B row carries this UNITID (NSF-funded institution outside the HERD UNITID set or HERD-side NULL — see backfill offer)
217688,Charleston Southern U.,South Carolina,1972-2008,no,,native_unitid,FedSupport native IPEDS UnitID (NCSES-assigned); no HERD era-B row carries this UNITID (NSF-funded institution outside the HERD UNITID set or HERD-side NULL — see backfill offer)
217712,Technical C. of the Lowcountry,South Carolina,1987-2012,no,,native_unitid,FedSupport native IPEDS UnitID (NCSES-assigned); no HERD era-B row carries this UNITID (NSF-funded institution outside the HERD UNITID set or HERD-side NULL — see backfill offer)
217721,Benedict C.,South Carolina,1971-2023,yes,Benedict College,native_unitid,FedSupport native IPEDS UnitID (NCSES-assigned); joins HERD era-B on UNITID
217776,Southern Wesleyan U.,South Carolina,1972-1981,no,,native_unitid,FedSupport native IPEDS UnitID (NCSES-assigned); no HERD era-B row carries this UNITID (NSF-funded institution outside the HERD UNITID set or HERD-side NULL — see backfill offer)
217819,C. Charleston,South Carolina,1971-2023,yes,College of Charleston,native_unitid,FedSupport native IPEDS UnitID (NCSES-assigned); joins HERD era-B on UNITID
217837,Northeastern Technical C.,South Carolina,1994-2019,no,,native_unitid,FedSupport native IPEDS UnitID (NCSES-assigned); no HERD era-B row carries this UNITID (NSF-funded institution outside the HERD UNITID set or HERD-side NULL — see backfill offer)
217864,Citadel Military C. South Carolina,South Carolina,1971-2023,yes,Citadel Military College of South Carolina,native_unitid,FedSupport native IPEDS UnitID (NCSES-assigned); joins HERD era-B on UNITID
217873,Claflin U.,South Carolina,1971-2023,yes,Claflin University,native_unitid,FedSupport native IPEDS UnitID (NCSES-assigned); joins HERD era-B on UNITID
217882,Clemson U.,South Carolina,1971-2023,yes,Clemson University,native_unitid,FedSupport native IPEDS UnitID (NCSES-assigned); joins HERD era-B on UNITID
217891,Clinton C.,South Carolina,2012-2021,no,,native_unitid,FedSupport native IPEDS UnitID (NCSES-assigned); no HERD era-B row carries this UNITID (NSF-funded institution outside the HERD UNITID set or HERD-side NULL — see backfill offer)
217907,Coker C.,South Carolina,1971-2021,yes,Coker College,native_unitid,FedSupport native IPEDS UnitID (NCSES-assigned); joins HERD era-B on UNITID
217934,"Columbia C., Columbia, South Carolina",South Carolina,1971-2009,no,,native_unitid,FedSupport native IPEDS UnitID (NCSES-assigned); no HERD era-B row carries this UNITID (NSF-funded institution outside the HERD UNITID set or HERD-side NULL — see backfill offer)
217961,Converse C.,South Carolina,1971-2023,yes,Converse College,native_unitid,FedSupport native IPEDS UnitID (NCSES-assigned); joins HERD era-B on UNITID
217989,Denmark Technical C.,South Carolina,1978-2012,no,,native_unitid,FedSupport native IPEDS UnitID (NCSES-assigned); no HERD era-B row carries this UNITID (NSF-funded institution outside the HERD UNITID set or HERD-side NULL — see backfill offer)
217998,Erskine C.,South Carolina,1971-2008,no,,native_unitid,FedSupport native IPEDS UnitID (NCSES-assigned); no HERD era-B row carries this UNITID (NSF-funded institution outside the HERD UNITID set or HERD-side NULL — see backfill offer)
218025,Florence-Darlington Technical C.,South Carolina,1981-2022,no,,native_unitid,FedSupport native IPEDS UnitID (NCSES-assigned); no HERD era-B row carries this UNITID (NSF-funded institution outside the HERD UNITID set or HERD-side NULL — see backfill offer)
218061,Francis Marion U.,South Carolina,1979-2023,yes,Francis Marion University,native_unitid,FedSupport native IPEDS UnitID (NCSES-assigned); joins HERD era-B on UNITID
218070,Furman U.,South Carolina,1971-2023,yes,Furman University,native_unitid,FedSupport native IPEDS UnitID (NCSES-assigned); joins HERD era-B on UNITID
218113,Greenville Technical C.,South Carolina,1971-2023,no,,native_unitid,FedSupport native IPEDS UnitID (NCSES-assigned); no HERD era-B row carries this UNITID (NSF-funded institution outside the HERD UNITID set or HERD-side NULL — see backfill offer)
218140,Horry-Georgetown Technical C.,South Carolina,1975-2019,no,,native_unitid,FedSupport native IPEDS UnitID (NCSES-assigned); no HERD era-B row carries this UNITID (NSF-funded institution outside the HERD UNITID set or HERD-side NULL — see backfill offer)
218229,Lander U.,South Carolina,1979-2008,no,,native_unitid,FedSupport native IPEDS UnitID (NCSES-assigned); no HERD era-B row carries this UNITID (NSF-funded institution outside the HERD UNITID set or HERD-side NULL — see backfill offer)
218238,Limestone C.,South Carolina,1981-2023,no,,native_unitid,FedSupport native IPEDS UnitID (NCSES-assigned); no HERD era-B row carries this UNITID (NSF-funded institution outside the HERD UNITID set or HERD-side NULL — see backfill offer)
218335,Medical U. South Carolina,South Carolina,1971-2023,yes,Medical University of South Carolina,native_unitid,FedSupport native IPEDS UnitID (NCSES-assigned); joins HERD era-B on UNITID
218353,Midlands Technical C.,South Carolina,1972-2012,no,,native_unitid,FedSupport native IPEDS UnitID (NCSES-assigned); no HERD era-B row carries this UNITID (NSF-funded institution outside the HERD UNITID set or HERD-side NULL — see backfill offer)
218399,Morris C.,South Carolina,1973-2018,no,,native_unitid,FedSupport native IPEDS UnitID (NCSES-assigned); no HERD era-B row carries this UNITID (NSF-funded institution outside the HERD UNITID set or HERD-side NULL — see backfill offer)
218414,Newberry C.,South Carolina,1971-2015,no,,native_unitid,FedSupport native IPEDS UnitID (NCSES-assigned); no HERD era-B row carries this UNITID (NSF-funded institution outside the HERD UNITID set or HERD-side NULL — see backfill offer)
218441,North Greenville U.,South Carolina,1978-1978,no,,native_unitid,FedSupport native IPEDS UnitID (NCSES-assigned); no HERD era-B row carries this UNITID (NSF-funded institution outside the HERD UNITID set or HERD-side NULL — see backfill offer)
218487,Orangeburg-Calhoun Technical C.,South Carolina,1977-2018,no,,native_unitid,FedSupport native IPEDS UnitID (NCSES-assigned); no HERD era-B row carries this UNITID (NSF-funded institution outside the HERD UNITID set or HERD-side NULL — see backfill offer)
218520,Piedmont Technical C.,South Carolina,1971-2023,no,,native_unitid,FedSupport native IPEDS UnitID (NCSES-assigned); no HERD era-B row carries this UNITID (NSF-funded institution outside the HERD UNITID set or HERD-side NULL — see backfill offer)
218539,Presbyterian C.,South Carolina,1971-2021,no,,native_unitid,FedSupport native IPEDS UnitID (NCSES-assigned); no HERD era-B row carries this UNITID (NSF-funded institution outside the HERD UNITID set or HERD-side NULL — see backfill offer)
218645,U. South Carolina,South Carolina,1992-2020,yes,"University of South Carolina, Aiken",native_unitid,FedSupport native IPEDS UnitID (NCSES-assigned); joins HERD era-B on UNITID
218663,U. South Carolina,South Carolina,1992-2023,yes,"University of South Carolina, Columbia",native_unitid,FedSupport native IPEDS UnitID (NCSES-assigned); joins HERD era-B on UNITID
218715,U. South Carolina,South Carolina,1992-2023,no,,native_unitid,FedSupport native IPEDS UnitID (NCSES-assigned); no HERD era-B row carries this UNITID (NSF-funded institution outside the HERD UNITID set or HERD-side NULL — see backfill offer)
218724,U. South Carolina,South Carolina,1994-2023,yes,Coastal Carolina University,native_unitid,FedSupport native IPEDS UnitID (NCSES-assigned); joins HERD era-B on UNITID
218733,South Carolina State U.,South Carolina,1971-2023,yes,South Carolina State University,native_unitid,FedSupport native IPEDS UnitID (NCSES-assigned); joins HERD era-B on UNITID
218742,U. South Carolina,South Carolina,1992-2023,yes,University of South Carolina Upstate,native_unitid,FedSupport native IPEDS UnitID (NCSES-assigned); joins HERD era-B on UNITID
218830,Spartanburg Community C.,South Carolina,1972-2022,no,,native_unitid,FedSupport native IPEDS UnitID (NCSES-assigned); no HERD era-B row carries this UNITID (NSF-funded institution outside the HERD UNITID set or HERD-side NULL — see backfill offer)
218858,Central Carolina Technical C.,South Carolina,1975-2022,no,,native_unitid,FedSupport native IPEDS UnitID (NCSES-assigned); no HERD era-B row carries this UNITID (NSF-funded institution outside the HERD UNITID set or HERD-side NULL — see backfill offer)
218885,Tri-County Technical C.,South Carolina,1975-2011,no,,native_unitid,FedSupport native IPEDS UnitID (NCSES-assigned); no HERD era-B row carries this UNITID (NSF-funded institution outside the HERD UNITID set or HERD-side NULL — see backfill offer)
218894,Trident Technical C.,South Carolina,2012-2022,no,,native_unitid,FedSupport native IPEDS UnitID (NCSES-assigned); no HERD era-B row carries this UNITID (NSF-funded institution outside the HERD UNITID set or HERD-side NULL — see backfill offer)
218919,Voorhees C.,South Carolina,1972-2022,no,,native_unitid,FedSupport native IPEDS UnitID (NCSES-assigned); no HERD era-B row carries this UNITID (NSF-funded institution outside the HERD UNITID set or HERD-side NULL — see backfill offer)
218955,Williamsburg Technical C.,South Carolina,1975-1975,no,,native_unitid,FedSupport native IPEDS UnitID (NCSES-assigned); no HERD era-B row carries this UNITID (NSF-funded institution outside the HERD UNITID set or HERD-side NULL — see backfill offer)
218964,Winthrop U.,South Carolina,1971-2023,yes,Winthrop University,native_unitid,FedSupport native IPEDS UnitID (NCSES-assigned); joins HERD era-B on UNITID
218973,Wofford C.,South Carolina,1971-2021,no,,native_unitid,FedSupport native IPEDS UnitID (NCSES-assigned); no HERD era-B row carries this UNITID (NSF-funded institution outside the HERD UNITID set or HERD-side NULL — see backfill offer)
218991,York Technical C.,South Carolina,1978-2008,no,,native_unitid,FedSupport native IPEDS UnitID (NCSES-assigned); no HERD era-B row carries this UNITID (NSF-funded institution outside the HERD UNITID set or HERD-side NULL — see backfill offer)
219000,"Augustana U., Sioux Falls",South Dakota,1971-2023,yes,Augustana University,native_unitid,FedSupport native IPEDS UnitID (NCSES-assigned); joins HERD era-B on UNITID
219046,Black Hills State U.,South Dakota,1971-2023,yes,Black Hills State University,native_unitid,FedSupport native IPEDS UnitID (NCSES-assigned); joins HERD era-B on UNITID
219055,Kilian Community C.,South Dakota,1991-1993,no,,native_unitid,FedSupport native IPEDS UnitID (NCSES-assigned); no HERD era-B row carries this UNITID (NSF-funded institution outside the HERD UNITID set or HERD-side NULL — see backfill offer)
219082,Dakota State U.,South Dakota,1971-2023,yes,Dakota State University,native_unitid,FedSupport native IPEDS UnitID (NCSES-assigned); joins HERD era-B on UNITID
219091,Dakota Wesleyan U.,South Dakota,1972-2011,yes,Dakota Wesleyan University,native_unitid,FedSupport native IPEDS UnitID (NCSES-assigned); joins HERD era-B on UNITID
219143,Lake Area Technical Institute,South Dakota,2022-2023,no,,native_unitid,FedSupport native IPEDS UnitID (NCSES-assigned); no HERD era-B row carries this UNITID (NSF-funded institution outside the HERD UNITID set or HERD-side NULL — see backfill offer)
219198,Mount Marty C.,South Dakota,1971-2000,no,,native_unitid,FedSupport native IPEDS UnitID (NCSES-assigned); no HERD era-B row carries this UNITID (NSF-funded institution outside the HERD UNITID set or HERD-side NULL — see backfill offer)
219204,National American U.,South Dakota,1972-1972,no,,native_unitid,FedSupport native IPEDS UnitID (NCSES-assigned); no HERD era-B row carries this UNITID (NSF-funded institution outside the HERD UNITID set or HERD-side NULL — see backfill offer)
219259,Northern State U.,South Dakota,1971-2005,yes,Northern State University,native_unitid,FedSupport native IPEDS UnitID (NCSES-assigned); joins HERD era-B on UNITID
219277,Oglala Lakota C.,South Dakota,1977-2023,yes,Oglala Lakota College,native_unitid,FedSupport native IPEDS UnitID (NCSES-assigned); joins HERD era-B on UNITID
219295,Presentation C.,South Dakota,1987-2009,no,,native_unitid,FedSupport native IPEDS UnitID (NCSES-assigned); no HERD era-B row carries this UNITID (NSF-funded institution outside the HERD UNITID set or HERD-side NULL — see backfill offer)
219347,South Dakota School of Mines & Technology,South Dakota,1971-2023,yes,South Dakota School of Mines and Technology,native_unitid,FedSupport native IPEDS UnitID (NCSES-assigned); joins HERD era-B on UNITID
219356,South Dakota State U.,South Dakota,1971-2023,yes,South Dakota State University,native_unitid,FedSupport native IPEDS UnitID (NCSES-assigned); joins HERD era-B on UNITID
219374,Sinte Gleska U.,South Dakota,1976-2023,yes,Sinte Gleska University,native_unitid,FedSupport native IPEDS UnitID (NCSES-assigned); joins HERD era-B on UNITID
219383,U. Sioux Falls,South Dakota,1971-2005,yes,University of Sioux Falls,native_unitid,FedSupport native IPEDS UnitID (NCSES-assigned); joins HERD era-B on UNITID
219408,Sisseton Wahpeton C.,South Dakota,1991-2023,no,,native_unitid,FedSupport native IPEDS UnitID (NCSES-assigned); no HERD era-B row carries this UNITID (NSF-funded institution outside the HERD UNITID set or HERD-side NULL — see backfill offer)
219471,"U. South Dakota, The",South Dakota,1971-2023,yes,"University of South Dakota, The",native_unitid,FedSupport native IPEDS UnitID (NCSES-assigned); joins HERD era-B on UNITID
219602,Austin Peay State U.,Tennessee,1971-2023,yes,Austin Peay State University,native_unitid,FedSupport native IPEDS UnitID (NCSES-assigned); joins HERD era-B on UNITID
219639,Baptist Memorial C. of Health Sciences,Tennessee,2009-2011,no,,native_unitid,FedSupport native IPEDS UnitID (NCSES-assigned); no HERD era-B row carries this UNITID (NSF-funded institution outside the HERD UNITID set or HERD-side NULL — see backfill offer)
219709,Belmont U.,Tennessee,1975-2023,no,,native_unitid,FedSupport native IPEDS UnitID (NCSES-assigned); no HERD era-B row carries this UNITID (NSF-funded institution outside the HERD UNITID set or HERD-side NULL — see backfill offer)
219790,Bryan C.,Tennessee,1975-1995,no,,native_unitid,FedSupport native IPEDS UnitID (NCSES-assigned); no HERD era-B row carries this UNITID (NSF-funded institution outside the HERD UNITID set or HERD-side NULL — see backfill offer)
219806,Carson-Newman C.,Tennessee,1971-2006,no,,native_unitid,FedSupport native IPEDS UnitID (NCSES-assigned); no HERD era-B row carries this UNITID (NSF-funded institution outside the HERD UNITID set or HERD-side NULL — see backfill offer)
219824,Chattanooga State Community C.,Tennessee,1971-2020,no,,native_unitid,FedSupport native IPEDS UnitID (NCSES-assigned); no HERD era-B row carries this UNITID (NSF-funded institution outside the HERD UNITID set or HERD-side NULL — see backfill offer)
219833,Christian Brothers U.,Tennessee,1971-2023,yes,Christian Brothers University,native_unitid,FedSupport native IPEDS UnitID (NCSES-assigned); joins HERD era-B on UNITID
219879,Cleveland State Community C.,Tennessee,1971-2008,no,,native_unitid,FedSupport native IPEDS UnitID (NCSES-assigned); no HERD era-B row carries this UNITID (NSF-funded institution outside the HERD UNITID set or HERD-side NULL — see backfill offer)
219888,Columbia State Community C.,Tennessee,1989-1996,no,,native_unitid,FedSupport native IPEDS UnitID (NCSES-assigned); no HERD era-B row carries this UNITID (NSF-funded institution outside the HERD UNITID set or HERD-side NULL — see backfill offer)
219949,Cumberland U.,Tennessee,1972-2000,no,,native_unitid,FedSupport native IPEDS UnitID (NCSES-assigned); no HERD era-B row carries this UNITID (NSF-funded institution outside the HERD UNITID set or HERD-side NULL — see backfill offer)
219976,Lipscomb U.,Tennessee,1972-2023,yes,Lipscomb University,native_unitid,FedSupport native IPEDS UnitID (NCSES-assigned); joins HERD era-B on UNITID
220057,Dyersburg State Community C.,Tennessee,1972-2009,no,,native_unitid,FedSupport native IPEDS UnitID (NCSES-assigned); no HERD era-B row carries this UNITID (NSF-funded institution outside the HERD UNITID set or HERD-side NULL — see backfill offer)
220075,East Tennessee State U.,Tennessee,1971-2023,yes,East Tennessee State University,native_unitid,FedSupport native IPEDS UnitID (NCSES-assigned); joins HERD era-B on UNITID
220181,Fisk U.,Tennessee,1971-2023,yes,Fisk University,native_unitid,FedSupport native IPEDS UnitID (NCSES-assigned); joins HERD era-B on UNITID
220215,Freed-Hardeman U.,Tennessee,1971-1990,no,,native_unitid,FedSupport native IPEDS UnitID (NCSES-assigned); no HERD era-B row carries this UNITID (NSF-funded institution outside the HERD UNITID set or HERD-side NULL — see backfill offer)
220312,Hiwassee C.,Tennessee,1990-1997,no,,native_unitid,FedSupport native IPEDS UnitID (NCSES-assigned); no HERD era-B row carries this UNITID (NSF-funded institution outside the HERD UNITID set or HERD-side NULL — see backfill offer)
220400,Jackson State Community C.,Tennessee,2001-2023,no,,native_unitid,FedSupport native IPEDS UnitID (NCSES-assigned); no HERD era-B row carries this UNITID (NSF-funded institution outside the HERD UNITID set or HERD-side NULL — see backfill offer)
220516,King U.,Tennessee,1971-2012,no,,native_unitid,FedSupport native IPEDS UnitID (NCSES-assigned); no HERD era-B row carries this UNITID (NSF-funded institution outside the HERD UNITID set or HERD-side NULL — see backfill offer)
220589,Lambuth U.,Tennessee,1971-1974,no,,native_unitid,FedSupport native IPEDS UnitID (NCSES-assigned); no HERD era-B row carries this UNITID (NSF-funded institution outside the HERD UNITID set or HERD-side NULL — see backfill offer)
220598,Lane C.,Tennessee,1971-2022,no,,native_unitid,FedSupport native IPEDS UnitID (NCSES-assigned); no HERD era-B row carries this UNITID (NSF-funded institution outside the HERD UNITID set or HERD-side NULL — see backfill offer)
220604,LeMoyne-Owen C.,Tennessee,1971-2020,yes,Le Moyne-Owen College,native_unitid,FedSupport native IPEDS UnitID (NCSES-assigned); joins HERD era-B on UNITID
220613,Lee U.,Tennessee,1976-2016,no,,native_unitid,FedSupport native IPEDS UnitID (NCSES-assigned); no HERD era-B row carries this UNITID (NSF-funded institution outside the HERD UNITID set or HERD-side NULL — see backfill offer)
220631,Lincoln Memorial U.,Tennessee,1974-2023,yes,Lincoln Memorial University,native_unitid,FedSupport native IPEDS UnitID (NCSES-assigned); joins HERD era-B on UNITID
220710,Maryville C.,Tennessee,1971-2021,no,,native_unitid,FedSupport native IPEDS UnitID (NCSES-assigned); no HERD era-B row carries this UNITID (NSF-funded institution outside the HERD UNITID set or HERD-side NULL — see backfill offer)
220792,Meharry Medical C.,Tennessee,1971-2023,yes,Meharry Medical College,native_unitid,FedSupport native IPEDS UnitID (NCSES-assigned); joins HERD era-B on UNITID
220862,"U. Memphis, The",Tennessee,1971-2023,yes,"University of Memphis, The",native_unitid,FedSupport native IPEDS UnitID (NCSES-assigned); joins HERD era-B on UNITID
220978,Middle Tennessee State U.,Tennessee,1971-2023,yes,Middle Tennessee State University,native_unitid,FedSupport native IPEDS UnitID (NCSES-assigned); joins HERD era-B on UNITID
220996,Middle Tennessee School of Anesthesia,Tennessee,2004-2009,no,,native_unitid,FedSupport native IPEDS UnitID (NCSES-assigned); no HERD era-B row carries this UNITID (NSF-funded institution outside the HERD UNITID set or HERD-side NULL — see backfill offer)
221014,Milligan C.,Tennessee,1972-1974,no,,native_unitid,FedSupport native IPEDS UnitID (NCSES-assigned); no HERD era-B row carries this UNITID (NSF-funded institution outside the HERD UNITID set or HERD-side NULL — see backfill offer)
221096,Motlow State Community C.,Tennessee,2018-2023,no,,native_unitid,FedSupport native IPEDS UnitID (NCSES-assigned); no HERD era-B row carries this UNITID (NSF-funded institution outside the HERD UNITID set or HERD-side NULL — see backfill offer)
221184,Nashville State Community C.,Tennessee,1977-2014,no,,native_unitid,FedSupport native IPEDS UnitID (NCSES-assigned); no HERD era-B row carries this UNITID (NSF-funded institution outside the HERD UNITID set or HERD-side NULL — see backfill offer)
221351,"Rhodes C., Memphis",Tennessee,1971-2023,yes,Rhodes College,native_unitid,FedSupport native IPEDS UnitID (NCSES-assigned); joins HERD era-B on UNITID
221397,Roane State Community C.,Tennessee,1977-2019,no,,native_unitid,FedSupport native IPEDS UnitID (NCSES-assigned); no HERD era-B row carries this UNITID (NSF-funded institution outside the HERD UNITID set or HERD-side NULL — see backfill offer)
221485,Southwest Tennessee Community C.,Tennessee,1990-2010,no,,native_unitid,FedSupport native IPEDS UnitID (NCSES-assigned); no HERD era-B row carries this UNITID (NSF-funded institution outside the HERD UNITID set or HERD-side NULL — see backfill offer)
221519,Sewanee: U. of the South,Tennessee,1971-2019,yes,Sewanee: The University of the South,native_unitid,FedSupport native IPEDS UnitID (NCSES-assigned); joins HERD era-B on UNITID
221643,Pellissippi State Community C.,Tennessee,1997-2018,no,,native_unitid,FedSupport native IPEDS UnitID (NCSES-assigned); no HERD era-B row carries this UNITID (NSF-funded institution outside the HERD UNITID set or HERD-side NULL — see backfill offer)
221661,Southern Adventist U.,Tennessee,1972-1994,no,,native_unitid,FedSupport native IPEDS UnitID (NCSES-assigned); no HERD era-B row carries this UNITID (NSF-funded institution outside the HERD UNITID set or HERD-side NULL — see backfill offer)
221670,Southern C. of Optometry,Tennessee,1971-1995,yes,Southern College of Optometry,native_unitid,FedSupport native IPEDS UnitID (NCSES-assigned); joins HERD era-B on UNITID
221722,"U. Tennessee, System Office",Tennessee,1971-2023,no,,native_unitid,FedSupport native IPEDS UnitID (NCSES-assigned); no HERD era-B row carries this UNITID (NSF-funded institution outside the HERD UNITID set or HERD-side NULL — see backfill offer)
221731,Tennessee Wesleyan U.,Tennessee,1974-1974,no,,native_unitid,FedSupport native IPEDS UnitID (NCSES-assigned); no HERD era-B row carries this UNITID (NSF-funded institution outside the HERD UNITID set or HERD-side NULL — see backfill offer)
221740,"U. Tennessee, The, Chattanooga",Tennessee,1971-2023,yes,"University of Tennessee, The, Chattanooga",native_unitid,FedSupport native IPEDS UnitID (NCSES-assigned); joins HERD era-B on UNITID
221759,"U. Tennessee, The, Knoxville",Tennessee,1971-2023,yes,"University of Tennessee, The, Knoxville",native_unitid,FedSupport native IPEDS UnitID (NCSES-assigned); joins HERD era-B on UNITID
221768,"U. Tennessee, The, Martin",Tennessee,1971-2023,yes,"University of Tennessee, The, Martin",native_unitid,FedSupport native IPEDS UnitID (NCSES-assigned); joins HERD era-B on UNITID
221838,Tennessee State U.,Tennessee,1971-2023,yes,Tennessee State University,native_unitid,FedSupport native IPEDS UnitID (NCSES-assigned); joins HERD era-B on UNITID
221847,Tennessee Technological U.,Tennessee,1971-2023,yes,Tennessee Technological University,native_unitid,FedSupport native IPEDS UnitID (NCSES-assigned); joins HERD era-B on UNITID
221892,Trevecca Nazarene U.,Tennessee,1990-2018,no,,native_unitid,FedSupport native IPEDS UnitID (NCSES-assigned); no HERD era-B row carries this UNITID (NSF-funded institution outside the HERD UNITID set or HERD-side NULL — see backfill offer)
221908,Northeast State Community C.,Tennessee,2019-2021,no,,native_unitid,FedSupport native IPEDS UnitID (NCSES-assigned); no HERD era-B row carries this UNITID (NSF-funded institution outside the HERD UNITID set or HERD-side NULL — see backfill offer)
221953,Tusculum C.,Tennessee,1972-2005,no,,native_unitid,FedSupport native IPEDS UnitID (NCSES-assigned); no HERD era-B row carries this UNITID (NSF-funded institution outside the HERD UNITID set or HERD-side NULL — see backfill offer)
221971,"Union U., Jackson",Tennessee,1975-2007,no,,native_unitid,FedSupport native IPEDS UnitID (NCSES-assigned); no HERD era-B row carries this UNITID (NSF-funded institution outside the HERD UNITID set or HERD-side NULL — see backfill offer)
221999,Vanderbilt U.,Tennessee,1971-2023,no,,native_unitid,FedSupport native IPEDS UnitID (NCSES-assigned); no HERD era-B row carries this UNITID (NSF-funded institution outside the HERD UNITID set or HERD-side NULL — see backfill offer)
222053,Volunteer State Community C.,Tennessee,1977-1992,no,,native_unitid,FedSupport native IPEDS UnitID (NCSES-assigned); no HERD era-B row carries this UNITID (NSF-funded institution outside the HERD UNITID set or HERD-side NULL — see backfill offer)
222062,Walters State Community C.,Tennessee,1995-1995,no,,native_unitid,FedSupport native IPEDS UnitID (NCSES-assigned); no HERD era-B row carries this UNITID (NSF-funded institution outside the HERD UNITID set or HERD-side NULL — see backfill offer)
222178,Abilene Christian U.,Texas,1971-2023,yes,Abilene Christian University,native_unitid,FedSupport native IPEDS UnitID (NCSES-assigned); joins HERD era-B on UNITID
222497,Alamo Colleges District,Texas,1971-2021,no,,native_unitid,FedSupport native IPEDS UnitID (NCSES-assigned); no HERD era-B row carries this UNITID (NSF-funded institution outside the HERD UNITID set or HERD-side NULL — see backfill offer)
222567,Alvin Community C.,Texas,1978-2003,no,,native_unitid,FedSupport native IPEDS UnitID (NCSES-assigned); no HERD era-B row carries this UNITID (NSF-funded institution outside the HERD UNITID set or HERD-side NULL — see backfill offer)
222576,Amarillo C.,Texas,1972-2022,no,,native_unitid,FedSupport native IPEDS UnitID (NCSES-assigned); no HERD era-B row carries this UNITID (NSF-funded institution outside the HERD UNITID set or HERD-side NULL — see backfill offer)
222822,Angelina C.,Texas,1972-1992,no,,native_unitid,FedSupport native IPEDS UnitID (NCSES-assigned); no HERD era-B row carries this UNITID (NSF-funded institution outside the HERD UNITID set or HERD-side NULL — see backfill offer)
222831,Angelo State U.,Texas,1971-2023,yes,Angelo State University,native_unitid,FedSupport native IPEDS UnitID (NCSES-assigned); joins HERD era-B on UNITID
222877,Arlington Baptist C.,Texas,1987-1988,no,,native_unitid,FedSupport native IPEDS UnitID (NCSES-assigned); no HERD era-B row carries this UNITID (NSF-funded institution outside the HERD UNITID set or HERD-side NULL — see backfill offer)
222983,Austin C.,Texas,1972-2022,yes,Austin College,native_unitid,FedSupport native IPEDS UnitID (NCSES-assigned); joins HERD era-B on UNITID
222992,Austin Community C. District,Texas,1993-2023,no,,native_unitid,FedSupport native IPEDS UnitID (NCSES-assigned); no HERD era-B row carries this UNITID (NSF-funded institution outside the HERD UNITID set or HERD-side NULL — see backfill offer)
223001,Austin Presbyterian Theological Seminary,Texas,1995-1995,no,,native_unitid,FedSupport native IPEDS UnitID (NCSES-assigned); no HERD era-B row carries this UNITID (NSF-funded institution outside the HERD UNITID set or HERD-side NULL — see backfill offer)
223214,"Texas A&M U., College Station",Texas,1972-2023,yes,Texas A&M Health Science Center,native_unitid,FedSupport native IPEDS UnitID (NCSES-assigned); joins HERD era-B on UNITID
223223,Baylor C. Medicine,Texas,1971-2023,yes,Baylor College of Medicine,native_unitid,FedSupport native IPEDS UnitID (NCSES-assigned); joins HERD era-B on UNITID
223232,Baylor U.,Texas,1971-2023,yes,Baylor University,native_unitid,FedSupport native IPEDS UnitID (NCSES-assigned); joins HERD era-B on UNITID
223320,Coastal Bend C.,Texas,1971-2005,no,,native_unitid,FedSupport native IPEDS UnitID (NCSES-assigned); no HERD era-B row carries this UNITID (NSF-funded institution outside the HERD UNITID set or HERD-side NULL — see backfill offer)
223427,Blinn C.,Texas,1972-1992,no,,native_unitid,FedSupport native IPEDS UnitID (NCSES-assigned); no HERD era-B row carries this UNITID (NSF-funded institution outside the HERD UNITID set or HERD-side NULL — see backfill offer)
223524,"Dallas Community C., Brookhaven C.",Texas,2018-2018,no,,native_unitid,FedSupport native IPEDS UnitID (NCSES-assigned); no HERD era-B row carries this UNITID (NSF-funded institution outside the HERD UNITID set or HERD-side NULL — see backfill offer)
223773,"Dallas Community C. System, Cedar Valley C.",Texas,1996-2015,no,,native_unitid,FedSupport native IPEDS UnitID (NCSES-assigned); no HERD era-B row carries this UNITID (NSF-funded institution outside the HERD UNITID set or HERD-side NULL — see backfill offer)
223816,Central Texas C.,Texas,1971-2000,no,,native_unitid,FedSupport native IPEDS UnitID (NCSES-assigned); no HERD era-B row carries this UNITID (NSF-funded institution outside the HERD UNITID set or HERD-side NULL — see backfill offer)
223898,Cisco C.,Texas,1971-1975,no,,native_unitid,FedSupport native IPEDS UnitID (NCSES-assigned); no HERD era-B row carries this UNITID (NSF-funded institution outside the HERD UNITID set or HERD-side NULL — see backfill offer)
224004,"Concordia U. Texas, Austin",Texas,1991-1991,no,,native_unitid,FedSupport native IPEDS UnitID (NCSES-assigned); no HERD era-B row carries this UNITID (NSF-funded institution outside the HERD UNITID set or HERD-side NULL — see backfill offer)
224110,North Central Texas C.,Texas,1971-2001,no,,native_unitid,FedSupport native IPEDS UnitID (NCSES-assigned); no HERD era-B row carries this UNITID (NSF-funded institution outside the HERD UNITID set or HERD-side NULL — see backfill offer)
224147,Texas A&M U.-Corpus Christi,Texas,1978-2023,yes,Texas A&M University-Corpus Christi,native_unitid,FedSupport native IPEDS UnitID (NCSES-assigned); joins HERD era-B on UNITID
224226,Dallas Baptist U.,Texas,1972-1972,no,,native_unitid,FedSupport native IPEDS UnitID (NCSES-assigned); no HERD era-B row carries this UNITID (NSF-funded institution outside the HERD UNITID set or HERD-side NULL — see backfill offer)
224253,Dallas County Community C. District,Texas,1971-2023,no,,native_unitid,FedSupport native IPEDS UnitID (NCSES-assigned); no HERD era-B row carries this UNITID (NSF-funded institution outside the HERD UNITID set or HERD-side NULL — see backfill offer)
224323,"U. Dallas, Irving",Texas,1978-2020,yes,University of Dallas,native_unitid,FedSupport native IPEDS UnitID (NCSES-assigned); joins HERD era-B on UNITID
224350,Del Mar C.,Texas,1977-2023,no,,native_unitid,FedSupport native IPEDS UnitID (NCSES-assigned); no HERD era-B row carries this UNITID (NSF-funded institution outside the HERD UNITID set or HERD-side NULL — see backfill offer)
224527,East Texas Baptist U.,Texas,1981-1981,no,,native_unitid,FedSupport native IPEDS UnitID (NCSES-assigned); no HERD era-B row carries this UNITID (NSF-funded institution outside the HERD UNITID set or HERD-side NULL — see backfill offer)
224545,Texas A&M U.-Texarkana,Texas,1999-2009,yes,Texas A&M University-Texarkana,native_unitid,FedSupport native IPEDS UnitID (NCSES-assigned); joins HERD era-B on UNITID
224554,Texas A&M U.-Commerce,Texas,1971-2023,yes,Texas A&M University-Commerce,native_unitid,FedSupport native IPEDS UnitID (NCSES-assigned); joins HERD era-B on UNITID
224572,"Dallas Community C. District, Eastfield C.",Texas,1991-2009,no,,native_unitid,FedSupport native IPEDS UnitID (NCSES-assigned); no HERD era-B row carries this UNITID (NSF-funded institution outside the HERD UNITID set or HERD-side NULL — see backfill offer)
224615,Dallas C.,Texas,1978-1978,no,,native_unitid,FedSupport native IPEDS UnitID (NCSES-assigned); no HERD era-B row carries this UNITID (NSF-funded institution outside the HERD UNITID set or HERD-side NULL — see backfill offer)
224642,El Paso Community C.,Texas,1972-2023,no,,native_unitid,FedSupport native IPEDS UnitID (NCSES-assigned); no HERD era-B row carries this UNITID (NSF-funded institution outside the HERD UNITID set or HERD-side NULL — see backfill offer)
224891,Frank Phillips C.,Texas,2004-2004,no,,native_unitid,FedSupport native IPEDS UnitID (NCSES-assigned); no HERD era-B row carries this UNITID (NSF-funded institution outside the HERD UNITID set or HERD-side NULL — see backfill offer)
224961,Galveston C.,Texas,1977-2023,no,,native_unitid,FedSupport native IPEDS UnitID (NCSES-assigned); no HERD era-B row carries this UNITID (NSF-funded institution outside the HERD UNITID set or HERD-side NULL — see backfill offer)
225070,Grayson C.,Texas,1971-2020,no,,native_unitid,FedSupport native IPEDS UnitID (NCSES-assigned); no HERD era-B row carries this UNITID (NSF-funded institution outside the HERD UNITID set or HERD-side NULL — see backfill offer)
225247,Hardin-Simmons U.,Texas,1971-2023,no,,native_unitid,FedSupport native IPEDS UnitID (NCSES-assigned); no HERD era-B row carries this UNITID (NSF-funded institution outside the HERD UNITID set or HERD-side NULL — see backfill offer)
225308,Trinity Valley Community C.,Texas,1999-1999,no,,native_unitid,FedSupport native IPEDS UnitID (NCSES-assigned); no HERD era-B row carries this UNITID (NSF-funded institution outside the HERD UNITID set or HERD-side NULL — see backfill offer)
225399,Houston Christian U.,Texas,1971-2022,no,,native_unitid,FedSupport native IPEDS UnitID (NCSES-assigned); no HERD era-B row carries this UNITID (NSF-funded institution outside the HERD UNITID set or HERD-side NULL — see backfill offer)
225414,U. Houston-Clear Lake,Texas,1976-2023,yes,University of Houston-Clear Lake,native_unitid,FedSupport native IPEDS UnitID (NCSES-assigned); joins HERD era-B on UNITID
225423,Houston Community C.,Texas,1981-2023,no,,native_unitid,FedSupport native IPEDS UnitID (NCSES-assigned); no HERD era-B row carries this UNITID (NSF-funded institution outside the HERD UNITID set or HERD-side NULL — see backfill offer)
225432,U. Houston-Downtown,Texas,1971-2023,yes,University of Houston-Downtown,native_unitid,FedSupport native IPEDS UnitID (NCSES-assigned); joins HERD era-B on UNITID
225502,U. Houston-Victoria,Texas,2007-2022,yes,University of Houston-Victoria,native_unitid,FedSupport native IPEDS UnitID (NCSES-assigned); joins HERD era-B on UNITID
225511,U. Houston,Texas,1971-2023,yes,University of Houston,native_unitid,FedSupport native IPEDS UnitID (NCSES-assigned); joins HERD era-B on UNITID
225520,Howard C.,Texas,1976-1977,no,,native_unitid,FedSupport native IPEDS UnitID (NCSES-assigned); no HERD era-B row carries this UNITID (NSF-funded institution outside the HERD UNITID set or HERD-side NULL — see backfill offer)
225575,Huston-Tillotson U.,Texas,1971-2023,no,,native_unitid,FedSupport native IPEDS UnitID (NCSES-assigned); no HERD era-B row carries this UNITID (NSF-funded institution outside the HERD UNITID set or HERD-side NULL — see backfill offer)
225627,U. Incarnate Word,Texas,1971-2023,yes,University of the Incarnate Word,native_unitid,FedSupport native IPEDS UnitID (NCSES-assigned); joins HERD era-B on UNITID
225885,Jarvis Christian C.,Texas,1978-2023,yes,Jarvis Christian College,native_unitid,FedSupport native IPEDS UnitID (NCSES-assigned); joins HERD era-B on UNITID
226019,Kilgore C.,Texas,1994-1994,no,,native_unitid,FedSupport native IPEDS UnitID (NCSES-assigned); no HERD era-B row carries this UNITID (NSF-funded institution outside the HERD UNITID set or HERD-side NULL — see backfill offer)
226091,Lamar U.,Texas,1971-2023,yes,Lamar University,native_unitid,FedSupport native IPEDS UnitID (NCSES-assigned); joins HERD era-B on UNITID
226107,"Lamar State C., Orange",Texas,1994-2007,no,,native_unitid,FedSupport native IPEDS UnitID (NCSES-assigned); no HERD era-B row carries this UNITID (NSF-funded institution outside the HERD UNITID set or HERD-side NULL — see backfill offer)
226116,"Lamar State C., Port Arthur",Texas,2001-2001,no,,native_unitid,FedSupport native IPEDS UnitID (NCSES-assigned); no HERD era-B row carries this UNITID (NSF-funded institution outside the HERD UNITID set or HERD-side NULL — see backfill offer)
226134,Laredo C.,Texas,1971-2022,no,,native_unitid,FedSupport native IPEDS UnitID (NCSES-assigned); no HERD era-B row carries this UNITID (NSF-funded institution outside the HERD UNITID set or HERD-side NULL — see backfill offer)
226152,Texas A&M International U.,Texas,1987-2023,yes,Texas A&M International University,native_unitid,FedSupport native IPEDS UnitID (NCSES-assigned); joins HERD era-B on UNITID
226204,Lee C.,Texas,1971-2017,no,,native_unitid,FedSupport native IPEDS UnitID (NCSES-assigned); no HERD era-B row carries this UNITID (NSF-funded institution outside the HERD UNITID set or HERD-side NULL — see backfill offer)
226231,LeTourneau U.,Texas,1989-2017,yes,LeTourneau University,native_unitid,FedSupport native IPEDS UnitID (NCSES-assigned); joins HERD era-B on UNITID
226383,Lubbock Christian U.,Texas,1972-2002,no,,native_unitid,FedSupport native IPEDS UnitID (NCSES-assigned); no HERD era-B row carries this UNITID (NSF-funded institution outside the HERD UNITID set or HERD-side NULL — see backfill offer)
226408,C. Mainland,Texas,1971-2022,no,,native_unitid,FedSupport native IPEDS UnitID (NCSES-assigned); no HERD era-B row carries this UNITID (NSF-funded institution outside the HERD UNITID set or HERD-side NULL — see backfill offer)
226471,U. of Mary Hardin-Baylor,Texas,1974-1994,no,,native_unitid,FedSupport native IPEDS UnitID (NCSES-assigned); no HERD era-B row carries this UNITID (NSF-funded institution outside the HERD UNITID set or HERD-side NULL — see backfill offer)
226578,McLennan Community C.,Texas,1971-2018,no,,native_unitid,FedSupport native IPEDS UnitID (NCSES-assigned); no HERD era-B row carries this UNITID (NSF-funded institution outside the HERD UNITID set or HERD-side NULL — see backfill offer)
226587,McMurry U.,Texas,1972-2023,yes,McMurry University,native_unitid,FedSupport native IPEDS UnitID (NCSES-assigned); joins HERD era-B on UNITID
226806,Midland C.,Texas,1979-2007,no,,native_unitid,FedSupport native IPEDS UnitID (NCSES-assigned); no HERD era-B row carries this UNITID (NSF-funded institution outside the HERD UNITID set or HERD-side NULL — see backfill offer)
226833,Midwestern State U.,Texas,1971-2023,yes,Midwestern State University,native_unitid,FedSupport native IPEDS UnitID (NCSES-assigned); joins HERD era-B on UNITID
226930,"Dallas Community C. District, Mountain View C.",Texas,1978-1998,no,,native_unitid,FedSupport native IPEDS UnitID (NCSES-assigned); no HERD era-B row carries this UNITID (NSF-funded institution outside the HERD UNITID set or HERD-side NULL — see backfill offer)
227146,Navarro C.,Texas,1976-1982,no,,native_unitid,FedSupport native IPEDS UnitID (NCSES-assigned); no HERD era-B row carries this UNITID (NSF-funded institution outside the HERD UNITID set or HERD-side NULL — see backfill offer)
227182,Lone Star C. System,Texas,1993-2017,no,,native_unitid,FedSupport native IPEDS UnitID (NCSES-assigned); no HERD era-B row carries this UNITID (NSF-funded institution outside the HERD UNITID set or HERD-side NULL — see backfill offer)
227216,"U. North Texas, Denton",Texas,1971-2023,yes,"University of North Texas, Denton",native_unitid,FedSupport native IPEDS UnitID (NCSES-assigned); joins HERD era-B on UNITID
227225,Northeast Texas Community C.,Texas,1990-2010,no,,native_unitid,FedSupport native IPEDS UnitID (NCSES-assigned); no HERD era-B row carries this UNITID (NSF-funded institution outside the HERD UNITID set or HERD-side NULL — see backfill offer)
227304,Odessa C.,Texas,1973-2003,no,,native_unitid,FedSupport native IPEDS UnitID (NCSES-assigned); no HERD era-B row carries this UNITID (NSF-funded institution outside the HERD UNITID set or HERD-side NULL — see backfill offer)
227331,Our Lady of the Lake U.,Texas,1971-2022,no,,native_unitid,FedSupport native IPEDS UnitID (NCSES-assigned); no HERD era-B row carries this UNITID (NSF-funded institution outside the HERD UNITID set or HERD-side NULL — see backfill offer)
227368,"U. Texas Rio Grande Valley, The",Texas,1971-2023,yes,"University of Texas Rio Grande Valley, The",native_unitid,FedSupport native IPEDS UnitID (NCSES-assigned); joins HERD era-B on UNITID
227377,Texas Southmost C.,Texas,1971-2018,yes,"University of Texas at Brownsville, The",native_unitid,FedSupport native IPEDS UnitID (NCSES-assigned); joins HERD era-B on UNITID
227386,Panola C.,Texas,1971-1996,no,,native_unitid,FedSupport native IPEDS UnitID (NCSES-assigned); no HERD era-B row carries this UNITID (NSF-funded institution outside the HERD UNITID set or HERD-side NULL — see backfill offer)
227401,Paris Jr. C.,Texas,1972-1973,no,,native_unitid,FedSupport native IPEDS UnitID (NCSES-assigned); no HERD era-B row carries this UNITID (NSF-funded institution outside the HERD UNITID set or HERD-side NULL — see backfill offer)
227429,Paul Quinn C.,Texas,1972-2002,no,,native_unitid,FedSupport native IPEDS UnitID (NCSES-assigned); no HERD era-B row carries this UNITID (NSF-funded institution outside the HERD UNITID set or HERD-side NULL — see backfill offer)
227526,Prairie View A&M U.,Texas,1971-2023,yes,Prairie View A&M University,native_unitid,FedSupport native IPEDS UnitID (NCSES-assigned); joins HERD era-B on UNITID
227687,Ranger C.,Texas,1971-1975,no,,native_unitid,FedSupport native IPEDS UnitID (NCSES-assigned); no HERD era-B row carries this UNITID (NSF-funded institution outside the HERD UNITID set or HERD-side NULL — see backfill offer)
227757,Rice U.,Texas,1971-2023,yes,Rice University,native_unitid,FedSupport native IPEDS UnitID (NCSES-assigned); joins HERD era-B on UNITID
227766,"Dallas Community C. District, Richland C.",Texas,1979-2013,no,,native_unitid,FedSupport native IPEDS UnitID (NCSES-assigned); no HERD era-B row carries this UNITID (NSF-funded institution outside the HERD UNITID set or HERD-side NULL — see backfill offer)
227845,St. Edward's U.,Texas,1971-2023,yes,St. Edward's University,native_unitid,FedSupport native IPEDS UnitID (NCSES-assigned); joins HERD era-B on UNITID
227854,Alamo Colleges District,Texas,1994-2023,no,,native_unitid,FedSupport native IPEDS UnitID (NCSES-assigned); no HERD era-B row carries this UNITID (NSF-funded institution outside the HERD UNITID set or HERD-side NULL — see backfill offer)
227863,"U. St. Thomas, Houston",Texas,1971-2023,no,,native_unitid,FedSupport native IPEDS UnitID (NCSES-assigned); no HERD era-B row carries this UNITID (NSF-funded institution outside the HERD UNITID set or HERD-side NULL — see backfill offer)
227881,Sam Houston State U.,Texas,1971-2023,yes,Sam Houston State University,native_unitid,FedSupport native IPEDS UnitID (NCSES-assigned); joins HERD era-B on UNITID
227924,Alamo Colleges District,Texas,1992-2022,no,,native_unitid,FedSupport native IPEDS UnitID (NCSES-assigned); no HERD era-B row carries this UNITID (NSF-funded institution outside the HERD UNITID set or HERD-side NULL — see backfill offer)
227979,San Jacinto Community C. District,Texas,1971-2022,no,,native_unitid,FedSupport native IPEDS UnitID (NCSES-assigned); no HERD era-B row carries this UNITID (NSF-funded institution outside the HERD UNITID set or HERD-side NULL — see backfill offer)
227988,San Jacinto Community C. District,Texas,2002-2019,no,,native_unitid,FedSupport native IPEDS UnitID (NCSES-assigned); no HERD era-B row carries this UNITID (NSF-funded institution outside the HERD UNITID set or HERD-side NULL — see backfill offer)
228042,Schreiner U.,Texas,2010-2010,no,,native_unitid,FedSupport native IPEDS UnitID (NCSES-assigned); no HERD era-B row carries this UNITID (NSF-funded institution outside the HERD UNITID set or HERD-side NULL — see backfill offer)
228149,"St. Mary's U., San Antonio",Texas,1971-2023,yes,"St. Mary's University, San Antonio",native_unitid,FedSupport native IPEDS UnitID (NCSES-assigned); joins HERD era-B on UNITID
228158,South Plains C.,Texas,1971-2021,no,,native_unitid,FedSupport native IPEDS UnitID (NCSES-assigned); no HERD era-B row carries this UNITID (NSF-funded institution outside the HERD UNITID set or HERD-side NULL — see backfill offer)
228194,South Texas C. of Law,Texas,1991-2007,no,,native_unitid,FedSupport native IPEDS UnitID (NCSES-assigned); no HERD era-B row carries this UNITID (NSF-funded institution outside the HERD UNITID set or HERD-side NULL — see backfill offer)
228246,Southern Methodist U.,Texas,1971-2023,yes,Southern Methodist University,native_unitid,FedSupport native IPEDS UnitID (NCSES-assigned); joins HERD era-B on UNITID
228316,Southwest Texas Jr. C.,Texas,1994-2016,no,,native_unitid,FedSupport native IPEDS UnitID (NCSES-assigned); no HERD era-B row carries this UNITID (NSF-funded institution outside the HERD UNITID set or HERD-side NULL — see backfill offer)
228343,Southwestern U.,Texas,1971-2023,yes,Southwestern University,native_unitid,FedSupport native IPEDS UnitID (NCSES-assigned); joins HERD era-B on UNITID
228431,Stephen F. Austin State U.,Texas,1971-2023,yes,Stephen F. Austin State University,native_unitid,FedSupport native IPEDS UnitID (NCSES-assigned); joins HERD era-B on UNITID
228459,Texas State U.,Texas,1971-2023,yes,Texas State University,native_unitid,FedSupport native IPEDS UnitID (NCSES-assigned); joins HERD era-B on UNITID
228486,Southwestern Christian C.,Texas,1974-1996,no,,native_unitid,FedSupport native IPEDS UnitID (NCSES-assigned); no HERD era-B row carries this UNITID (NSF-funded institution outside the HERD UNITID set or HERD-side NULL — see backfill offer)
228501,Sul Ross State U.,Texas,1972-2021,yes,Sul Ross State University,native_unitid,FedSupport native IPEDS UnitID (NCSES-assigned); joins HERD era-B on UNITID
228529,Tarleton State U.,Texas,1971-2023,yes,Tarleton State University,native_unitid,FedSupport native IPEDS UnitID (NCSES-assigned); joins HERD era-B on UNITID
228547,Tarrant County C. District,Texas,2015-2023,no,,native_unitid,FedSupport native IPEDS UnitID (NCSES-assigned); no HERD era-B row carries this UNITID (NSF-funded institution outside the HERD UNITID set or HERD-side NULL — see backfill offer)
228608,Temple C.,Texas,1971-2004,no,,native_unitid,FedSupport native IPEDS UnitID (NCSES-assigned); no HERD era-B row carries this UNITID (NSF-funded institution outside the HERD UNITID set or HERD-side NULL — see backfill offer)
228635,"U. Texas Southwestern Medical Center, The",Texas,1971-2023,yes,"University of Texas Southwestern Medical Center, The",native_unitid,FedSupport native IPEDS UnitID (NCSES-assigned); joins HERD era-B on UNITID
228644,"U. Texas Health Science Center, The, San Antonio",Texas,1971-2023,yes,"University of Texas Health Science Center at San Antonio, The",native_unitid,FedSupport native IPEDS UnitID (NCSES-assigned); joins HERD era-B on UNITID
228653,"U. Texas Medical Branch at Galveston, The",Texas,1971-2023,yes,"University of Texas Medical Branch, The",native_unitid,FedSupport native IPEDS UnitID (NCSES-assigned); joins HERD era-B on UNITID
228699,Texarkana C.,Texas,1971-2015,no,,native_unitid,FedSupport native IPEDS UnitID (NCSES-assigned); no HERD era-B row carries this UNITID (NSF-funded institution outside the HERD UNITID set or HERD-side NULL — see backfill offer)
228705,Texas A&M U.-Kingsville,Texas,1978-2023,yes,Texas A&M University-Kingsville,native_unitid,FedSupport native IPEDS UnitID (NCSES-assigned); joins HERD era-B on UNITID
228714,"Texas A&M U., College Station",Texas,1992-2023,yes,"Texas A&M University, Galveston",native_unitid,FedSupport native IPEDS UnitID (NCSES-assigned); joins HERD era-B on UNITID
228723,"Texas A&M U., College Station",Texas,1971-2023,no,,native_unitid,FedSupport native IPEDS UnitID (NCSES-assigned); no HERD era-B row carries this UNITID (NSF-funded institution outside the HERD UNITID set or HERD-side NULL — see backfill offer)
228732,"Texas A&M U., System Office",Texas,1992-2023,no,,native_unitid,FedSupport native IPEDS UnitID (NCSES-assigned); no HERD era-B row carries this UNITID (NSF-funded institution outside the HERD UNITID set or HERD-side NULL — see backfill offer)
228769,"U. Texas, The, Arlington",Texas,1971-2023,yes,"University of Texas at Arlington, The",native_unitid,FedSupport native IPEDS UnitID (NCSES-assigned); joins HERD era-B on UNITID
228778,"U. Texas, The, Austin",Texas,1971-2023,yes,"University of Texas at Austin, The",native_unitid,FedSupport native IPEDS UnitID (NCSES-assigned); joins HERD era-B on UNITID
228787,"U. Texas, The, Dallas",Texas,1971-2023,yes,"University of Texas at Dallas, The",native_unitid,FedSupport native IPEDS UnitID (NCSES-assigned); joins HERD era-B on UNITID
228796,"U. Texas, The, El Paso",Texas,1971-2023,yes,"University of Texas at El Paso, The",native_unitid,FedSupport native IPEDS UnitID (NCSES-assigned); joins HERD era-B on UNITID
228802,"U. Texas, The, Tyler",Texas,1988-2023,yes,"University of Texas at Tyler, The",native_unitid,FedSupport native IPEDS UnitID (NCSES-assigned); joins HERD era-B on UNITID
228875,Texas Christian U.,Texas,1971-2023,yes,Texas Christian University,native_unitid,FedSupport native IPEDS UnitID (NCSES-assigned); joins HERD era-B on UNITID
228884,Texas C.,Texas,1971-2022,no,,native_unitid,FedSupport native IPEDS UnitID (NCSES-assigned); no HERD era-B row carries this UNITID (NSF-funded institution outside the HERD UNITID set or HERD-side NULL — see backfill offer)
228909,"U. North Texas, Denton",Texas,1972-2023,yes,"University of North Texas, Health Science Center",native_unitid,FedSupport native IPEDS UnitID (NCSES-assigned); joins HERD era-B on UNITID
228981,Texas Lutheran U.,Texas,1971-2022,yes,Texas Lutheran University,native_unitid,FedSupport native IPEDS UnitID (NCSES-assigned); joins HERD era-B on UNITID
229018,U. Texas of the Permian Basin,Texas,1976-2023,yes,"University of Texas of the Permian Basin, The",native_unitid,FedSupport native IPEDS UnitID (NCSES-assigned); joins HERD era-B on UNITID
229027,"U. Texas, The, San Antonio",Texas,1971-2023,yes,"University of Texas at San Antonio, The",native_unitid,FedSupport native IPEDS UnitID (NCSES-assigned); joins HERD era-B on UNITID
229063,Texas Southern U.,Texas,1971-2023,yes,Texas Southern University,native_unitid,FedSupport native IPEDS UnitID (NCSES-assigned); joins HERD era-B on UNITID
229090,"U. Texas, System Administration",Texas,1971-2022,no,,native_unitid,FedSupport native IPEDS UnitID (NCSES-assigned); no HERD era-B row carries this UNITID (NSF-funded institution outside the HERD UNITID set or HERD-side NULL — see backfill offer)
229115,Texas Tech U.,Texas,1971-2023,yes,Texas Tech University,native_unitid,FedSupport native IPEDS UnitID (NCSES-assigned); joins HERD era-B on UNITID
229160,Texas Wesleyan U.,Texas,1980-2023,no,,native_unitid,FedSupport native IPEDS UnitID (NCSES-assigned); no HERD era-B row carries this UNITID (NSF-funded institution outside the HERD UNITID set or HERD-side NULL — see backfill offer)
229179,Texas Woman's U.,Texas,1971-2023,yes,Texas Woman's University,native_unitid,FedSupport native IPEDS UnitID (NCSES-assigned); joins HERD era-B on UNITID
229267,Trinity U.,Texas,1971-2023,yes,Trinity University,native_unitid,FedSupport native IPEDS UnitID (NCSES-assigned); joins HERD era-B on UNITID
229300,"U. Texas Health Science Center, The, Houston",Texas,1971-2023,yes,"University of Texas Health Science Center at Houston, The",native_unitid,FedSupport native IPEDS UnitID (NCSES-assigned); joins HERD era-B on UNITID
229319,"Texas State Technical C., Waco",Texas,1992-2016,no,,native_unitid,FedSupport native IPEDS UnitID (NCSES-assigned); no HERD era-B row carries this UNITID (NSF-funded institution outside the HERD UNITID set or HERD-side NULL — see backfill offer)
229328,"Texas State Technical C., Waco",Texas,1992-2015,no,,native_unitid,FedSupport native IPEDS UnitID (NCSES-assigned); no HERD era-B row carries this UNITID (NSF-funded institution outside the HERD UNITID set or HERD-side NULL — see backfill offer)
229337,Texas Tech U.,Texas,1992-2023,yes,Texas Tech University Health Sciences Center,native_unitid,FedSupport native IPEDS UnitID (NCSES-assigned); joins HERD era-B on UNITID
229355,Tyler Jr. C.,Texas,2004-2009,no,,native_unitid,FedSupport native IPEDS UnitID (NCSES-assigned); no HERD era-B row carries this UNITID (NSF-funded institution outside the HERD UNITID set or HERD-side NULL — see backfill offer)
229407,"U. Houston, System Administration",Texas,1978-2023,yes,University of Houston system administration,native_unitid,FedSupport native IPEDS UnitID (NCSES-assigned); joins HERD era-B on UNITID
229504,Vernon C.,Texas,1976-1976,no,,native_unitid,FedSupport native IPEDS UnitID (NCSES-assigned); no HERD era-B row carries this UNITID (NSF-funded institution outside the HERD UNITID set or HERD-side NULL — see backfill offer)
229540,Victoria C.,Texas,1984-1984,no,,native_unitid,FedSupport native IPEDS UnitID (NCSES-assigned); no HERD era-B row carries this UNITID (NSF-funded institution outside the HERD UNITID set or HERD-side NULL — see backfill offer)
229780,Wayland Baptist U.,Texas,1972-2022,no,,native_unitid,FedSupport native IPEDS UnitID (NCSES-assigned); no HERD era-B row carries this UNITID (NSF-funded institution outside the HERD UNITID set or HERD-side NULL — see backfill offer)
229799,Weatherford C.,Texas,2004-2019,no,,native_unitid,FedSupport native IPEDS UnitID (NCSES-assigned); no HERD era-B row carries this UNITID (NSF-funded institution outside the HERD UNITID set or HERD-side NULL — see backfill offer)
229814,West Texas A&M U.,Texas,1971-2023,yes,West Texas A&M University,native_unitid,FedSupport native IPEDS UnitID (NCSES-assigned); joins HERD era-B on UNITID
229832,Western Texas C.,Texas,1971-2005,no,,native_unitid,FedSupport native IPEDS UnitID (NCSES-assigned); no HERD era-B row carries this UNITID (NSF-funded institution outside the HERD UNITID set or HERD-side NULL — see backfill offer)
229841,Wharton County Jr. C.,Texas,1979-2004,no,,native_unitid,FedSupport native IPEDS UnitID (NCSES-assigned); no HERD era-B row carries this UNITID (NSF-funded institution outside the HERD UNITID set or HERD-side NULL — see backfill offer)
229887,Wiley C.,Texas,1972-2015,yes,Wiley College,native_unitid,FedSupport native IPEDS UnitID (NCSES-assigned); joins HERD era-B on UNITID
230010,Bridgerland Technical C.,Utah,2018-2022,no,,native_unitid,FedSupport native IPEDS UnitID (NCSES-assigned); no HERD era-B row carries this UNITID (NSF-funded institution outside the HERD UNITID set or HERD-side NULL — see backfill offer)
230038,"Brigham Young U., Provo",Utah,1971-2023,yes,"Brigham Young University, Provo",native_unitid,FedSupport native IPEDS UnitID (NCSES-assigned); joins HERD era-B on UNITID
230092,Utah State U. Eastern,Utah,1973-2007,no,,native_unitid,FedSupport native IPEDS UnitID (NCSES-assigned); no HERD era-B row carries this UNITID (NSF-funded institution outside the HERD UNITID set or HERD-side NULL — see backfill offer)
230171,Utah Tech U.,Utah,1974-2021,no,,native_unitid,FedSupport native IPEDS UnitID (NCSES-assigned); no HERD era-B row carries this UNITID (NSF-funded institution outside the HERD UNITID set or HERD-side NULL — see backfill offer)
230597,Snow C.,Utah,1971-2021,no,,native_unitid,FedSupport native IPEDS UnitID (NCSES-assigned); no HERD era-B row carries this UNITID (NSF-funded institution outside the HERD UNITID set or HERD-side NULL — see backfill offer)
230603,Southern Utah U.,Utah,1971-2023,yes,Southern Utah University,native_unitid,FedSupport native IPEDS UnitID (NCSES-assigned); joins HERD era-B on UNITID
230621,Stevens-Henager C.,Utah,1972-1972,no,,native_unitid,FedSupport native IPEDS UnitID (NCSES-assigned); no HERD era-B row carries this UNITID (NSF-funded institution outside the HERD UNITID set or HERD-side NULL — see backfill offer)
230728,Utah State U.,Utah,1971-2023,yes,Utah State University,native_unitid,FedSupport native IPEDS UnitID (NCSES-assigned); joins HERD era-B on UNITID
230737,Utah Valley U.,Utah,1972-2023,yes,Utah Valley University,native_unitid,FedSupport native IPEDS UnitID (NCSES-assigned); joins HERD era-B on UNITID
230746,Salt Lake Community C.,Utah,1972-2023,no,,native_unitid,FedSupport native IPEDS UnitID (NCSES-assigned); no HERD era-B row carries this UNITID (NSF-funded institution outside the HERD UNITID set or HERD-side NULL — see backfill offer)
230764,"U. Utah, The",Utah,1971-2023,yes,"University of Utah, The",native_unitid,FedSupport native IPEDS UnitID (NCSES-assigned); joins HERD era-B on UNITID
230782,Weber State U.,Utah,1971-2023,yes,Weber State University,native_unitid,FedSupport native IPEDS UnitID (NCSES-assigned); joins HERD era-B on UNITID
230807,Westminster U.,Utah,1973-2022,no,,native_unitid,FedSupport native IPEDS UnitID (NCSES-assigned); no HERD era-B row carries this UNITID (NSF-funded institution outside the HERD UNITID set or HERD-side NULL — see backfill offer)
230816,Bennington C.,Vermont,1971-2021,no,,native_unitid,FedSupport native IPEDS UnitID (NCSES-assigned); no HERD era-B row carries this UNITID (NSF-funded institution outside the HERD UNITID set or HERD-side NULL — see backfill offer)
230825,Burlington C.,Vermont,1989-1993,no,,native_unitid,FedSupport native IPEDS UnitID (NCSES-assigned); no HERD era-B row carries this UNITID (NSF-funded institution outside the HERD UNITID set or HERD-side NULL — see backfill offer)
230834,Castleton U.,Vermont,1972-2018,yes,Castleton State College,native_unitid,FedSupport native IPEDS UnitID (NCSES-assigned); joins HERD era-B on UNITID
230852,Champlain C.,Vermont,1972-2023,no,,native_unitid,FedSupport native IPEDS UnitID (NCSES-assigned); no HERD era-B row carries this UNITID (NSF-funded institution outside the HERD UNITID set or HERD-side NULL — see backfill offer)
230861,Community C. Vermont,Vermont,1976-2001,no,,native_unitid,FedSupport native IPEDS UnitID (NCSES-assigned); no HERD era-B row carries this UNITID (NSF-funded institution outside the HERD UNITID set or HERD-side NULL — see backfill offer)
230889,Goddard C.,Vermont,1971-2012,no,,native_unitid,FedSupport native IPEDS UnitID (NCSES-assigned); no HERD era-B row carries this UNITID (NSF-funded institution outside the HERD UNITID set or HERD-side NULL — see backfill offer)
230898,Green Mountain C.,Vermont,1992-2004,yes,Green Mountain College,native_unitid,FedSupport native IPEDS UnitID (NCSES-assigned); joins HERD era-B on UNITID
230913,Johnson State C.,Vermont,1972-2022,yes,Johnson State College,native_unitid,FedSupport native IPEDS UnitID (NCSES-assigned); joins HERD era-B on UNITID
230931,Lyndon State C.,Vermont,1974-2015,no,,native_unitid,FedSupport native IPEDS UnitID (NCSES-assigned); no HERD era-B row carries this UNITID (NSF-funded institution outside the HERD UNITID set or HERD-side NULL — see backfill offer)
230959,Middlebury C.,Vermont,1971-2023,yes,Middlebury College,native_unitid,FedSupport native IPEDS UnitID (NCSES-assigned); joins HERD era-B on UNITID
230995,Norwich U.,Vermont,1971-2023,yes,Norwich University,native_unitid,FedSupport native IPEDS UnitID (NCSES-assigned); joins HERD era-B on UNITID
231059,Saint Michael's C.,Vermont,1975-2022,yes,Saint Michael's College,native_unitid,FedSupport native IPEDS UnitID (NCSES-assigned); joins HERD era-B on UNITID
231077,C. of St. Joseph,Vermont,1971-1998,no,,native_unitid,FedSupport native IPEDS UnitID (NCSES-assigned); no HERD era-B row carries this UNITID (NSF-funded institution outside the HERD UNITID set or HERD-side NULL — see backfill offer)
231086,Southern Vermont C.,Vermont,1971-2005,no,,native_unitid,FedSupport native IPEDS UnitID (NCSES-assigned); no HERD era-B row carries this UNITID (NSF-funded institution outside the HERD UNITID set or HERD-side NULL — see backfill offer)
231095,"Sterling C., Craftsbury Common",Vermont,1992-2002,no,,native_unitid,FedSupport native IPEDS UnitID (NCSES-assigned); no HERD era-B row carries this UNITID (NSF-funded institution outside the HERD UNITID set or HERD-side NULL — see backfill offer)
231147,Vermont Law School,Vermont,1991-2023,no,,native_unitid,FedSupport native IPEDS UnitID (NCSES-assigned); no HERD era-B row carries this UNITID (NSF-funded institution outside the HERD UNITID set or HERD-side NULL — see backfill offer)
231165,Vermont State U.,Vermont,1971-2023,no,,native_unitid,FedSupport native IPEDS UnitID (NCSES-assigned); no HERD era-B row carries this UNITID (NSF-funded institution outside the HERD UNITID set or HERD-side NULL — see backfill offer)
231174,U. Vermont,Vermont,1971-2023,yes,University of Vermont,native_unitid,FedSupport native IPEDS UnitID (NCSES-assigned); joins HERD era-B on UNITID
231420,Averett U.,Virginia,1972-1992,no,,native_unitid,FedSupport native IPEDS UnitID (NCSES-assigned); no HERD era-B row carries this UNITID (NSF-funded institution outside the HERD UNITID set or HERD-side NULL — see backfill offer)
231536,"Virginia Community C., System Office",Virginia,1971-2000,no,,native_unitid,FedSupport native IPEDS UnitID (NCSES-assigned); no HERD era-B row carries this UNITID (NSF-funded institution outside the HERD UNITID set or HERD-side NULL — see backfill offer)
231581,Bridgewater C.,Virginia,1971-2014,no,,native_unitid,FedSupport native IPEDS UnitID (NCSES-assigned); no HERD era-B row carries this UNITID (NSF-funded institution outside the HERD UNITID set or HERD-side NULL — see backfill offer)
231624,William & Mary,Virginia,1971-2023,no,,native_unitid,FedSupport native IPEDS UnitID (NCSES-assigned); no HERD era-B row carries this UNITID (NSF-funded institution outside the HERD UNITID set or HERD-side NULL — see backfill offer)
231697,"Virginia Community C., System Office",Virginia,1972-2022,no,,native_unitid,FedSupport native IPEDS UnitID (NCSES-assigned); no HERD era-B row carries this UNITID (NSF-funded institution outside the HERD UNITID set or HERD-side NULL — see backfill offer)
231712,Christopher Newport U.,Virginia,1992-2023,yes,Christopher Newport University,native_unitid,FedSupport native IPEDS UnitID (NCSES-assigned); joins HERD era-B on UNITID
231837,Jefferson C. of Health Sciences,Virginia,2004-2011,no,,native_unitid,FedSupport native IPEDS UnitID (NCSES-assigned); no HERD era-B row carries this UNITID (NSF-funded institution outside the HERD UNITID set or HERD-side NULL — see backfill offer)
231873,"Virginia Community C., System Office",Virginia,1971-1994,no,,native_unitid,FedSupport native IPEDS UnitID (NCSES-assigned); no HERD era-B row carries this UNITID (NSF-funded institution outside the HERD UNITID set or HERD-side NULL — see backfill offer)
231882,"Virginia Community C., System Office",Virginia,2001-2009,no,,native_unitid,FedSupport native IPEDS UnitID (NCSES-assigned); no HERD era-B row carries this UNITID (NSF-funded institution outside the HERD UNITID set or HERD-side NULL — see backfill offer)
231970,Eastern Virginia Medical School,Virginia,1974-2023,yes,Eastern Virginia Medical School,native_unitid,FedSupport native IPEDS UnitID (NCSES-assigned); joins HERD era-B on UNITID
232025,Emory and Henry C.,Virginia,1972-2017,no,,native_unitid,FedSupport native IPEDS UnitID (NCSES-assigned); no HERD era-B row carries this UNITID (NSF-funded institution outside the HERD UNITID set or HERD-side NULL — see backfill offer)
232043,Eastern Mennonite U.,Virginia,1971-2023,yes,Eastern Mennonite University,native_unitid,FedSupport native IPEDS UnitID (NCSES-assigned); joins HERD era-B on UNITID
232052,"Virginia Community C., System Office",Virginia,1976-2017,no,,native_unitid,FedSupport native IPEDS UnitID (NCSES-assigned); no HERD era-B row carries this UNITID (NSF-funded institution outside the HERD UNITID set or HERD-side NULL — see backfill offer)
232089,Ferrum C.,Virginia,1972-2009,yes,Ferrum College,native_unitid,FedSupport native IPEDS UnitID (NCSES-assigned); joins HERD era-B on UNITID
232186,George Mason U.,Virginia,1972-2023,yes,George Mason University,native_unitid,FedSupport native IPEDS UnitID (NCSES-assigned); joins HERD era-B on UNITID
232195,"Virginia Community C., System Office",Virginia,1972-2002,no,,native_unitid,FedSupport native IPEDS UnitID (NCSES-assigned); no HERD era-B row carries this UNITID (NSF-funded institution outside the HERD UNITID set or HERD-side NULL — see backfill offer)
232256,Hampden-Sydney C.,Virginia,1971-2019,no,,native_unitid,FedSupport native IPEDS UnitID (NCSES-assigned); no HERD era-B row carries this UNITID (NSF-funded institution outside the HERD UNITID set or HERD-side NULL — see backfill offer)
232265,Hampton U.,Virginia,1971-2023,yes,Hampton University,native_unitid,FedSupport native IPEDS UnitID (NCSES-assigned); joins HERD era-B on UNITID
232308,Hollins U.,Virginia,1971-2023,no,,native_unitid,FedSupport native IPEDS UnitID (NCSES-assigned); no HERD era-B row carries this UNITID (NSF-funded institution outside the HERD UNITID set or HERD-side NULL — see backfill offer)
232414,"Virginia Community C., System Office",Virginia,1977-2015,no,,native_unitid,FedSupport native IPEDS UnitID (NCSES-assigned); no HERD era-B row carries this UNITID (NSF-funded institution outside the HERD UNITID set or HERD-side NULL — see backfill offer)
232423,James Madison U.,Virginia,1971-2023,yes,James Madison University,native_unitid,FedSupport native IPEDS UnitID (NCSES-assigned); joins HERD era-B on UNITID
232450,"Virginia Community C., System Office",Virginia,1971-1991,no,,native_unitid,FedSupport native IPEDS UnitID (NCSES-assigned); no HERD era-B row carries this UNITID (NSF-funded institution outside the HERD UNITID set or HERD-side NULL — see backfill offer)
232557,Liberty U.,Virginia,2008-2023,yes,Liberty University,native_unitid,FedSupport native IPEDS UnitID (NCSES-assigned); joins HERD era-B on UNITID
232566,Longwood U.,Virginia,1972-2023,yes,Longwood University,native_unitid,FedSupport native IPEDS UnitID (NCSES-assigned); joins HERD era-B on UNITID
232575,"Virginia Community C., System Office",Virginia,1971-2010,no,,native_unitid,FedSupport native IPEDS UnitID (NCSES-assigned); no HERD era-B row carries this UNITID (NSF-funded institution outside the HERD UNITID set or HERD-side NULL — see backfill offer)
232609,U. Lynchburg,Virginia,1971-2022,yes,University of Lynchburg,native_unitid,FedSupport native IPEDS UnitID (NCSES-assigned); joins HERD era-B on UNITID
232672,Mary Baldwin U.,Virginia,1971-2014,no,,native_unitid,FedSupport native IPEDS UnitID (NCSES-assigned); no HERD era-B row carries this UNITID (NSF-funded institution outside the HERD UNITID set or HERD-side NULL — see backfill offer)
232681,U. Mary Washington,Virginia,1980-2023,yes,University of Mary Washington,native_unitid,FedSupport native IPEDS UnitID (NCSES-assigned); joins HERD era-B on UNITID
232706,Marymount U.,Virginia,1988-2023,yes,Marymount University,native_unitid,FedSupport native IPEDS UnitID (NCSES-assigned); joins HERD era-B on UNITID
232788,"Virginia Community C., System Office",Virginia,1989-2011,no,,native_unitid,FedSupport native IPEDS UnitID (NCSES-assigned); no HERD era-B row carries this UNITID (NSF-funded institution outside the HERD UNITID set or HERD-side NULL — see backfill offer)
232867,"Virginia Community C., System Office",Virginia,1974-1989,no,,native_unitid,FedSupport native IPEDS UnitID (NCSES-assigned); no HERD era-B row carries this UNITID (NSF-funded institution outside the HERD UNITID set or HERD-side NULL — see backfill offer)
232937,Norfolk State U.,Virginia,1971-2023,yes,Norfolk State University,native_unitid,FedSupport native IPEDS UnitID (NCSES-assigned); joins HERD era-B on UNITID
232946,"Virginia Community C., System Office",Virginia,1971-2023,no,,native_unitid,FedSupport native IPEDS UnitID (NCSES-assigned); no HERD era-B row carries this UNITID (NSF-funded institution outside the HERD UNITID set or HERD-side NULL — see backfill offer)
232982,Old Dominion U.,Virginia,1971-2023,yes,Old Dominion University,native_unitid,FedSupport native IPEDS UnitID (NCSES-assigned); joins HERD era-B on UNITID
233019,"Virginia Community C., System Office",Virginia,1991-2023,no,,native_unitid,FedSupport native IPEDS UnitID (NCSES-assigned); no HERD era-B row carries this UNITID (NSF-funded institution outside the HERD UNITID set or HERD-side NULL — see backfill offer)
233116,"Virginia Community C., System Office",Virginia,2007-2023,no,,native_unitid,FedSupport native IPEDS UnitID (NCSES-assigned); no HERD era-B row carries this UNITID (NSF-funded institution outside the HERD UNITID set or HERD-side NULL — see backfill offer)
233277,Radford U.,Virginia,1971-2023,yes,Radford University,native_unitid,FedSupport native IPEDS UnitID (NCSES-assigned); joins HERD era-B on UNITID
233295,Randolph-Macon C.,Virginia,1971-2023,no,,native_unitid,FedSupport native IPEDS UnitID (NCSES-assigned); no HERD era-B row carries this UNITID (NSF-funded institution outside the HERD UNITID set or HERD-side NULL — see backfill offer)
233301,Randolph C.,Virginia,1971-2020,no,,native_unitid,FedSupport native IPEDS UnitID (NCSES-assigned); no HERD era-B row carries this UNITID (NSF-funded institution outside the HERD UNITID set or HERD-side NULL — see backfill offer)
233310,"Virginia Community C., System Office",Virginia,1992-2001,no,,native_unitid,FedSupport native IPEDS UnitID (NCSES-assigned); no HERD era-B row carries this UNITID (NSF-funded institution outside the HERD UNITID set or HERD-side NULL — see backfill offer)
233338,William & Mary,Virginia,2012-2023,no,,native_unitid,FedSupport native IPEDS UnitID (NCSES-assigned); no HERD era-B row carries this UNITID (NSF-funded institution outside the HERD UNITID set or HERD-side NULL — see backfill offer)
233374,U. Richmond,Virginia,1971-2023,yes,University of Richmond,native_unitid,FedSupport native IPEDS UnitID (NCSES-assigned); joins HERD era-B on UNITID
233426,Roanoke C.,Virginia,1971-2019,yes,Roanoke College,native_unitid,FedSupport native IPEDS UnitID (NCSES-assigned); joins HERD era-B on UNITID
233499,Saint Paul's C.,Virginia,1975-2007,no,,native_unitid,FedSupport native IPEDS UnitID (NCSES-assigned); no HERD era-B row carries this UNITID (NSF-funded institution outside the HERD UNITID set or HERD-side NULL — see backfill offer)
233541,Shenandoah U.,Virginia,1979-2015,no,,native_unitid,FedSupport native IPEDS UnitID (NCSES-assigned); no HERD era-B row carries this UNITID (NSF-funded institution outside the HERD UNITID set or HERD-side NULL — see backfill offer)
233611,Southern Virginia U.,Virginia,1972-1979,no,,native_unitid,FedSupport native IPEDS UnitID (NCSES-assigned); no HERD era-B row carries this UNITID (NSF-funded institution outside the HERD UNITID set or HERD-side NULL — see backfill offer)
233639,"Virginia Community C., System Office",Virginia,1972-2021,no,,native_unitid,FedSupport native IPEDS UnitID (NCSES-assigned); no HERD era-B row carries this UNITID (NSF-funded institution outside the HERD UNITID set or HERD-side NULL — see backfill offer)
233648,"Virginia Community C., System Office",Virginia,1971-2011,no,,native_unitid,FedSupport native IPEDS UnitID (NCSES-assigned); no HERD era-B row carries this UNITID (NSF-funded institution outside the HERD UNITID set or HERD-side NULL — see backfill offer)
233718,Sweet Briar C.,Virginia,1971-2018,yes,Sweet Briar College,native_unitid,FedSupport native IPEDS UnitID (NCSES-assigned); joins HERD era-B on UNITID
233754,"Virginia Community C., System Office",Virginia,1972-2016,no,,native_unitid,FedSupport native IPEDS UnitID (NCSES-assigned); no HERD era-B row carries this UNITID (NSF-funded institution outside the HERD UNITID set or HERD-side NULL — see backfill offer)
233772,"Virginia Community C., System Office",Virginia,1972-2020,no,,native_unitid,FedSupport native IPEDS UnitID (NCSES-assigned); no HERD era-B row carries this UNITID (NSF-funded institution outside the HERD UNITID set or HERD-side NULL — see backfill offer)
233897,U. Virginia,Virginia,1993-2021,yes,University of Virginia's College at Wise,native_unitid,FedSupport native IPEDS UnitID (NCSES-assigned); joins HERD era-B on UNITID
233903,"Virginia Community C., System Office",Virginia,1972-2011,no,,native_unitid,FedSupport native IPEDS UnitID (NCSES-assigned); no HERD era-B row carries this UNITID (NSF-funded institution outside the HERD UNITID set or HERD-side NULL — see backfill offer)
233921,Virginia Polytechnic Institute and State U.,Virginia,1971-2023,yes,Virginia Polytechnic Institute and State University,native_unitid,FedSupport native IPEDS UnitID (NCSES-assigned); joins HERD era-B on UNITID
233949,"Virginia Community C., System Office",Virginia,1972-2014,no,,native_unitid,FedSupport native IPEDS UnitID (NCSES-assigned); no HERD era-B row carries this UNITID (NSF-funded institution outside the HERD UNITID set or HERD-side NULL — see backfill offer)
234030,Virginia Commonwealth U.,Virginia,1971-2023,yes,Virginia Commonwealth University,native_unitid,FedSupport native IPEDS UnitID (NCSES-assigned); joins HERD era-B on UNITID
234076,U. Virginia,Virginia,1971-2023,yes,"University of Virginia, Charlottesville",native_unitid,FedSupport native IPEDS UnitID (NCSES-assigned); joins HERD era-B on UNITID
234085,Virginia Military Institute,Virginia,1971-2020,yes,Virginia Military Institute,native_unitid,FedSupport native IPEDS UnitID (NCSES-assigned); joins HERD era-B on UNITID
234137,Virginia U. Lynchburg,Virginia,1990-2006,no,,native_unitid,FedSupport native IPEDS UnitID (NCSES-assigned); no HERD era-B row carries this UNITID (NSF-funded institution outside the HERD UNITID set or HERD-side NULL — see backfill offer)
234146,"Virginia Community C., System Office",Virginia,1971-2016,no,,native_unitid,FedSupport native IPEDS UnitID (NCSES-assigned); no HERD era-B row carries this UNITID (NSF-funded institution outside the HERD UNITID set or HERD-side NULL — see backfill offer)
234155,Virginia State U.,Virginia,1971-2023,yes,Virginia State University,native_unitid,FedSupport native IPEDS UnitID (NCSES-assigned); joins HERD era-B on UNITID
234164,Virginia Union U.,Virginia,1971-2023,no,,native_unitid,FedSupport native IPEDS UnitID (NCSES-assigned); no HERD era-B row carries this UNITID (NSF-funded institution outside the HERD UNITID set or HERD-side NULL — see backfill offer)
234173,Virginia Wesleyan C.,Virginia,1976-2022,no,,native_unitid,FedSupport native IPEDS UnitID (NCSES-assigned); no HERD era-B row carries this UNITID (NSF-funded institution outside the HERD UNITID set or HERD-side NULL — see backfill offer)
234207,Washington and Lee U.,Virginia,1971-2023,yes,Washington and Lee University,native_unitid,FedSupport native IPEDS UnitID (NCSES-assigned); joins HERD era-B on UNITID
234377,"Virginia Community C., System Office",Virginia,1978-1997,no,,native_unitid,FedSupport native IPEDS UnitID (NCSES-assigned); no HERD era-B row carries this UNITID (NSF-funded institution outside the HERD UNITID set or HERD-side NULL — see backfill offer)
234492,Art Institute of Seattle,Washington,2007-2007,no,,native_unitid,FedSupport native IPEDS UnitID (NCSES-assigned); no HERD era-B row carries this UNITID (NSF-funded institution outside the HERD UNITID set or HERD-side NULL — see backfill offer)
234669,Bellevue C.,Washington,1972-2023,no,,native_unitid,FedSupport native IPEDS UnitID (NCSES-assigned); no HERD era-B row carries this UNITID (NSF-funded institution outside the HERD UNITID set or HERD-side NULL — see backfill offer)
234696,Bellingham Technical C.,Washington,2014-2014,no,,native_unitid,FedSupport native IPEDS UnitID (NCSES-assigned); no HERD era-B row carries this UNITID (NSF-funded institution outside the HERD UNITID set or HERD-side NULL — see backfill offer)
234711,Big Bend Community C.,Washington,1971-2019,no,,native_unitid,FedSupport native IPEDS UnitID (NCSES-assigned); no HERD era-B row carries this UNITID (NSF-funded institution outside the HERD UNITID set or HERD-side NULL — see backfill offer)
234827,Central Washington U.,Washington,1971-2023,yes,Central Washington University,native_unitid,FedSupport native IPEDS UnitID (NCSES-assigned); joins HERD era-B on UNITID
234845,Centralia C.,Washington,1992-2013,no,,native_unitid,FedSupport native IPEDS UnitID (NCSES-assigned); no HERD era-B row carries this UNITID (NSF-funded institution outside the HERD UNITID set or HERD-side NULL — see backfill offer)
234915,City U.,Washington,1978-1992,no,,native_unitid,FedSupport native IPEDS UnitID (NCSES-assigned); no HERD era-B row carries this UNITID (NSF-funded institution outside the HERD UNITID set or HERD-side NULL — see backfill offer)
234933,Clark C.,Washington,1972-2016,no,,native_unitid,FedSupport native IPEDS UnitID (NCSES-assigned); no HERD era-B row carries this UNITID (NSF-funded institution outside the HERD UNITID set or HERD-side NULL — see backfill offer)
234979,Columbia Basin C.,Washington,1972-2021,no,,native_unitid,FedSupport native IPEDS UnitID (NCSES-assigned); no HERD era-B row carries this UNITID (NSF-funded institution outside the HERD UNITID set or HERD-side NULL — see backfill offer)
235097,Eastern Washington U.,Washington,1971-2023,yes,Eastern Washington University,native_unitid,FedSupport native IPEDS UnitID (NCSES-assigned); joins HERD era-B on UNITID
235103,Edmonds C.,Washington,1972-2020,no,,native_unitid,FedSupport native IPEDS UnitID (NCSES-assigned); no HERD era-B row carries this UNITID (NSF-funded institution outside the HERD UNITID set or HERD-side NULL — see backfill offer)
235149,Everett Community C.,Washington,1971-2023,no,,native_unitid,FedSupport native IPEDS UnitID (NCSES-assigned); no HERD era-B row carries this UNITID (NSF-funded institution outside the HERD UNITID set or HERD-side NULL — see backfill offer)
235167,"Evergreen State C., The",Washington,1972-2022,yes,Evergreen State College,native_unitid,FedSupport native IPEDS UnitID (NCSES-assigned); joins HERD era-B on UNITID
235237,"Pierce C., Fort Steilacoom",Washington,1972-2002,no,,native_unitid,FedSupport native IPEDS UnitID (NCSES-assigned); no HERD era-B row carries this UNITID (NSF-funded institution outside the HERD UNITID set or HERD-side NULL — see backfill offer)
235316,Gonzaga U.,Washington,1971-2023,yes,Gonzaga University,native_unitid,FedSupport native IPEDS UnitID (NCSES-assigned); joins HERD era-B on UNITID
235334,Grays Harbor C.,Washington,1972-2018,no,,native_unitid,FedSupport native IPEDS UnitID (NCSES-assigned); no HERD era-B row carries this UNITID (NSF-funded institution outside the HERD UNITID set or HERD-side NULL — see backfill offer)
235343,Green River C.,Washington,1972-2023,no,,native_unitid,FedSupport native IPEDS UnitID (NCSES-assigned); no HERD era-B row carries this UNITID (NSF-funded institution outside the HERD UNITID set or HERD-side NULL — see backfill offer)
235422,Heritage U.,Washington,1971-2023,no,,native_unitid,FedSupport native IPEDS UnitID (NCSES-assigned); no HERD era-B row carries this UNITID (NSF-funded institution outside the HERD UNITID set or HERD-side NULL — see backfill offer)
235431,Highline C.,Washington,1972-2023,no,,native_unitid,FedSupport native IPEDS UnitID (NCSES-assigned); no HERD era-B row carries this UNITID (NSF-funded institution outside the HERD UNITID set or HERD-side NULL — see backfill offer)
235547,Bastyr U.,Washington,1994-2023,yes,Bastyr University,native_unitid,FedSupport native IPEDS UnitID (NCSES-assigned); joins HERD era-B on UNITID
235699,Lake Washington Institute of Technology,Washington,1996-2021,no,,native_unitid,FedSupport native IPEDS UnitID (NCSES-assigned); no HERD era-B row carries this UNITID (NSF-funded institution outside the HERD UNITID set or HERD-side NULL — see backfill offer)
235750,Lower Columbia C.,Washington,1972-2001,no,,native_unitid,FedSupport native IPEDS UnitID (NCSES-assigned); no HERD era-B row carries this UNITID (NSF-funded institution outside the HERD UNITID set or HERD-side NULL — see backfill offer)
236072,Seattle Colleges,Washington,1995-2006,no,,native_unitid,FedSupport native IPEDS UnitID (NCSES-assigned); no HERD era-B row carries this UNITID (NSF-funded institution outside the HERD UNITID set or HERD-side NULL — see backfill offer)
236133,"Northwest U., Kirkland",Washington,1972-1972,no,,native_unitid,FedSupport native IPEDS UnitID (NCSES-assigned); no HERD era-B row carries this UNITID (NSF-funded institution outside the HERD UNITID set or HERD-side NULL — see backfill offer)
236188,Olympic C.,Washington,1991-1994,no,,native_unitid,FedSupport native IPEDS UnitID (NCSES-assigned); no HERD era-B row carries this UNITID (NSF-funded institution outside the HERD UNITID set or HERD-side NULL — see backfill offer)
236230,Pacific Lutheran U.,Washington,1971-2023,yes,Pacific Lutheran University,native_unitid,FedSupport native IPEDS UnitID (NCSES-assigned); joins HERD era-B on UNITID
236258,Peninsula C.,Washington,1992-2010,no,,native_unitid,FedSupport native IPEDS UnitID (NCSES-assigned); no HERD era-B row carries this UNITID (NSF-funded institution outside the HERD UNITID set or HERD-side NULL — see backfill offer)
236328,U. Puget Sound,Washington,1971-2023,yes,University of Puget Sound,native_unitid,FedSupport native IPEDS UnitID (NCSES-assigned); joins HERD era-B on UNITID
236382,Renton Technical C.,Washington,2006-2016,no,,native_unitid,FedSupport native IPEDS UnitID (NCSES-assigned); no HERD era-B row carries this UNITID (NSF-funded institution outside the HERD UNITID set or HERD-side NULL — see backfill offer)
236452,Saint Martin's U.,Washington,1971-2023,yes,Saint Martin's University,native_unitid,FedSupport native IPEDS UnitID (NCSES-assigned); joins HERD era-B on UNITID
236498,Seattle Colleges,Washington,2009-2023,no,,native_unitid,FedSupport native IPEDS UnitID (NCSES-assigned); no HERD era-B row carries this UNITID (NSF-funded institution outside the HERD UNITID set or HERD-side NULL — see backfill offer)
236504,Seattle Colleges,Washington,2007-2007,no,,native_unitid,FedSupport native IPEDS UnitID (NCSES-assigned); no HERD era-B row carries this UNITID (NSF-funded institution outside the HERD UNITID set or HERD-side NULL — see backfill offer)
236513,Seattle Colleges,Washington,1971-2015,no,,native_unitid,FedSupport native IPEDS UnitID (NCSES-assigned); no HERD era-B row carries this UNITID (NSF-funded institution outside the HERD UNITID set or HERD-side NULL — see backfill offer)
236577,Seattle Pacific U.,Washington,1972-2023,yes,Seattle Pacific University,native_unitid,FedSupport native IPEDS UnitID (NCSES-assigned); joins HERD era-B on UNITID
236595,Seattle U.,Washington,1971-2023,yes,Seattle University,native_unitid,FedSupport native IPEDS UnitID (NCSES-assigned); joins HERD era-B on UNITID
236610,Shoreline Community C.,Washington,1972-2021,no,,native_unitid,FedSupport native IPEDS UnitID (NCSES-assigned); no HERD era-B row carries this UNITID (NSF-funded institution outside the HERD UNITID set or HERD-side NULL — see backfill offer)
236638,Skagit Valley C.,Washington,1972-2022,no,,native_unitid,FedSupport native IPEDS UnitID (NCSES-assigned); no HERD era-B row carries this UNITID (NSF-funded institution outside the HERD UNITID set or HERD-side NULL — see backfill offer)
236656,South Puget Sound Community C.,Washington,1987-2013,no,,native_unitid,FedSupport native IPEDS UnitID (NCSES-assigned); no HERD era-B row carries this UNITID (NSF-funded institution outside the HERD UNITID set or HERD-side NULL — see backfill offer)
236692,"Community Colleges of Spokane, Spokane Community C.",Washington,1983-2018,no,,native_unitid,FedSupport native IPEDS UnitID (NCSES-assigned); no HERD era-B row carries this UNITID (NSF-funded institution outside the HERD UNITID set or HERD-side NULL — see backfill offer)
236708,"Community Colleges of Spokane, Spokane Falls Community C.",Washington,1975-2019,no,,native_unitid,FedSupport native IPEDS UnitID (NCSES-assigned); no HERD era-B row carries this UNITID (NSF-funded institution outside the HERD UNITID set or HERD-side NULL — see backfill offer)
236753,Tacoma Community C.,Washington,1972-2015,no,,native_unitid,FedSupport native IPEDS UnitID (NCSES-assigned); no HERD era-B row carries this UNITID (NSF-funded institution outside the HERD UNITID set or HERD-side NULL — see backfill offer)
236887,Walla Walla Community C.,Washington,1972-2022,no,,native_unitid,FedSupport native IPEDS UnitID (NCSES-assigned); no HERD era-B row carries this UNITID (NSF-funded institution outside the HERD UNITID set or HERD-side NULL — see backfill offer)
236896,Walla Walla U.,Washington,1971-2016,no,,native_unitid,FedSupport native IPEDS UnitID (NCSES-assigned); no HERD era-B row carries this UNITID (NSF-funded institution outside the HERD UNITID set or HERD-side NULL — see backfill offer)
236939,Washington State U.,Washington,1971-2023,yes,Washington State University,native_unitid,FedSupport native IPEDS UnitID (NCSES-assigned); joins HERD era-B on UNITID
236948,U. Washington,Washington,1971-2023,yes,"University of Washington, Seattle",native_unitid,FedSupport native IPEDS UnitID (NCSES-assigned); joins HERD era-B on UNITID
236975,Wenatchee Valley C.,Washington,1971-2022,no,,native_unitid,FedSupport native IPEDS UnitID (NCSES-assigned); no HERD era-B row carries this UNITID (NSF-funded institution outside the HERD UNITID set or HERD-side NULL — see backfill offer)
237011,Western Washington U.,Washington,1971-2023,yes,Western Washington University,native_unitid,FedSupport native IPEDS UnitID (NCSES-assigned); joins HERD era-B on UNITID
237039,Whatcom Community C.,Washington,1981-2023,no,,native_unitid,FedSupport native IPEDS UnitID (NCSES-assigned); no HERD era-B row carries this UNITID (NSF-funded institution outside the HERD UNITID set or HERD-side NULL — see backfill offer)
237057,Whitman C.,Washington,1971-2022,yes,Whitman College,native_unitid,FedSupport native IPEDS UnitID (NCSES-assigned); joins HERD era-B on UNITID
237066,Whitworth U.,Washington,1971-2023,yes,Whitworth University,native_unitid,FedSupport native IPEDS UnitID (NCSES-assigned); joins HERD era-B on UNITID
237109,Yakima Valley  C.,Washington,1987-2023,no,,native_unitid,FedSupport native IPEDS UnitID (NCSES-assigned); no HERD era-B row carries this UNITID (NSF-funded institution outside the HERD UNITID set or HERD-side NULL — see backfill offer)
237118,Alderson-Broaddus C.,West Virginia,1972-2011,yes,Alderson-Broaddus College,native_unitid,FedSupport native IPEDS UnitID (NCSES-assigned); joins HERD era-B on UNITID
237154,Mountain State U.,West Virginia,1989-2010,no,,native_unitid,FedSupport native IPEDS UnitID (NCSES-assigned); no HERD era-B row carries this UNITID (NSF-funded institution outside the HERD UNITID set or HERD-side NULL — see backfill offer)
237181,"Bethany C., Bethany",West Virginia,1971-2009,no,,native_unitid,FedSupport native IPEDS UnitID (NCSES-assigned); no HERD era-B row carries this UNITID (NSF-funded institution outside the HERD UNITID set or HERD-side NULL — see backfill offer)
237215,Bluefield State C.,West Virginia,1990-2023,yes,Bluefield State College,native_unitid,FedSupport native IPEDS UnitID (NCSES-assigned); joins HERD era-B on UNITID
237312,U. Charleston,West Virginia,1995-2022,yes,University of Charleston,native_unitid,FedSupport native IPEDS UnitID (NCSES-assigned); joins HERD era-B on UNITID
237330,Concord U.,West Virginia,1971-2023,yes,Concord University,native_unitid,FedSupport native IPEDS UnitID (NCSES-assigned); joins HERD era-B on UNITID
237358,Davis and Elkins C.,West Virginia,1971-2007,no,,native_unitid,FedSupport native IPEDS UnitID (NCSES-assigned); no HERD era-B row carries this UNITID (NSF-funded institution outside the HERD UNITID set or HERD-side NULL — see backfill offer)
237367,Fairmont State U.,West Virginia,1971-2022,yes,Fairmont State University,native_unitid,FedSupport native IPEDS UnitID (NCSES-assigned); joins HERD era-B on UNITID
237385,Glenville State C.,West Virginia,1971-2013,no,,native_unitid,FedSupport native IPEDS UnitID (NCSES-assigned); no HERD era-B row carries this UNITID (NSF-funded institution outside the HERD UNITID set or HERD-side NULL — see backfill offer)
237525,Marshall U.,West Virginia,1971-2023,yes,Marshall University,native_unitid,FedSupport native IPEDS UnitID (NCSES-assigned); joins HERD era-B on UNITID
237640,Ohio Valley U.,West Virginia,2005-2005,no,,native_unitid,FedSupport native IPEDS UnitID (NCSES-assigned); no HERD era-B row carries this UNITID (NSF-funded institution outside the HERD UNITID set or HERD-side NULL — see backfill offer)
237686,"West Virginia U., Parkersburg",West Virginia,1972-2010,no,,native_unitid,FedSupport native IPEDS UnitID (NCSES-assigned); no HERD era-B row carries this UNITID (NSF-funded institution outside the HERD UNITID set or HERD-side NULL — see backfill offer)
237701,West Virginia U.,West Virginia,1989-2005,no,,native_unitid,FedSupport native IPEDS UnitID (NCSES-assigned); no HERD era-B row carries this UNITID (NSF-funded institution outside the HERD UNITID set or HERD-side NULL — see backfill offer)
237783,Salem U.,West Virginia,1971-2005,no,,native_unitid,FedSupport native IPEDS UnitID (NCSES-assigned); no HERD era-B row carries this UNITID (NSF-funded institution outside the HERD UNITID set or HERD-side NULL — see backfill offer)
237792,Shepherd U.,West Virginia,1972-2023,yes,Shepherd University,native_unitid,FedSupport native IPEDS UnitID (NCSES-assigned); joins HERD era-B on UNITID
237817,West Virginia Council for Community and Technical C. Education,West Virginia,1974-2022,no,,native_unitid,FedSupport native IPEDS UnitID (NCSES-assigned); no HERD era-B row carries this UNITID (NSF-funded institution outside the HERD UNITID set or HERD-side NULL — see backfill offer)
237880,West Virginia School of Osteopathic Medicine,West Virginia,1986-2020,yes,West Virginia School of Osteopathic Medicine,native_unitid,FedSupport native IPEDS UnitID (NCSES-assigned); joins HERD era-B on UNITID
237899,West Virginia State U.,West Virginia,1971-2023,yes,West Virginia State University,native_unitid,FedSupport native IPEDS UnitID (NCSES-assigned); joins HERD era-B on UNITID
237932,West Liberty U.,West Virginia,1972-2023,yes,West Liberty University,native_unitid,FedSupport native IPEDS UnitID (NCSES-assigned); joins HERD era-B on UNITID
237950,"West Virginia U., Institute of Technology",West Virginia,1971-2005,yes,"West Virginia University, Institute of Technology",native_unitid,FedSupport native IPEDS UnitID (NCSES-assigned); joins HERD era-B on UNITID
237969,West Virginia Wesleyan C.,West Virginia,1971-2018,yes,West Virginia Wesleyan College,native_unitid,FedSupport native IPEDS UnitID (NCSES-assigned); joins HERD era-B on UNITID
237996,"West Virginia Jr. C., Morgantown",West Virginia,1996-1996,no,,native_unitid,FedSupport native IPEDS UnitID (NCSES-assigned); no HERD era-B row carries this UNITID (NSF-funded institution outside the HERD UNITID set or HERD-side NULL — see backfill offer)
238014,West Virginia Council for Community and Technical C. Education,West Virginia,1978-2023,no,,native_unitid,FedSupport native IPEDS UnitID (NCSES-assigned); no HERD era-B row carries this UNITID (NSF-funded institution outside the HERD UNITID set or HERD-side NULL — see backfill offer)
238032,West Virginia U.,West Virginia,1971-2023,yes,West Virginia University,native_unitid,FedSupport native IPEDS UnitID (NCSES-assigned); joins HERD era-B on UNITID
238078,Wheeling U.,West Virginia,1971-2023,yes,Wheeling Jesuit University,native_unitid,FedSupport native IPEDS UnitID (NCSES-assigned); joins HERD era-B on UNITID
238193,Alverno C.,Wisconsin,1971-2023,yes,Alverno College,native_unitid,FedSupport native IPEDS UnitID (NCSES-assigned); joins HERD era-B on UNITID
238263,Madison Area Technical C.,Wisconsin,1971-2023,no,,native_unitid,FedSupport native IPEDS UnitID (NCSES-assigned); no HERD era-B row carries this UNITID (NSF-funded institution outside the HERD UNITID set or HERD-side NULL — see backfill offer)
238324,Bellin C.,Wisconsin,2005-2007,no,,native_unitid,FedSupport native IPEDS UnitID (NCSES-assigned); no HERD era-B row carries this UNITID (NSF-funded institution outside the HERD UNITID set or HERD-side NULL — see backfill offer)
238333,Beloit C.,Wisconsin,1971-2011,yes,Beloit College,native_unitid,FedSupport native IPEDS UnitID (NCSES-assigned); joins HERD era-B on UNITID
238397,Blackhawk Technical C.,Wisconsin,1996-2023,no,,native_unitid,FedSupport native IPEDS UnitID (NCSES-assigned); no HERD era-B row carries this UNITID (NSF-funded institution outside the HERD UNITID set or HERD-side NULL — see backfill offer)
238430,Cardinal Stritch U.,Wisconsin,1982-2004,no,,native_unitid,FedSupport native IPEDS UnitID (NCSES-assigned); no HERD era-B row carries this UNITID (NSF-funded institution outside the HERD UNITID set or HERD-side NULL — see backfill offer)
238458,Carroll U.,Wisconsin,1971-2021,no,,native_unitid,FedSupport native IPEDS UnitID (NCSES-assigned); no HERD era-B row carries this UNITID (NSF-funded institution outside the HERD UNITID set or HERD-side NULL — see backfill offer)
238476,Carthage C.,Wisconsin,1972-2023,yes,Carthage College,native_unitid,FedSupport native IPEDS UnitID (NCSES-assigned); joins HERD era-B on UNITID
238616,"Concordia U., Wisconsin",Wisconsin,1977-2023,yes,"Concordia University, Wisconsin",native_unitid,FedSupport native IPEDS UnitID (NCSES-assigned); joins HERD era-B on UNITID
238661,Edgewood C.,Wisconsin,1972-1999,no,,native_unitid,FedSupport native IPEDS UnitID (NCSES-assigned); no HERD era-B row carries this UNITID (NSF-funded institution outside the HERD UNITID set or HERD-side NULL — see backfill offer)
238722,Fox Valley Technical C.,Wisconsin,1981-2019,no,,native_unitid,FedSupport native IPEDS UnitID (NCSES-assigned); no HERD era-B row carries this UNITID (NSF-funded institution outside the HERD UNITID set or HERD-side NULL — see backfill offer)
238759,Gateway Technical C.,Wisconsin,1972-2019,no,,native_unitid,FedSupport native IPEDS UnitID (NCSES-assigned); no HERD era-B row carries this UNITID (NSF-funded institution outside the HERD UNITID set or HERD-side NULL — see backfill offer)
238883,Institute of Paper Science & Technology,Georgia,1971-1993,no,,native_unitid,FedSupport native IPEDS UnitID (NCSES-assigned); no HERD era-B row carries this UNITID (NSF-funded institution outside the HERD UNITID set or HERD-side NULL — see backfill offer)
238980,Lakeland U.,Wisconsin,1977-1977,no,,native_unitid,FedSupport native IPEDS UnitID (NCSES-assigned); no HERD era-B row carries this UNITID (NSF-funded institution outside the HERD UNITID set or HERD-side NULL — see backfill offer)
239008,Lakeshore Technical C.,Wisconsin,2009-2023,no,,native_unitid,FedSupport native IPEDS UnitID (NCSES-assigned); no HERD era-B row carries this UNITID (NSF-funded institution outside the HERD UNITID set or HERD-side NULL — see backfill offer)
239017,Lawrence U.,Wisconsin,1971-2022,yes,Lawrence University,native_unitid,FedSupport native IPEDS UnitID (NCSES-assigned); joins HERD era-B on UNITID
239080,"Marian U., Fond du Lac",Wisconsin,1971-2008,no,,native_unitid,FedSupport native IPEDS UnitID (NCSES-assigned); no HERD era-B row carries this UNITID (NSF-funded institution outside the HERD UNITID set or HERD-side NULL — see backfill offer)
239105,Marquette U.,Wisconsin,1971-2023,yes,Marquette University,native_unitid,FedSupport native IPEDS UnitID (NCSES-assigned); joins HERD era-B on UNITID
239169,Medical C. Wisconsin,Wisconsin,1971-2023,yes,Medical College of Wisconsin,native_unitid,FedSupport native IPEDS UnitID (NCSES-assigned); joins HERD era-B on UNITID
239248,Milwaukee Area Technical C.,Wisconsin,1971-2022,no,,native_unitid,FedSupport native IPEDS UnitID (NCSES-assigned); no HERD era-B row carries this UNITID (NSF-funded institution outside the HERD UNITID set or HERD-side NULL — see backfill offer)
239318,Milwaukee School of Engineering,Wisconsin,1972-2023,yes,Milwaukee School of Engineering,native_unitid,FedSupport native IPEDS UnitID (NCSES-assigned); joins HERD era-B on UNITID
239372,Moraine Park Technical C.,Wisconsin,1972-1974,no,,native_unitid,FedSupport native IPEDS UnitID (NCSES-assigned); no HERD era-B row carries this UNITID (NSF-funded institution outside the HERD UNITID set or HERD-side NULL — see backfill offer)
239390,Mount Mary U.,Wisconsin,1971-2023,no,,native_unitid,FedSupport native IPEDS UnitID (NCSES-assigned); no HERD era-B row carries this UNITID (NSF-funded institution outside the HERD UNITID set or HERD-side NULL — see backfill offer)
239460,Northcentral Technical C.,Wisconsin,1971-2022,no,,native_unitid,FedSupport native IPEDS UnitID (NCSES-assigned); no HERD era-B row carries this UNITID (NSF-funded institution outside the HERD UNITID set or HERD-side NULL — see backfill offer)
239488,Northeast Wisconsin Technical C.,Wisconsin,1971-2023,no,,native_unitid,FedSupport native IPEDS UnitID (NCSES-assigned); no HERD era-B row carries this UNITID (NSF-funded institution outside the HERD UNITID set or HERD-side NULL — see backfill offer)
239512,Northland C.,Wisconsin,1971-2017,yes,Northland College,native_unitid,FedSupport native IPEDS UnitID (NCSES-assigned); joins HERD era-B on UNITID
239628,Ripon C.,Wisconsin,1971-2023,no,,native_unitid,FedSupport native IPEDS UnitID (NCSES-assigned); no HERD era-B row carries this UNITID (NSF-funded institution outside the HERD UNITID set or HERD-side NULL — see backfill offer)
239716,St. Norbert C.,Wisconsin,1971-2023,yes,St. Norbert College,native_unitid,FedSupport native IPEDS UnitID (NCSES-assigned); joins HERD era-B on UNITID
239743,Silver Lake C.,Wisconsin,1972-1972,no,,native_unitid,FedSupport native IPEDS UnitID (NCSES-assigned); no HERD era-B row carries this UNITID (NSF-funded institution outside the HERD UNITID set or HERD-side NULL — see backfill offer)
239910,Southwest Wisconsin Technical C.,Wisconsin,2004-2005,no,,native_unitid,FedSupport native IPEDS UnitID (NCSES-assigned); no HERD era-B row carries this UNITID (NSF-funded institution outside the HERD UNITID set or HERD-side NULL — see backfill offer)
240055,"U. Wisconsin, System Office",Wisconsin,1971-2022,no,,native_unitid,FedSupport native IPEDS UnitID (NCSES-assigned); no HERD era-B row carries this UNITID (NSF-funded institution outside the HERD UNITID set or HERD-side NULL — see backfill offer)
240107,Viterbo U.,Wisconsin,1971-2023,no,,native_unitid,FedSupport native IPEDS UnitID (NCSES-assigned); no HERD era-B row carries this UNITID (NSF-funded institution outside the HERD UNITID set or HERD-side NULL — see backfill offer)
240116,Chippewa Valley Technical C.,Wisconsin,1971-2022,no,,native_unitid,FedSupport native IPEDS UnitID (NCSES-assigned); no HERD era-B row carries this UNITID (NSF-funded institution outside the HERD UNITID set or HERD-side NULL — see backfill offer)
240125,Waukesha County Technical C.,Wisconsin,2009-2009,no,,native_unitid,FedSupport native IPEDS UnitID (NCSES-assigned); no HERD era-B row carries this UNITID (NSF-funded institution outside the HERD UNITID set or HERD-side NULL — see backfill offer)
240170,"Western Technical C., La Crosse",Wisconsin,1971-2019,no,,native_unitid,FedSupport native IPEDS UnitID (NCSES-assigned); no HERD era-B row carries this UNITID (NSF-funded institution outside the HERD UNITID set or HERD-side NULL — see backfill offer)
240189,U. Wisconsin-Whitewater,Wisconsin,1971-2022,yes,University of Wisconsin-Whitewater,native_unitid,FedSupport native IPEDS UnitID (NCSES-assigned); joins HERD era-B on UNITID
240268,U. Wisconsin-Eau Claire,Wisconsin,1971-2023,yes,University of Wisconsin-Eau Claire,native_unitid,FedSupport native IPEDS UnitID (NCSES-assigned); joins HERD era-B on UNITID
240277,U. Wisconsin-Green Bay,Wisconsin,1971-2023,yes,University of Wisconsin-Green Bay,native_unitid,FedSupport native IPEDS UnitID (NCSES-assigned); joins HERD era-B on UNITID
240329,U. Wisconsin-La Crosse,Wisconsin,1971-2023,yes,University of Wisconsin-La Crosse,native_unitid,FedSupport native IPEDS UnitID (NCSES-assigned); joins HERD era-B on UNITID
240338,Wisconsin Lutheran C.,Wisconsin,2019-2019,no,,native_unitid,FedSupport native IPEDS UnitID (NCSES-assigned); no HERD era-B row carries this UNITID (NSF-funded institution outside the HERD UNITID set or HERD-side NULL — see backfill offer)
240365,U. Wisconsin-Oshkosh,Wisconsin,1971-2022,yes,University of Wisconsin-Oshkosh,native_unitid,FedSupport native IPEDS UnitID (NCSES-assigned); joins HERD era-B on UNITID
240374,U. Wisconsin-Parkside,Wisconsin,1971-2023,yes,University of Wisconsin-Parkside,native_unitid,FedSupport native IPEDS UnitID (NCSES-assigned); joins HERD era-B on UNITID
240392,"Herzing U., Madison",Wisconsin,2021-2023,no,,native_unitid,FedSupport native IPEDS UnitID (NCSES-assigned); no HERD era-B row carries this UNITID (NSF-funded institution outside the HERD UNITID set or HERD-side NULL — see backfill offer)
240417,U. Wisconsin-Stout,Wisconsin,1971-2020,yes,University of Wisconsin-Stout,native_unitid,FedSupport native IPEDS UnitID (NCSES-assigned); joins HERD era-B on UNITID
240426,U. Wisconsin-Superior,Wisconsin,1971-2022,yes,University of Wisconsin-Superior,native_unitid,FedSupport native IPEDS UnitID (NCSES-assigned); joins HERD era-B on UNITID
240435,"U. Wisconsin, System Office",Wisconsin,1971-2023,no,,native_unitid,FedSupport native IPEDS UnitID (NCSES-assigned); no HERD era-B row carries this UNITID (NSF-funded institution outside the HERD UNITID set or HERD-side NULL — see backfill offer)
240444,U. Wisconsin-Madison,Wisconsin,1971-2023,yes,University of Wisconsin-Madison,native_unitid,FedSupport native IPEDS UnitID (NCSES-assigned); joins HERD era-B on UNITID
240453,U. Wisconsin-Milwaukee,Wisconsin,1971-2023,yes,University of Wisconsin-Milwaukee,native_unitid,FedSupport native IPEDS UnitID (NCSES-assigned); joins HERD era-B on UNITID
240462,U. Wisconsin-Platteville,Wisconsin,1971-2023,yes,University of Wisconsin-Platteville,native_unitid,FedSupport native IPEDS UnitID (NCSES-assigned); joins HERD era-B on UNITID
240471,U. Wisconsin-River Falls,Wisconsin,1971-2023,yes,University of Wisconsin-River Falls,native_unitid,FedSupport native IPEDS UnitID (NCSES-assigned); joins HERD era-B on UNITID
240480,U. Wisconsin-Stevens Point,Wisconsin,1971-2023,yes,University of Wisconsin-Stevens Point,native_unitid,FedSupport native IPEDS UnitID (NCSES-assigned); joins HERD era-B on UNITID
240505,Casper C.,Wyoming,1971-2012,no,,native_unitid,FedSupport native IPEDS UnitID (NCSES-assigned); no HERD era-B row carries this UNITID (NSF-funded institution outside the HERD UNITID set or HERD-side NULL — see backfill offer)
240514,Central Wyoming C.,Wyoming,1973-2022,yes,Central Wyoming College,native_unitid,FedSupport native IPEDS UnitID (NCSES-assigned); joins HERD era-B on UNITID
240596,Eastern Wyoming C.,Wyoming,1971-1971,no,,native_unitid,FedSupport native IPEDS UnitID (NCSES-assigned); no HERD era-B row carries this UNITID (NSF-funded institution outside the HERD UNITID set or HERD-side NULL — see backfill offer)
240620,Laramie County Community C.,Wyoming,1972-2023,no,,native_unitid,FedSupport native IPEDS UnitID (NCSES-assigned); no HERD era-B row carries this UNITID (NSF-funded institution outside the HERD UNITID set or HERD-side NULL — see backfill offer)
240657,Northwest C.,Wyoming,1989-1994,no,,native_unitid,FedSupport native IPEDS UnitID (NCSES-assigned); no HERD era-B row carries this UNITID (NSF-funded institution outside the HERD UNITID set or HERD-side NULL — see backfill offer)
240666,Northern Wyoming Community C. District,Wyoming,1971-2010,no,,native_unitid,FedSupport native IPEDS UnitID (NCSES-assigned); no HERD era-B row carries this UNITID (NSF-funded institution outside the HERD UNITID set or HERD-side NULL — see backfill offer)
240693,Western Wyoming Community C.,Wyoming,1978-1994,no,,native_unitid,FedSupport native IPEDS UnitID (NCSES-assigned); no HERD era-B row carries this UNITID (NSF-funded institution outside the HERD UNITID set or HERD-side NULL — see backfill offer)
240727,U. Wyoming,Wyoming,1971-2023,yes,University of Wyoming,native_unitid,FedSupport native IPEDS UnitID (NCSES-assigned); joins HERD era-B on UNITID
240736,American Samoa Community C.,American Samoa,1973-2023,yes,American Samoa Community College,native_unitid,FedSupport native IPEDS UnitID (NCSES-assigned); joins HERD era-B on UNITID
240745,Guam Community C.,Guam,1987-2017,no,,native_unitid,FedSupport native IPEDS UnitID (NCSES-assigned); no HERD era-B row carries this UNITID (NSF-funded institution outside the HERD UNITID set or HERD-side NULL — see backfill offer)
240754,U. Guam,Guam,1971-2023,yes,University of Guam,native_unitid,FedSupport native IPEDS UnitID (NCSES-assigned); joins HERD era-B on UNITID
240790,Northern Marianas C.,Northern Mariana Islands,1984-2023,no,,native_unitid,FedSupport native IPEDS UnitID (NCSES-assigned); no HERD era-B row carries this UNITID (NSF-funded institution outside the HERD UNITID set or HERD-side NULL — see backfill offer)
241100,"American U. Puerto Rico, Bayamon",Puerto Rico,1988-2021,no,,native_unitid,FedSupport native IPEDS UnitID (NCSES-assigned); no HERD era-B row carries this UNITID (NSF-funded institution outside the HERD UNITID set or HERD-side NULL — see backfill offer)
241191,U. Adventista de las Antillas,Puerto Rico,1987-2010,no,,native_unitid,FedSupport native IPEDS UnitID (NCSES-assigned); no HERD era-B row carries this UNITID (NSF-funded institution outside the HERD UNITID set or HERD-side NULL — see backfill offer)
241225,Bayamon Central U.,Puerto Rico,1974-2017,no,,native_unitid,FedSupport native IPEDS UnitID (NCSES-assigned); no HERD era-B row carries this UNITID (NSF-funded institution outside the HERD UNITID set or HERD-side NULL — see backfill offer)
241331,"Carlos Albizu U., San Juan",Puerto Rico,1992-2023,yes,Albizu University,native_unitid,FedSupport native IPEDS UnitID (NCSES-assigned); joins HERD era-B on UNITID
241377,Caribbean U.,Puerto Rico,1979-2011,no,,native_unitid,FedSupport native IPEDS UnitID (NCSES-assigned); no HERD era-B row carries this UNITID (NSF-funded institution outside the HERD UNITID set or HERD-side NULL — see backfill offer)
241410,Pontifical Catholic U. Puerto Rico,Puerto Rico,1971-2023,yes,"Pontifical Catholic University of Puerto Rico, Ponce",native_unitid,FedSupport native IPEDS UnitID (NCSES-assigned); joins HERD era-B on UNITID
241720,Colegio Universitario de San Juan,Puerto Rico,2004-2011,no,,native_unitid,FedSupport native IPEDS UnitID (NCSES-assigned); no HERD era-B row carries this UNITID (NSF-funded institution outside the HERD UNITID set or HERD-side NULL — see backfill offer)
241739,"Universidad Ana G. Mendez, Cupey",Puerto Rico,1987-2022,yes,Universidad Metropolitana,native_unitid,FedSupport native IPEDS UnitID (NCSES-assigned); joins HERD era-B on UNITID
242060,Ana G. Mendez U. System,Puerto Rico,1988-2023,no,,native_unitid,FedSupport native IPEDS UnitID (NCSES-assigned); no HERD era-B row carries this UNITID (NSF-funded institution outside the HERD UNITID set or HERD-side NULL — see backfill offer)
242617,Inter American U. Puerto Rico,Puerto Rico,1978-2021,no,,native_unitid,FedSupport native IPEDS UnitID (NCSES-assigned); no HERD era-B row carries this UNITID (NSF-funded institution outside the HERD UNITID set or HERD-side NULL — see backfill offer)
242626,Inter American U. Puerto Rico,Puerto Rico,1997-2022,no,,native_unitid,FedSupport native IPEDS UnitID (NCSES-assigned); no HERD era-B row carries this UNITID (NSF-funded institution outside the HERD UNITID set or HERD-side NULL — see backfill offer)
242635,Inter American U. Puerto Rico,Puerto Rico,1992-2017,no,,native_unitid,FedSupport native IPEDS UnitID (NCSES-assigned); no HERD era-B row carries this UNITID (NSF-funded institution outside the HERD UNITID set or HERD-side NULL — see backfill offer)
242644,Inter American U. Puerto Rico,Puerto Rico,2001-2011,no,,native_unitid,FedSupport native IPEDS UnitID (NCSES-assigned); no HERD era-B row carries this UNITID (NSF-funded institution outside the HERD UNITID set or HERD-side NULL — see backfill offer)
242653,Inter American U. Puerto Rico,Puerto Rico,1978-2021,no,,native_unitid,FedSupport native IPEDS UnitID (NCSES-assigned); no HERD era-B row carries this UNITID (NSF-funded institution outside the HERD UNITID set or HERD-side NULL — see backfill offer)
242662,Inter American U. Puerto Rico,Puerto Rico,2001-2019,no,,native_unitid,FedSupport native IPEDS UnitID (NCSES-assigned); no HERD era-B row carries this UNITID (NSF-funded institution outside the HERD UNITID set or HERD-side NULL — see backfill offer)
242671,Inter American U. Puerto Rico,Puerto Rico,1978-2023,no,,native_unitid,FedSupport native IPEDS UnitID (NCSES-assigned); no HERD era-B row carries this UNITID (NSF-funded institution outside the HERD UNITID set or HERD-side NULL — see backfill offer)
242705,Inter American U. Puerto Rico,Puerto Rico,2006-2023,no,,native_unitid,FedSupport native IPEDS UnitID (NCSES-assigned); no HERD era-B row carries this UNITID (NSF-funded institution outside the HERD UNITID set or HERD-side NULL — see backfill offer)
242972,"National U. C., Bayamon",Puerto Rico,2008-2008,no,,native_unitid,FedSupport native IPEDS UnitID (NCSES-assigned); no HERD era-B row carries this UNITID (NSF-funded institution outside the HERD UNITID set or HERD-side NULL — see backfill offer)
243081,Ponce Health Sciences U.,Puerto Rico,1981-2023,yes,Ponce Health Sciences University,native_unitid,FedSupport native IPEDS UnitID (NCSES-assigned); joins HERD era-B on UNITID
243106,"U. Puerto Rico, Aguadilla",Puerto Rico,2008-2023,yes,"University of Puerto Rico, Aguadilla",native_unitid,FedSupport native IPEDS UnitID (NCSES-assigned); joins HERD era-B on UNITID
243115,"U. Puerto Rico, Arecibo",Puerto Rico,1987-2013,yes,University of Puerto Rico at Arecibo,native_unitid,FedSupport native IPEDS UnitID (NCSES-assigned); joins HERD era-B on UNITID
243133,"U. Puerto Rico, Bayamon",Puerto Rico,2023-2023,no,,native_unitid,FedSupport native IPEDS UnitID (NCSES-assigned); no HERD era-B row carries this UNITID (NSF-funded institution outside the HERD UNITID set or HERD-side NULL — see backfill offer)
243142,"U. Puerto Rico, Carolina",Puerto Rico,1987-2010,no,,native_unitid,FedSupport native IPEDS UnitID (NCSES-assigned); no HERD era-B row carries this UNITID (NSF-funded institution outside the HERD UNITID set or HERD-side NULL — see backfill offer)
243151,"U. Puerto Rico, Cayey",Puerto Rico,1978-2023,yes,University of Puerto Rico at Cayey,native_unitid,FedSupport native IPEDS UnitID (NCSES-assigned); joins HERD era-B on UNITID
243160,"U. Puerto Rico, System Office",Puerto Rico,1971-2023,no,,native_unitid,FedSupport native IPEDS UnitID (NCSES-assigned); no HERD era-B row carries this UNITID (NSF-funded institution outside the HERD UNITID set or HERD-side NULL — see backfill offer)
243179,"U. Puerto Rico, Humacao",Puerto Rico,1978-2023,yes,University of Puerto Rico at Humacao,native_unitid,FedSupport native IPEDS UnitID (NCSES-assigned); joins HERD era-B on UNITID
243188,"U. Puerto Rico, Utuado",Puerto Rico,1997-2017,no,,native_unitid,FedSupport native IPEDS UnitID (NCSES-assigned); no HERD era-B row carries this UNITID (NSF-funded institution outside the HERD UNITID set or HERD-side NULL — see backfill offer)
243197,"U. Puerto Rico, Mayaguez",Puerto Rico,1971-2023,yes,University of Puerto Rico at Mayaguez,native_unitid,FedSupport native IPEDS UnitID (NCSES-assigned); joins HERD era-B on UNITID
243203,"U. Puerto Rico, Medical Sciences Campus",Puerto Rico,1971-2023,yes,"University of Puerto Rico, Medical Sciences Campus",native_unitid,FedSupport native IPEDS UnitID (NCSES-assigned); joins HERD era-B on UNITID
243212,"U. Puerto Rico, Ponce",Puerto Rico,1987-2023,yes,University of Puerto Rico at Ponce,native_unitid,FedSupport native IPEDS UnitID (NCSES-assigned); joins HERD era-B on UNITID
243221,"U. Puerto Rico, Rio Piedras",Puerto Rico,1971-2023,yes,University of Puerto Rico at Rio Piedras,native_unitid,FedSupport native IPEDS UnitID (NCSES-assigned); joins HERD era-B on UNITID
243346,"Universidad Ana G. Mendez, Carolina Campus",Puerto Rico,1971-2023,yes,Universidad del Este,native_unitid,FedSupport native IPEDS UnitID (NCSES-assigned); joins HERD era-B on UNITID
243443,U. of Sacred Heart,Puerto Rico,1972-2023,no,,native_unitid,FedSupport native IPEDS UnitID (NCSES-assigned); no HERD era-B row carries this UNITID (NSF-funded institution outside the HERD UNITID set or HERD-side NULL — see backfill offer)
243568,Universidad Central del Caribe,Puerto Rico,1987-2023,yes,Universidad Central del Caribe,native_unitid,FedSupport native IPEDS UnitID (NCSES-assigned); joins HERD era-B on UNITID
243577,Polytechnic U. Puerto Rico,Puerto Rico,1977-2023,no,,native_unitid,FedSupport native IPEDS UnitID (NCSES-assigned); no HERD era-B row carries this UNITID (NSF-funded institution outside the HERD UNITID set or HERD-side NULL — see backfill offer)
243586,Pontifical Catholic U. Puerto Rico,Puerto Rico,2001-2021,no,,native_unitid,FedSupport native IPEDS UnitID (NCSES-assigned); no HERD era-B row carries this UNITID (NSF-funded institution outside the HERD UNITID set or HERD-side NULL — see backfill offer)
243601,"Universidad Ana G. Mendez, Gurabo Campus",Puerto Rico,1979-2022,yes,Universidad del Turabo,native_unitid,FedSupport native IPEDS UnitID (NCSES-assigned); joins HERD era-B on UNITID
243638,C. Micronesia-FSM,Trust Territory of the Pacific Islands,1977-1986,no,,native_unitid,FedSupport native IPEDS UnitID (NCSES-assigned); no HERD era-B row carries this UNITID (NSF-funded institution outside the HERD UNITID set or HERD-side NULL — see backfill offer)
243665,U. Virgin Islands,U.S. Virgin Islands,1971-2023,yes,University of the Virgin Islands,native_unitid,FedSupport native IPEDS UnitID (NCSES-assigned); joins HERD era-B on UNITID
243744,Stanford U.,California,1971-2023,yes,Stanford University,native_unitid,FedSupport native IPEDS UnitID (NCSES-assigned); joins HERD era-B on UNITID
243762,U. Connecticut,Connecticut,1992-2023,no,,native_unitid,FedSupport native IPEDS UnitID (NCSES-assigned); no HERD era-B row carries this UNITID (NSF-funded institution outside the HERD UNITID set or HERD-side NULL — see backfill offer)
243780,"Purdue U., West Lafayette",Indiana,1971-2023,yes,"Purdue University, West Lafayette",native_unitid,FedSupport native IPEDS UnitID (NCSES-assigned); joins HERD era-B on UNITID
243823,Parker U.,Texas,1991-1992,yes,Parker University,native_unitid,FedSupport native IPEDS UnitID (NCSES-assigned); joins HERD era-B on UNITID
243832,"EDP U. Puerto Rico, San Juan",Puerto Rico,2023-2023,no,,native_unitid,FedSupport native IPEDS UnitID (NCSES-assigned); no HERD era-B row carries this UNITID (NSF-funded institution outside the HERD UNITID set or HERD-side NULL — see backfill offer)
244437,Georgia State U.-Perimeter C.,Georgia,1971-2015,no,,native_unitid,FedSupport native IPEDS UnitID (NCSES-assigned); no HERD era-B row carries this UNITID (NSF-funded institution outside the HERD UNITID set or HERD-side NULL — see backfill offer)
245838,Antioch U.,Ohio,2011-2021,no,,native_unitid,FedSupport native IPEDS UnitID (NCSES-assigned); no HERD era-B row carries this UNITID (NSF-funded institution outside the HERD UNITID set or HERD-side NULL — see backfill offer)
245865,Antioch U.,Ohio,1998-2022,no,,native_unitid,FedSupport native IPEDS UnitID (NCSES-assigned); no HERD era-B row carries this UNITID (NSF-funded institution outside the HERD UNITID set or HERD-side NULL — see backfill offer)
246354,Alamo Colleges District,Texas,1994-2022,no,,native_unitid,FedSupport native IPEDS UnitID (NCSES-assigned); no HERD era-B row carries this UNITID (NSF-funded institution outside the HERD UNITID set or HERD-side NULL — see backfill offer)
246813,Athens Technical C.,Georgia,2015-2015,no,,native_unitid,FedSupport native IPEDS UnitID (NCSES-assigned); no HERD era-B row carries this UNITID (NSF-funded institution outside the HERD UNITID set or HERD-side NULL — see backfill offer)
247083,"U. Louisiana, System Office",Louisiana,1995-2020,no,,native_unitid,FedSupport native IPEDS UnitID (NCSES-assigned); no HERD era-B row carries this UNITID (NSF-funded institution outside the HERD UNITID set or HERD-side NULL — see backfill offer)
247649,Landmark C.,Vermont,2009-2021,no,,native_unitid,FedSupport native IPEDS UnitID (NCSES-assigned); no HERD era-B row carries this UNITID (NSF-funded institution outside the HERD UNITID set or HERD-side NULL — see backfill offer)
247834,Collin C.,Texas,1999-2018,no,,native_unitid,FedSupport native IPEDS UnitID (NCSES-assigned); no HERD era-B row carries this UNITID (NSF-funded institution outside the HERD UNITID set or HERD-side NULL — see backfill offer)
248934,ECPI U.,Virginia,2005-2005,no,,native_unitid,FedSupport native IPEDS UnitID (NCSES-assigned); no HERD era-B row carries this UNITID (NSF-funded institution outside the HERD UNITID set or HERD-side NULL — see backfill offer)
251251,"ITT Technical Institute, Newburgh",Indiana,2010-2014,no,,native_unitid,FedSupport native IPEDS UnitID (NCSES-assigned); no HERD era-B row carries this UNITID (NSF-funded institution outside the HERD UNITID set or HERD-side NULL — see backfill offer)
251260,Southern Union State Community C.,Alabama,1972-2001,no,,native_unitid,FedSupport native IPEDS UnitID (NCSES-assigned); no HERD era-B row carries this UNITID (NSF-funded institution outside the HERD UNITID set or HERD-side NULL — see backfill offer)
251312,"South U., Savannah",Georgia,1993-1994,no,,native_unitid,FedSupport native IPEDS UnitID (NCSES-assigned); no HERD era-B row carries this UNITID (NSF-funded institution outside the HERD UNITID set or HERD-side NULL — see backfill offer)
260372,Lac Courte Oreilles Ojibwe U.,Wisconsin,1994-2023,no,,native_unitid,FedSupport native IPEDS UnitID (NCSES-assigned); no HERD era-B row carries this UNITID (NSF-funded institution outside the HERD UNITID set or HERD-side NULL — see backfill offer)
262031,St. Charles Community C.,Missouri,2000-2022,no,,native_unitid,FedSupport native IPEDS UnitID (NCSES-assigned); no HERD era-B row carries this UNITID (NSF-funded institution outside the HERD UNITID set or HERD-side NULL — see backfill offer)
262129,"U. South Florida, Tampa",Florida,1994-2023,yes,New College of Florida,native_unitid,FedSupport native IPEDS UnitID (NCSES-assigned); joins HERD era-B on UNITID
363563,"Ivy Tech Community C., central office",Indiana,1974-2023,no,,native_unitid,FedSupport native IPEDS UnitID (NCSES-assigned); no HERD era-B row carries this UNITID (NSF-funded institution outside the HERD UNITID set or HERD-side NULL — see backfill offer)
363633,Luna Community C.,New Mexico,1988-2000,no,,native_unitid,FedSupport native IPEDS UnitID (NCSES-assigned); no HERD era-B row carries this UNITID (NSF-funded institution outside the HERD UNITID set or HERD-side NULL — see backfill offer)
366252,Pennsylvania C. Technology,Pennsylvania,1971-2023,no,,native_unitid,FedSupport native IPEDS UnitID (NCSES-assigned); no HERD era-B row carries this UNITID (NSF-funded institution outside the HERD UNITID set or HERD-side NULL — see backfill offer)
366340,Stone Child C.,Montana,1990-2023,no,,native_unitid,FedSupport native IPEDS UnitID (NCSES-assigned); no HERD era-B row carries this UNITID (NSF-funded institution outside the HERD UNITID set or HERD-side NULL — see backfill offer)
366401,Las Positas C.,California,2020-2020,no,,native_unitid,FedSupport native IPEDS UnitID (NCSES-assigned); no HERD era-B row carries this UNITID (NSF-funded institution outside the HERD UNITID set or HERD-side NULL — see backfill offer)
366553,Southern Technical C.,Florida,2001-2011,no,,native_unitid,FedSupport native IPEDS UnitID (NCSES-assigned); no HERD era-B row carries this UNITID (NSF-funded institution outside the HERD UNITID set or HERD-side NULL — see backfill offer)
366678,"ITT Technical Institute, Austin",Texas,2010-2014,no,,native_unitid,FedSupport native IPEDS UnitID (NCSES-assigned); no HERD era-B row carries this UNITID (NSF-funded institution outside the HERD UNITID set or HERD-side NULL — see backfill offer)
366711,"California State U., San Marcos",California,1994-2023,yes,"California State University, San Marcos",native_unitid,FedSupport native IPEDS UnitID (NCSES-assigned); joins HERD era-B on UNITID
367459,NorthWest Arkansas Community C.,Arkansas,2020-2023,no,,native_unitid,FedSupport native IPEDS UnitID (NCSES-assigned); no HERD era-B row carries this UNITID (NSF-funded institution outside the HERD UNITID set or HERD-side NULL — see backfill offer)
369367,"San Diego State U., San Diego",California,1999-2011,no,,native_unitid,FedSupport native IPEDS UnitID (NCSES-assigned); no HERD era-B row carries this UNITID (NSF-funded institution outside the HERD UNITID set or HERD-side NULL — see backfill offer)
369659,Oregon C. of Oriental Medicine,Oregon,2006-2011,no,,native_unitid,FedSupport native IPEDS UnitID (NCSES-assigned); no HERD era-B row carries this UNITID (NSF-funded institution outside the HERD UNITID set or HERD-side NULL — see backfill offer)
374875,"Kaplan C., Las Vegas",Nevada,2003-2007,no,,native_unitid,FedSupport native IPEDS UnitID (NCSES-assigned); no HERD era-B row carries this UNITID (NSF-funded institution outside the HERD UNITID set or HERD-side NULL — see backfill offer)
380359,Bay Mills Community C.,Michigan,1992-2023,no,,native_unitid,FedSupport native IPEDS UnitID (NCSES-assigned); no HERD era-B row carries this UNITID (NSF-funded institution outside the HERD UNITID set or HERD-side NULL — see backfill offer)
380368,Fond du Lac Tribal and Community C.,Minnesota,1997-2023,yes,Fond du Lac Tribal and Community College,native_unitid,FedSupport native IPEDS UnitID (NCSES-assigned); joins HERD era-B on UNITID
380377,Northwest Indian C.,Washington,1991-2023,yes,Northwest Indian College,native_unitid,FedSupport native IPEDS UnitID (NCSES-assigned); joins HERD era-B on UNITID
382540,Princeton U.,New Jersey,1992-2023,no,,native_unitid,FedSupport native IPEDS UnitID (NCSES-assigned); no HERD era-B row carries this UNITID (NSF-funded institution outside the HERD UNITID set or HERD-side NULL — see backfill offer)
383190,"U. Hawaii Community Colleges, Hawaii Community C.",Hawaii,1983-2002,no,,native_unitid,FedSupport native IPEDS UnitID (NCSES-assigned); no HERD era-B row carries this UNITID (NSF-funded institution outside the HERD UNITID set or HERD-side NULL — see backfill offer)
384333,"Maricopa Community Colleges, Estrella Mountain Community C.",Arizona,2002-2003,no,,native_unitid,FedSupport native IPEDS UnitID (NCSES-assigned); no HERD era-B row carries this UNITID (NSF-funded institution outside the HERD UNITID set or HERD-side NULL — see backfill offer)
384342,Heartland Community C.,Illinois,1994-2021,no,,native_unitid,FedSupport native IPEDS UnitID (NCSES-assigned); no HERD era-B row carries this UNITID (NSF-funded institution outside the HERD UNITID set or HERD-side NULL — see backfill offer)
385415,Albert Einstein C. Medicine,New York,2016-2023,yes,Albert Einstein College of Medicine,native_unitid,FedSupport native IPEDS UnitID (NCSES-assigned); joins HERD era-B on UNITID
401913,"Northwestern U., Evanston",Illinois,1992-2023,no,,native_unitid,FedSupport native IPEDS UnitID (NCSES-assigned); no HERD era-B row carries this UNITID (NSF-funded institution outside the HERD UNITID set or HERD-side NULL — see backfill offer)
403487,"Illinois Eastern Community Colleges, Wabash Valley C.",Illinois,1992-1992,no,,native_unitid,FedSupport native IPEDS UnitID (NCSES-assigned); no HERD era-B row carries this UNITID (NSF-funded institution outside the HERD UNITID set or HERD-side NULL — see backfill offer)
405872,Carroll Community C.,Maryland,2017-2017,no,,native_unitid,FedSupport native IPEDS UnitID (NCSES-assigned); no HERD era-B row carries this UNITID (NSF-funded institution outside the HERD UNITID set or HERD-side NULL — see backfill offer)
407009,Arizona State U.,Arizona,1995-2014,no,,native_unitid,FedSupport native IPEDS UnitID (NCSES-assigned); no HERD era-B row carries this UNITID (NSF-funded institution outside the HERD UNITID set or HERD-side NULL — see backfill offer)
407629,Lake Erie C. Osteopathic Medicine,Pennsylvania,2006-2023,yes,Lake Erie College of Osteopathic Medicine,native_unitid,FedSupport native IPEDS UnitID (NCSES-assigned); joins HERD era-B on UNITID
409254,Erikson Institute,Illinois,1999-2022,yes,Erikson Institute,native_unitid,FedSupport native IPEDS UnitID (NCSES-assigned); joins HERD era-B on UNITID
409315,South Texas C.,Texas,1998-2020,no,,native_unitid,FedSupport native IPEDS UnitID (NCSES-assigned); no HERD era-B row carries this UNITID (NSF-funded institution outside the HERD UNITID set or HERD-side NULL — see backfill offer)
409379,Tennessee Board of Regents,Tennessee,2016-2022,no,,native_unitid,FedSupport native IPEDS UnitID (NCSES-assigned); no HERD era-B row carries this UNITID (NSF-funded institution outside the HERD UNITID set or HERD-side NULL — see backfill offer)
409698,"California State U., Monterey Bay",California,1997-2023,yes,"California State University, Monterey Bay",native_unitid,FedSupport native IPEDS UnitID (NCSES-assigned); joins HERD era-B on UNITID
413413,Capella U.,Minnesota,2004-2006,no,,native_unitid,FedSupport native IPEDS UnitID (NCSES-assigned); no HERD era-B row carries this UNITID (NSF-funded institution outside the HERD UNITID set or HERD-side NULL — see backfill offer)
413617,C. Menominee Nation,Wisconsin,1996-2023,yes,College of Menominee Nation,native_unitid,FedSupport native IPEDS UnitID (NCSES-assigned); joins HERD era-B on UNITID
413626,Leech Lake Tribal C.,Minnesota,1996-2023,no,,native_unitid,FedSupport native IPEDS UnitID (NCSES-assigned); no HERD era-B row carries this UNITID (NSF-funded institution outside the HERD UNITID set or HERD-side NULL — see backfill offer)
414911,Pennsylvania Highlands Community C.,Pennsylvania,1997-1997,no,,native_unitid,FedSupport native IPEDS UnitID (NCSES-assigned); no HERD era-B row carries this UNITID (NSF-funded institution outside the HERD UNITID set or HERD-side NULL — see backfill offer)
416801,"U. Texas M. D. Anderson Cancer Center, The",Texas,1971-2023,yes,"University of Texas M. D. Anderson Cancer Center, The",native_unitid,FedSupport native IPEDS UnitID (NCSES-assigned); joins HERD era-B on UNITID
418889,North Central Institute,Tennessee,1999-2012,no,,native_unitid,FedSupport native IPEDS UnitID (NCSES-assigned); no HERD era-B row carries this UNITID (NSF-funded institution outside the HERD UNITID set or HERD-side NULL — see backfill offer)
419457,"Argosy U., Orange County",California,2011-2011,no,,native_unitid,FedSupport native IPEDS UnitID (NCSES-assigned); no HERD era-B row carries this UNITID (NSF-funded institution outside the HERD UNITID set or HERD-side NULL — see backfill offer)
419572,"Baker C., system office",Michigan,2007-2015,no,,native_unitid,FedSupport native IPEDS UnitID (NCSES-assigned); no HERD era-B row carries this UNITID (NSF-funded institution outside the HERD UNITID set or HERD-side NULL — see backfill offer)
420361,New Charter U.,Utah,2010-2014,no,,native_unitid,FedSupport native IPEDS UnitID (NCSES-assigned); no HERD era-B row carries this UNITID (NSF-funded institution outside the HERD UNITID set or HERD-side NULL — see backfill offer)
420398,Alamo Colleges District,Texas,2006-2023,no,,native_unitid,FedSupport native IPEDS UnitID (NCSES-assigned); no HERD era-B row carries this UNITID (NSF-funded institution outside the HERD UNITID set or HERD-side NULL — see backfill offer)
420556,Columbia Gorge Community C.,Oregon,2016-2023,no,,native_unitid,FedSupport native IPEDS UnitID (NCSES-assigned); no HERD era-B row carries this UNITID (NSF-funded institution outside the HERD UNITID set or HERD-side NULL — see backfill offer)
420574,Arizona State U.,Arizona,1998-2023,no,,native_unitid,FedSupport native IPEDS UnitID (NCSES-assigned); no HERD era-B row carries this UNITID (NSF-funded institution outside the HERD UNITID set or HERD-side NULL — see backfill offer)
420802,Arizona Board of Regents,Arizona,2016-2023,no,,native_unitid,FedSupport native IPEDS UnitID (NCSES-assigned); no HERD era-B row carries this UNITID (NSF-funded institution outside the HERD UNITID set or HERD-side NULL — see backfill offer)
423494,National Defense U.,District of Columbia,2002-2023,yes,National Defense University,native_unitid,FedSupport native IPEDS UnitID (NCSES-assigned); joins HERD era-B on UNITID
423643,"Midwestern U., Glendale",Arizona,2006-2023,no,,native_unitid,FedSupport native IPEDS UnitID (NCSES-assigned); no HERD era-B row carries this UNITID (NSF-funded institution outside the HERD UNITID set or HERD-side NULL — see backfill offer)
428392,Klamath Community C.,Oregon,2016-2021,no,,native_unitid,FedSupport native IPEDS UnitID (NCSES-assigned); no HERD era-B row carries this UNITID (NSF-funded institution outside the HERD UNITID set or HERD-side NULL — see backfill offer)
428453,Minnesota State Colleges and Universities,Minnesota,1990-2021,no,,native_unitid,FedSupport native IPEDS UnitID (NCSES-assigned); no HERD era-B row carries this UNITID (NSF-funded institution outside the HERD UNITID set or HERD-side NULL — see backfill offer)
429128,Urban C. Boston,Massachusetts,2007-2007,no,,native_unitid,FedSupport native IPEDS UnitID (NCSES-assigned); no HERD era-B row carries this UNITID (NSF-funded institution outside the HERD UNITID set or HERD-side NULL — see backfill offer)
430670,San Juan Bautista School of Medicine,Puerto Rico,2010-2014,yes,San Juan Bautista School of Medicine,native_unitid,FedSupport native IPEDS UnitID (NCSES-assigned); joins HERD era-B on UNITID
432144,South Orange County Community C. District,California,2007-2007,no,,native_unitid,FedSupport native IPEDS UnitID (NCSES-assigned); no HERD era-B row carries this UNITID (NSF-funded institution outside the HERD UNITID set or HERD-side NULL — see backfill offer)
433387,Western Governors U.,Utah,2018-2018,no,,native_unitid,FedSupport native IPEDS UnitID (NCSES-assigned); no HERD era-B row carries this UNITID (NSF-funded institution outside the HERD UNITID set or HERD-side NULL — see backfill offer)
433660,Florida Gulf Coast U.,Florida,1997-2023,yes,Florida Gulf Coast University,native_unitid,FedSupport native IPEDS UnitID (NCSES-assigned); joins HERD era-B on UNITID
434016,Little Priest Tribal C.,Nebraska,1999-2023,no,,native_unitid,FedSupport native IPEDS UnitID (NCSES-assigned); no HERD era-B row carries this UNITID (NSF-funded institution outside the HERD UNITID set or HERD-side NULL — see backfill offer)
434061,South Louisiana Community C.,Louisiana,2018-2018,no,,native_unitid,FedSupport native IPEDS UnitID (NCSES-assigned); no HERD era-B row carries this UNITID (NSF-funded institution outside the HERD UNITID set or HERD-side NULL — see backfill offer)
434584,Ilisagvik C.,Alaska,2010-2022,no,,native_unitid,FedSupport native IPEDS UnitID (NCSES-assigned); no HERD era-B row carries this UNITID (NSF-funded institution outside the HERD UNITID set or HERD-side NULL — see backfill offer)
434672,"Community C. Baltimore County, The, Catonsville",Maryland,1971-2023,no,,native_unitid,FedSupport native IPEDS UnitID (NCSES-assigned); no HERD era-B row carries this UNITID (NSF-funded institution outside the HERD UNITID set or HERD-side NULL — see backfill offer)
434751,White Earth Tribal and Community C.,Minnesota,2005-2022,no,,native_unitid,FedSupport native IPEDS UnitID (NCSES-assigned); no HERD era-B row carries this UNITID (NSF-funded institution outside the HERD UNITID set or HERD-side NULL — see backfill offer)
435000,"Louisiana State U., system office",Louisiana,1992-2023,yes,"Louisiana State University, Health Sciences Center, Shreveport",native_unitid,FedSupport native IPEDS UnitID (NCSES-assigned); joins HERD era-B on UNITID
435338,"Scripps Research Institute, The",California,1991-2023,no,,native_unitid,FedSupport native IPEDS UnitID (NCSES-assigned); no HERD era-B row carries this UNITID (NSF-funded institution outside the HERD UNITID set or HERD-side NULL — see backfill offer)
436304,River Parishes Community C.,Louisiana,2020-2020,no,,native_unitid,FedSupport native IPEDS UnitID (NCSES-assigned); no HERD era-B row carries this UNITID (NSF-funded institution outside the HERD UNITID set or HERD-side NULL — see backfill offer)
436313,Kern Community C. District,California,1978-2023,no,,native_unitid,FedSupport native IPEDS UnitID (NCSES-assigned); no HERD era-B row carries this UNITID (NSF-funded institution outside the HERD UNITID set or HERD-side NULL — see backfill offer)
436377,Cold Spring Harbor Laboratory,New York,1974-2023,yes,Cold Spring Harbor Laboratory,native_unitid,FedSupport native IPEDS UnitID (NCSES-assigned); joins HERD era-B on UNITID
437103,Baton Rouge Community C.,Louisiana,2008-2023,no,,native_unitid,FedSupport native IPEDS UnitID (NCSES-assigned); no HERD era-B row carries this UNITID (NSF-funded institution outside the HERD UNITID set or HERD-side NULL — see backfill offer)
440031,Keck Graduate Institute,California,2008-2023,yes,Keck Graduate Institute,native_unitid,FedSupport native IPEDS UnitID (NCSES-assigned); joins HERD era-B on UNITID
440244,"Ivy Tech Community C., central office",Indiana,2010-2023,no,,native_unitid,FedSupport native IPEDS UnitID (NCSES-assigned); no HERD era-B row carries this UNITID (NSF-funded institution outside the HERD UNITID set or HERD-side NULL — see backfill offer)
440411,Marlboro C.,Vermont,1974-1980,no,,native_unitid,FedSupport native IPEDS UnitID (NCSES-assigned); no HERD era-B row carries this UNITID (NSF-funded institution outside the HERD UNITID set or HERD-side NULL — see backfill offer)
440651,Atenas C.,Puerto Rico,2008-2010,no,,native_unitid,FedSupport native IPEDS UnitID (NCSES-assigned); no HERD era-B row carries this UNITID (NSF-funded institution outside the HERD UNITID set or HERD-side NULL — see backfill offer)
441070,Saginaw Chippewa Tribal C.,Michigan,2010-2022,no,,native_unitid,FedSupport native IPEDS UnitID (NCSES-assigned); no HERD era-B row carries this UNITID (NSF-funded institution outside the HERD UNITID set or HERD-side NULL — see backfill offer)
441937,"California State U., Channel Islands",California,2010-2023,yes,"California State University, Channel Islands",native_unitid,FedSupport native IPEDS UnitID (NCSES-assigned); joins HERD era-B on UNITID
441982,Franklin W. Olin C. Engineering,Massachusetts,2001-2023,yes,Franklin W. Olin College of Engineering,native_unitid,FedSupport native IPEDS UnitID (NCSES-assigned); joins HERD era-B on UNITID
442356,Pennsylvania C. of Health Sciences,Pennsylvania,2011-2011,no,,native_unitid,FedSupport native IPEDS UnitID (NCSES-assigned); no HERD era-B row carries this UNITID (NSF-funded institution outside the HERD UNITID set or HERD-side NULL — see backfill offer)
442392,Antioch U.,Ohio,1971-2022,no,,native_unitid,FedSupport native IPEDS UnitID (NCSES-assigned); no HERD era-B row carries this UNITID (NSF-funded institution outside the HERD UNITID set or HERD-side NULL — see backfill offer)
442781,Tohono O'odham Community C.,Arizona,2009-2023,no,,native_unitid,FedSupport native IPEDS UnitID (NCSES-assigned); no HERD era-B row carries this UNITID (NSF-funded institution outside the HERD UNITID set or HERD-side NULL — see backfill offer)
442806,Edward Via C. Osteopathic Medicine,Virginia,2008-2022,yes,Edward Via College of Osteopathic Medicine,native_unitid,FedSupport native IPEDS UnitID (NCSES-assigned); joins HERD era-B on UNITID
443368,"Illinois Eastern Community Colleges, all campuses",Illinois,1987-1996,no,,native_unitid,FedSupport native IPEDS UnitID (NCSES-assigned); no HERD era-B row carries this UNITID (NSF-funded institution outside the HERD UNITID set or HERD-side NULL — see backfill offer)
445054,"Toyota Technological Institute, Chicago",Illinois,2010-2023,yes,Toyota Technological Institute at Chicago,native_unitid,FedSupport native IPEDS UnitID (NCSES-assigned); joins HERD era-B on UNITID
445188,"U. California, Merced",California,2009-2023,yes,"University of California, Merced",native_unitid,FedSupport native IPEDS UnitID (NCSES-assigned); joins HERD era-B on UNITID
446640,Harrisburg U. Science and Technology,Pennsylvania,2005-2023,no,,native_unitid,FedSupport native IPEDS UnitID (NCSES-assigned); no HERD era-B row carries this UNITID (NSF-funded institution outside the HERD UNITID set or HERD-side NULL — see backfill offer)
446774,Blue Ridge Community and Technical C.,West Virginia,2020-2020,no,,native_unitid,FedSupport native IPEDS UnitID (NCSES-assigned); no HERD era-B row carries this UNITID (NSF-funded institution outside the HERD UNITID set or HERD-side NULL — see backfill offer)
446932,Clarkson U.,New York,2009-2016,yes,Union Graduate College,native_unitid,FedSupport native IPEDS UnitID (NCSES-assigned); joins HERD era-B on UNITID
446978,"Colorado State U., system office",Colorado,2009-2023,no,,native_unitid,FedSupport native IPEDS UnitID (NCSES-assigned); no HERD era-B row carries this UNITID (NSF-funded institution outside the HERD UNITID set or HERD-side NULL — see backfill offer)
447050,United States U.,California,2011-2011,no,,native_unitid,FedSupport native IPEDS UnitID (NCSES-assigned); no HERD era-B row carries this UNITID (NSF-funded institution outside the HERD UNITID set or HERD-side NULL — see backfill offer)
447689,Georgia Gwinnett C.,Georgia,2020-2023,yes,Georgia Gwinnett College,native_unitid,FedSupport native IPEDS UnitID (NCSES-assigned); joins HERD era-B on UNITID
451130,Wolford C.,Florida,2006-2007,no,,native_unitid,FedSupport native IPEDS UnitID (NCSES-assigned); no HERD era-B row carries this UNITID (NSF-funded institution outside the HERD UNITID set or HERD-side NULL — see backfill offer)
451741,Centro de Estudios Multidisciplinarios,Puerto Rico,2008-2011,no,,native_unitid,FedSupport native IPEDS UnitID (NCSES-assigned); no HERD era-B row carries this UNITID (NSF-funded institution outside the HERD UNITID set or HERD-side NULL — see backfill offer)
451769,"Globe U., Minnesota School of Business",Minnesota,2011-2011,no,,native_unitid,FedSupport native IPEDS UnitID (NCSES-assigned); no HERD era-B row carries this UNITID (NSF-funded institution outside the HERD UNITID set or HERD-side NULL — see backfill offer)
454829,Aspen U.,Colorado,2002-2002,no,,native_unitid,FedSupport native IPEDS UnitID (NCSES-assigned); no HERD era-B row carries this UNITID (NSF-funded institution outside the HERD UNITID set or HERD-side NULL — see backfill offer)
455406,Pacific Northwest U. of Health Sciences,Washington,2010-2022,yes,Pacific Northwest University of Health Sciences,native_unitid,FedSupport native IPEDS UnitID (NCSES-assigned); joins HERD era-B on UNITID
456542,Geisinger Commonwealth School of Medicine,Pennsylvania,2009-2018,yes,"Commonwealth Medical College, The",native_unitid,FedSupport native IPEDS UnitID (NCSES-assigned); joins HERD era-B on UNITID
459204,Unitek C.,California,2019-2019,no,,native_unitid,FedSupport native IPEDS UnitID (NCSES-assigned); no HERD era-B row carries this UNITID (NSF-funded institution outside the HERD UNITID set or HERD-side NULL — see backfill offer)
459736,Touro C. and U. System,New York,2006-2023,yes,Touro University,native_unitid,FedSupport native IPEDS UnitID (NCSES-assigned); joins HERD era-B on UNITID
459824,Touro C. and U. System,New York,2021-2023,yes,"Touro University, Nevada",native_unitid,FedSupport native IPEDS UnitID (NCSES-assigned); joins HERD era-B on UNITID
459949,"Texas A&M U., San Antonio",Texas,2018-2023,yes,Texas A&M University-San Antonio,native_unitid,FedSupport native IPEDS UnitID (NCSES-assigned); joins HERD era-B on UNITID
461315,Keweenaw Bay Ojibwa Community C.,Michigan,2008-2022,no,,native_unitid,FedSupport native IPEDS UnitID (NCSES-assigned); no HERD era-B row carries this UNITID (NSF-funded institution outside the HERD UNITID set or HERD-side NULL — see backfill offer)
480967,C. Muscogee Nation,Oklahoma,2019-2023,no,,native_unitid,FedSupport native IPEDS UnitID (NCSES-assigned); no HERD era-B row carries this UNITID (NSF-funded institution outside the HERD UNITID set or HERD-side NULL — see backfill offer)
482149,Augusta U.,Georgia,1971-2023,yes,Augusta University,native_unitid,FedSupport native IPEDS UnitID (NCSES-assigned); joins HERD era-B on UNITID
482158,Middle Georgia State U.,Georgia,2001-2019,yes,Middle Georgia State University,native_unitid,FedSupport native IPEDS UnitID (NCSES-assigned); joins HERD era-B on UNITID
482422,"DeVry U., Phoenix",Arizona,1981-1981,no,,native_unitid,FedSupport native IPEDS UnitID (NCSES-assigned); no HERD era-B row carries this UNITID (NSF-funded institution outside the HERD UNITID set or HERD-side NULL — see backfill offer)
482680,U. North Georgia,Georgia,1971-2023,yes,University of North Georgia,native_unitid,FedSupport native IPEDS UnitID (NCSES-assigned); joins HERD era-B on UNITID
482699,South Georgia State C.,Georgia,1974-1979,no,,native_unitid,FedSupport native IPEDS UnitID (NCSES-assigned); no HERD era-B row carries this UNITID (NSF-funded institution outside the HERD UNITID set or HERD-side NULL — see backfill offer)
482936,Florida Polytechnic U.,Florida,2018-2023,yes,Florida Polytechnic University,native_unitid,FedSupport native IPEDS UnitID (NCSES-assigned); joins HERD era-B on UNITID
483036,"Texas A&M U., Central Texas",Texas,1974-2023,yes,Texas A&M University-Central Texas,native_unitid,FedSupport native IPEDS UnitID (NCSES-assigned); joins HERD era-B on UNITID
483212,Louisiana Delta Community C.,Louisiana,2018-2018,no,,native_unitid,FedSupport native IPEDS UnitID (NCSES-assigned); no HERD era-B row carries this UNITID (NSF-funded institution outside the HERD UNITID set or HERD-side NULL — see backfill offer)
483285,Graduate School USA,District of Columbia,2013-2023,no,,native_unitid,FedSupport native IPEDS UnitID (NCSES-assigned); no HERD era-B row carries this UNITID (NSF-funded institution outside the HERD UNITID set or HERD-side NULL — see backfill offer)
483522,Comanche Nation C.,Oklahoma,2011-2011,no,,native_unitid,FedSupport native IPEDS UnitID (NCSES-assigned); no HERD era-B row carries this UNITID (NSF-funded institution outside the HERD UNITID set or HERD-side NULL — see backfill offer)
483975,Alabama C. of Osteopathic Medicine,Alabama,2018-2018,yes,Alabama College of Osteopathic Medicine,native_unitid,FedSupport native IPEDS UnitID (NCSES-assigned); joins HERD era-B on UNITID
484613,U. Phoenix,Arizona,1985-2022,no,,native_unitid,FedSupport native IPEDS UnitID (NCSES-assigned); no HERD era-B row carries this UNITID (NSF-funded institution outside the HERD UNITID set or HERD-side NULL — see backfill offer)
485537,"U. Texas Health Science Center, The, Tyler",Texas,2015-2023,yes,University of Texas Health Science Center at Tyler,native_unitid,FedSupport native IPEDS UnitID (NCSES-assigned); joins HERD era-B on UNITID
486840,Kennesaw State U.,Georgia,1980-2023,yes,Kennesaw State University,native_unitid,FedSupport native IPEDS UnitID (NCSES-assigned); joins HERD era-B on UNITID
487010,"U. Tennessee, The, Health Science Center",Tennessee,1971-2023,yes,"University of Tennessee, The, Health Science Center",native_unitid,FedSupport native IPEDS UnitID (NCSES-assigned); joins HERD era-B on UNITID
487092,Emory U.,Georgia,2010-2010,no,,native_unitid,FedSupport native IPEDS UnitID (NCSES-assigned); no HERD era-B row carries this UNITID (NSF-funded institution outside the HERD UNITID set or HERD-side NULL — see backfill offer)
487320,"Texas State Technical C., Waco",Texas,1972-2023,no,,native_unitid,FedSupport native IPEDS UnitID (NCSES-assigned); no HERD era-B row carries this UNITID (NSF-funded institution outside the HERD UNITID set or HERD-side NULL — see backfill offer)
487524,Husson U.,Maine,1987-2020,no,,native_unitid,FedSupport native IPEDS UnitID (NCSES-assigned); no HERD era-B row carries this UNITID (NSF-funded institution outside the HERD UNITID set or HERD-side NULL — see backfill offer)
488527,Arkansas Colleges of Health Education,Arkansas,2018-2022,yes,Arkansas Colleges of Health Education,native_unitid,FedSupport native IPEDS UnitID (NCSES-assigned); joins HERD era-B on UNITID
491844,Red Lake Nation C.,Minnesota,2017-2023,no,,native_unitid,FedSupport native IPEDS UnitID (NCSES-assigned); no HERD era-B row carries this UNITID (NSF-funded institution outside the HERD UNITID set or HERD-side NULL — see backfill offer)
