source_column,first_year,last_year,population,measure_group,gender,race,support_mechanism,source_class,funding_agency,degree_type,citizenship,decision_rationale
med_degr_oth_non_fcty_v,1972,2016,nonfaculty_researcher,nfr_demographic,all,all,all,all,all,medical,all,"pre-2017 PD_NFR column; nonfaculty_researcher, measure_group=nfr_demographic; axes (gender=all, race=all, mechanism=all, all/all, degree=medical, citizenship=all). Sum only WITHIN measure_group (marginals overlap). 2017 relabels reconcile to one tuple."
med_degr_postdoc_all_srces_v,1972,2016,postdoc,mechanism_degree,all,all,all,all,all,medical,all,"pre-2017 PD_NFR column; postdoc, measure_group=mechanism_degree; axes (gender=all, race=all, mechanism=all, all/all, degree=medical, citizenship=all). Sum only WITHIN measure_group (marginals overlap). 2017 relabels reconcile to one tuple."
med_degr_postdoc_felshp_v,1972,2016,postdoc,mechanism_degree,all,all,fellowship,all,all,medical,all,"pre-2017 PD_NFR column; postdoc, measure_group=mechanism_degree; axes (gender=all, race=all, mechanism=fellowship, all/all, degree=medical, citizenship=all). Sum only WITHIN measure_group (marginals overlap). 2017 relabels reconcile to one tuple."
med_degr_postdoc_forgn_v,1972,2016,postdoc,degree_citizenship,all,all,all,all,all,medical,foreign,"pre-2017 PD_NFR column; postdoc, measure_group=degree_citizenship; axes (gender=all, race=all, mechanism=all, all/all, degree=medical, citizenship=foreign). Sum only WITHIN measure_group (marginals overlap). 2017 relabels reconcile to one tuple."
med_degr_postdoc_nonfed_v,1972,2016,postdoc,mechanism_degree,all,all,all,nonfederal,all,medical,all,"pre-2017 PD_NFR column; postdoc, measure_group=mechanism_degree; axes (gender=all, race=all, mechanism=all, nonfederal/all, degree=medical, citizenship=all). Sum only WITHIN measure_group (marginals overlap). 2017 relabels reconcile to one tuple."
med_degr_postdoc_rsch_grnt_v,1972,2016,postdoc,mechanism_degree,all,all,research_grant,all,all,medical,all,"pre-2017 PD_NFR column; postdoc, measure_group=mechanism_degree; axes (gender=all, race=all, mechanism=research_grant, all/all, degree=medical, citizenship=all). Sum only WITHIN measure_group (marginals overlap). 2017 relabels reconcile to one tuple."
med_degr_postdoc_trneeshp_v,1972,2016,postdoc,mechanism_degree,all,all,traineeship,all,all,medical,all,"pre-2017 PD_NFR column; postdoc, measure_group=mechanism_degree; axes (gender=all, race=all, mechanism=traineeship, all/all, degree=medical, citizenship=all). Sum only WITHIN measure_group (marginals overlap). 2017 relabels reconcile to one tuple."
men_postdoc_felshp_v,1972,2016,postdoc,gender_support,men,all,fellowship,all,all,all,all,"pre-2017 PD_NFR column; postdoc, measure_group=gender_support; axes (gender=men, race=all, mechanism=fellowship, all/all, degree=all, citizenship=all). Sum only WITHIN measure_group (marginals overlap). 2017 relabels reconcile to one tuple."
men_postdoc_nonfed_v,1972,2016,postdoc,gender_support,men,all,all,nonfederal,all,all,all,"pre-2017 PD_NFR column; postdoc, measure_group=gender_support; axes (gender=men, race=all, mechanism=all, nonfederal/all, degree=all, citizenship=all). Sum only WITHIN measure_group (marginals overlap). 2017 relabels reconcile to one tuple."
men_postdoc_rsch_grnt_v,1972,2016,postdoc,gender_support,men,all,research_grant,all,all,all,all,"pre-2017 PD_NFR column; postdoc, measure_group=gender_support; axes (gender=men, race=all, mechanism=research_grant, all/all, degree=all, citizenship=all). Sum only WITHIN measure_group (marginals overlap). 2017 relabels reconcile to one tuple."
men_postdoc_trneeshp_v,1972,2016,postdoc,gender_support,men,all,traineeship,all,all,all,all,"pre-2017 PD_NFR column; postdoc, measure_group=gender_support; axes (gender=men, race=all, mechanism=traineeship, all/all, degree=all, citizenship=all). Sum only WITHIN measure_group (marginals overlap). 2017 relabels reconcile to one tuple."
nfr_men_all_degr_v,1972,2016,nonfaculty_researcher,nfr_demographic,men,all,all,all,all,all,all,"pre-2017 PD_NFR column; nonfaculty_researcher, measure_group=nfr_demographic; axes (gender=men, race=all, mechanism=all, all/all, degree=all, citizenship=all). Sum only WITHIN measure_group (marginals overlap). 2017 relabels reconcile to one tuple."
nfr_men_all_v,2017,2024,nonfaculty_researcher,nfr_demographic,men,all,all,all,all,all,all,"post-2017 PD_NFR column; nonfaculty_researcher, measure_group=nfr_demographic; axes (gender=men, race=all, mechanism=all, all/all, degree=all, citizenship=all). Sum only WITHIN measure_group (marginals overlap). 2017 relabels reconcile to one tuple."
nfr_men_dual_degr_v,1972,2016,nonfaculty_researcher,nfr_demographic,men,all,all,all,all,dual,all,"pre-2017 PD_NFR column; nonfaculty_researcher, measure_group=nfr_demographic; axes (gender=men, race=all, mechanism=all, all/all, degree=dual, citizenship=all). Sum only WITHIN measure_group (marginals overlap). 2017 relabels reconcile to one tuple."
nfr_men_dual_v,2017,2024,nonfaculty_researcher,nfr_demographic,men,all,all,all,all,dual,all,"post-2017 PD_NFR column; nonfaculty_researcher, measure_group=nfr_demographic; axes (gender=men, race=all, mechanism=all, all/all, degree=dual, citizenship=all). Sum only WITHIN measure_group (marginals overlap). 2017 relabels reconcile to one tuple."
nfr_men_med_degr_v,1972,2016,nonfaculty_researcher,nfr_demographic,men,all,all,all,all,medical,all,"pre-2017 PD_NFR column; nonfaculty_researcher, measure_group=nfr_demographic; axes (gender=men, race=all, mechanism=all, all/all, degree=medical, citizenship=all). Sum only WITHIN measure_group (marginals overlap). 2017 relabels reconcile to one tuple."
nfr_men_med_v,2017,2024,nonfaculty_researcher,nfr_demographic,men,all,all,all,all,medical,all,"post-2017 PD_NFR column; nonfaculty_researcher, measure_group=nfr_demographic; axes (gender=men, race=all, mechanism=all, all/all, degree=medical, citizenship=all). Sum only WITHIN measure_group (marginals overlap). 2017 relabels reconcile to one tuple."
nfr_men_nmed_v,2017,2024,nonfaculty_researcher,nfr_demographic,men,all,all,all,all,nonmedical,all,"post-2017 PD_NFR column; nonfaculty_researcher, measure_group=nfr_demographic; axes (gender=men, race=all, mechanism=all, all/all, degree=nonmedical, citizenship=all). Sum only WITHIN measure_group (marginals overlap). 2017 relabels reconcile to one tuple."
nfr_men_nonmed_degr_v,1972,2016,nonfaculty_researcher,nfr_demographic,men,all,all,all,all,nonmedical,all,"pre-2017 PD_NFR column; nonfaculty_researcher, measure_group=nfr_demographic; axes (gender=men, race=all, mechanism=all, all/all, degree=nonmedical, citizenship=all). Sum only WITHIN measure_group (marginals overlap). 2017 relabels reconcile to one tuple."
nfr_men_unk_v,2017,2024,nonfaculty_researcher,nfr_demographic,men,all,all,all,all,unknown,all,"post-2017 PD_NFR column; nonfaculty_researcher, measure_group=nfr_demographic; axes (gender=men, race=all, mechanism=all, all/all, degree=unknown, citizenship=all). Sum only WITHIN measure_group (marginals overlap). 2017 relabels reconcile to one tuple."
nfr_men_unknown_degr_v,1972,2016,nonfaculty_researcher,nfr_demographic,men,all,all,all,all,unknown,all,"pre-2017 PD_NFR column; nonfaculty_researcher, measure_group=nfr_demographic; axes (gender=men, race=all, mechanism=all, all/all, degree=unknown, citizenship=all). Sum only WITHIN measure_group (marginals overlap). 2017 relabels reconcile to one tuple."
nfr_tot_all_degr_v,1972,2016,nonfaculty_researcher,nfr_demographic,total,all,all,all,all,all,all,"pre-2017 PD_NFR column; nonfaculty_researcher, measure_group=nfr_demographic; axes (gender=total, race=all, mechanism=all, all/all, degree=all, citizenship=all). Sum only WITHIN measure_group (marginals overlap). 2017 relabels reconcile to one tuple."
nfr_tot_all_v,2017,2024,nonfaculty_researcher,nfr_demographic,total,all,all,all,all,all,all,"post-2017 PD_NFR column; nonfaculty_researcher, measure_group=nfr_demographic; axes (gender=total, race=all, mechanism=all, all/all, degree=all, citizenship=all). Sum only WITHIN measure_group (marginals overlap). 2017 relabels reconcile to one tuple."
nfr_tot_dual_degr_v,1972,2016,nonfaculty_researcher,nfr_demographic,total,all,all,all,all,dual,all,"pre-2017 PD_NFR column; nonfaculty_researcher, measure_group=nfr_demographic; axes (gender=total, race=all, mechanism=all, all/all, degree=dual, citizenship=all). Sum only WITHIN measure_group (marginals overlap). 2017 relabels reconcile to one tuple."
nfr_tot_dual_v,2017,2024,nonfaculty_researcher,nfr_demographic,total,all,all,all,all,dual,all,"post-2017 PD_NFR column; nonfaculty_researcher, measure_group=nfr_demographic; axes (gender=total, race=all, mechanism=all, all/all, degree=dual, citizenship=all). Sum only WITHIN measure_group (marginals overlap). 2017 relabels reconcile to one tuple."
nfr_tot_med_degr_v,1972,2016,nonfaculty_researcher,nfr_demographic,total,all,all,all,all,medical,all,"pre-2017 PD_NFR column; nonfaculty_researcher, measure_group=nfr_demographic; axes (gender=total, race=all, mechanism=all, all/all, degree=medical, citizenship=all). Sum only WITHIN measure_group (marginals overlap). 2017 relabels reconcile to one tuple."
nfr_tot_med_v,2017,2024,nonfaculty_researcher,nfr_demographic,total,all,all,all,all,medical,all,"post-2017 PD_NFR column; nonfaculty_researcher, measure_group=nfr_demographic; axes (gender=total, race=all, mechanism=all, all/all, degree=medical, citizenship=all). Sum only WITHIN measure_group (marginals overlap). 2017 relabels reconcile to one tuple."
nfr_tot_nmed_v,2017,2024,nonfaculty_researcher,nfr_demographic,total,all,all,all,all,nonmedical,all,"post-2017 PD_NFR column; nonfaculty_researcher, measure_group=nfr_demographic; axes (gender=total, race=all, mechanism=all, all/all, degree=nonmedical, citizenship=all). Sum only WITHIN measure_group (marginals overlap). 2017 relabels reconcile to one tuple."
nfr_tot_nonmed_degr_v,1972,2016,nonfaculty_researcher,nfr_demographic,total,all,all,all,all,nonmedical,all,"pre-2017 PD_NFR column; nonfaculty_researcher, measure_group=nfr_demographic; axes (gender=total, race=all, mechanism=all, all/all, degree=nonmedical, citizenship=all). Sum only WITHIN measure_group (marginals overlap). 2017 relabels reconcile to one tuple."
nfr_tot_unk_v,2017,2024,nonfaculty_researcher,nfr_demographic,total,all,all,all,all,unknown,all,"post-2017 PD_NFR column; nonfaculty_researcher, measure_group=nfr_demographic; axes (gender=total, race=all, mechanism=all, all/all, degree=unknown, citizenship=all). Sum only WITHIN measure_group (marginals overlap). 2017 relabels reconcile to one tuple."
nfr_tot_unknown_degr_v,1972,2016,nonfaculty_researcher,nfr_demographic,total,all,all,all,all,unknown,all,"pre-2017 PD_NFR column; nonfaculty_researcher, measure_group=nfr_demographic; axes (gender=total, race=all, mechanism=all, all/all, degree=unknown, citizenship=all). Sum only WITHIN measure_group (marginals overlap). 2017 relabels reconcile to one tuple."
nfr_wmen_all_degr_v,1972,2016,nonfaculty_researcher,nfr_demographic,women,all,all,all,all,all,all,"pre-2017 PD_NFR column; nonfaculty_researcher, measure_group=nfr_demographic; axes (gender=women, race=all, mechanism=all, all/all, degree=all, citizenship=all). Sum only WITHIN measure_group (marginals overlap). 2017 relabels reconcile to one tuple."
nfr_wmen_all_v,2017,2024,nonfaculty_researcher,nfr_demographic,women,all,all,all,all,all,all,"post-2017 PD_NFR column; nonfaculty_researcher, measure_group=nfr_demographic; axes (gender=women, race=all, mechanism=all, all/all, degree=all, citizenship=all). Sum only WITHIN measure_group (marginals overlap). 2017 relabels reconcile to one tuple."
nfr_wmen_dual_degr_v,1972,2016,nonfaculty_researcher,nfr_demographic,women,all,all,all,all,dual,all,"pre-2017 PD_NFR column; nonfaculty_researcher, measure_group=nfr_demographic; axes (gender=women, race=all, mechanism=all, all/all, degree=dual, citizenship=all). Sum only WITHIN measure_group (marginals overlap). 2017 relabels reconcile to one tuple."
nfr_wmen_dual_v,2017,2024,nonfaculty_researcher,nfr_demographic,women,all,all,all,all,dual,all,"post-2017 PD_NFR column; nonfaculty_researcher, measure_group=nfr_demographic; axes (gender=women, race=all, mechanism=all, all/all, degree=dual, citizenship=all). Sum only WITHIN measure_group (marginals overlap). 2017 relabels reconcile to one tuple."
nfr_wmen_med_degr_v,1972,2016,nonfaculty_researcher,nfr_demographic,women,all,all,all,all,medical,all,"pre-2017 PD_NFR column; nonfaculty_researcher, measure_group=nfr_demographic; axes (gender=women, race=all, mechanism=all, all/all, degree=medical, citizenship=all). Sum only WITHIN measure_group (marginals overlap). 2017 relabels reconcile to one tuple."
nfr_wmen_med_v,2017,2024,nonfaculty_researcher,nfr_demographic,women,all,all,all,all,medical,all,"post-2017 PD_NFR column; nonfaculty_researcher, measure_group=nfr_demographic; axes (gender=women, race=all, mechanism=all, all/all, degree=medical, citizenship=all). Sum only WITHIN measure_group (marginals overlap). 2017 relabels reconcile to one tuple."
nfr_wmen_nmed_v,2017,2024,nonfaculty_researcher,nfr_demographic,women,all,all,all,all,nonmedical,all,"post-2017 PD_NFR column; nonfaculty_researcher, measure_group=nfr_demographic; axes (gender=women, race=all, mechanism=all, all/all, degree=nonmedical, citizenship=all). Sum only WITHIN measure_group (marginals overlap). 2017 relabels reconcile to one tuple."
nfr_wmen_nonmed_degr_v,1972,2016,nonfaculty_researcher,nfr_demographic,women,all,all,all,all,nonmedical,all,"pre-2017 PD_NFR column; nonfaculty_researcher, measure_group=nfr_demographic; axes (gender=women, race=all, mechanism=all, all/all, degree=nonmedical, citizenship=all). Sum only WITHIN measure_group (marginals overlap). 2017 relabels reconcile to one tuple."
nfr_wmen_unk_v,2017,2024,nonfaculty_researcher,nfr_demographic,women,all,all,all,all,unknown,all,"post-2017 PD_NFR column; nonfaculty_researcher, measure_group=nfr_demographic; axes (gender=women, race=all, mechanism=all, all/all, degree=unknown, citizenship=all). Sum only WITHIN measure_group (marginals overlap). 2017 relabels reconcile to one tuple."
nfr_wmen_unknown_degr_v,1972,2016,nonfaculty_researcher,nfr_demographic,women,all,all,all,all,unknown,all,"pre-2017 PD_NFR column; nonfaculty_researcher, measure_group=nfr_demographic; axes (gender=women, race=all, mechanism=all, all/all, degree=unknown, citizenship=all). Sum only WITHIN measure_group (marginals overlap). 2017 relabels reconcile to one tuple."
pd_degr_forgn_v,1972,2024,postdoc,degree_origin,all,all,all,all,all,all,foreign,"spans 2017 PD_NFR column; postdoc, measure_group=degree_origin; axes (gender=all, race=all, mechanism=all, all/all, degree=all, citizenship=foreign). Sum only WITHIN measure_group (marginals overlap). 2017 relabels reconcile to one tuple."
pd_degr_unk_orig_v,2017,2024,postdoc,degree_origin,all,all,all,all,all,all,unknown,"post-2017 PD_NFR column; postdoc, measure_group=degree_origin; axes (gender=all, race=all, mechanism=all, all/all, degree=all, citizenship=unknown). Sum only WITHIN measure_group (marginals overlap). 2017 relabels reconcile to one tuple."
pd_degr_unknown_orig_v,1972,2016,postdoc,degree_origin,all,all,all,all,all,all,unknown,"pre-2017 PD_NFR column; postdoc, measure_group=degree_origin; axes (gender=all, race=all, mechanism=all, all/all, degree=all, citizenship=unknown). Sum only WITHIN measure_group (marginals overlap). 2017 relabels reconcile to one tuple."
pd_degr_us_v,1972,2024,postdoc,degree_origin,all,all,all,all,all,all,us,"spans 2017 PD_NFR column; postdoc, measure_group=degree_origin; axes (gender=all, race=all, mechanism=all, all/all, degree=all, citizenship=us). Sum only WITHIN measure_group (marginals overlap). 2017 relabels reconcile to one tuple."
pd_fel_all_v,2017,2024,postdoc,support,all,all,fellowship,all_sources,all,all,all,"post-2017 PD_NFR column; postdoc, measure_group=support; axes (gender=all, race=all, mechanism=fellowship, all_sources/all, degree=all, citizenship=all). Sum only WITHIN measure_group (marginals overlap). 2017 relabels reconcile to one tuple."
pd_fel_dual_v,2017,2024,postdoc,mechanism_degree,all,all,fellowship,all,all,dual,all,"post-2017 PD_NFR column; postdoc, measure_group=mechanism_degree; axes (gender=all, race=all, mechanism=fellowship, all/all, degree=dual, citizenship=all). Sum only WITHIN measure_group (marginals overlap). 2017 relabels reconcile to one tuple."
pd_fel_fed_all_v,2017,2024,postdoc,support,all,all,fellowship,federal,all,all,all,"post-2017 PD_NFR column; postdoc, measure_group=support; axes (gender=all, race=all, mechanism=fellowship, federal/all, degree=all, citizenship=all). Sum only WITHIN measure_group (marginals overlap). 2017 relabels reconcile to one tuple."
pd_fel_fed_doa_v,2017,2024,postdoc,support,all,all,fellowship,federal,USDA,all,all,"post-2017 PD_NFR column; postdoc, measure_group=support; axes (gender=all, race=all, mechanism=fellowship, federal/USDA, degree=all, citizenship=all). Sum only WITHIN measure_group (marginals overlap). 2017 relabels reconcile to one tuple."
pd_fel_fed_dod_v,2017,2024,postdoc,support,all,all,fellowship,federal,DOD,all,all,"post-2017 PD_NFR column; postdoc, measure_group=support; axes (gender=all, race=all, mechanism=fellowship, federal/DOD, degree=all, citizenship=all). Sum only WITHIN measure_group (marginals overlap). 2017 relabels reconcile to one tuple."
pd_fel_fed_doe_v,2017,2024,postdoc,support,all,all,fellowship,federal,DOE,all,all,"post-2017 PD_NFR column; postdoc, measure_group=support; axes (gender=all, race=all, mechanism=fellowship, federal/DOE, degree=all, citizenship=all). Sum only WITHIN measure_group (marginals overlap). 2017 relabels reconcile to one tuple."
pd_fel_fed_hhs_v,2017,2024,postdoc,support,all,all,fellowship,federal,HHS_other,all,all,"post-2017 PD_NFR column; postdoc, measure_group=support; axes (gender=all, race=all, mechanism=fellowship, federal/HHS_other, degree=all, citizenship=all). Sum only WITHIN measure_group (marginals overlap). 2017 relabels reconcile to one tuple."
pd_fel_fed_nasa_v,2017,2024,postdoc,support,all,all,fellowship,federal,NASA,all,all,"post-2017 PD_NFR column; postdoc, measure_group=support; axes (gender=all, race=all, mechanism=fellowship, federal/NASA, degree=all, citizenship=all). Sum only WITHIN measure_group (marginals overlap). 2017 relabels reconcile to one tuple."
pd_fel_fed_nih_v,2017,2024,postdoc,support,all,all,fellowship,federal,NIH,all,all,"post-2017 PD_NFR column; postdoc, measure_group=support; axes (gender=all, race=all, mechanism=fellowship, federal/NIH, degree=all, citizenship=all). Sum only WITHIN measure_group (marginals overlap). 2017 relabels reconcile to one tuple."
pd_fel_fed_nsf_v,2017,2024,postdoc,support,all,all,fellowship,federal,NSF,all,all,"post-2017 PD_NFR column; postdoc, measure_group=support; axes (gender=all, race=all, mechanism=fellowship, federal/NSF, degree=all, citizenship=all). Sum only WITHIN measure_group (marginals overlap). 2017 relabels reconcile to one tuple."
pd_fel_fed_oth_v,2017,2024,postdoc,support,all,all,fellowship,federal,other_federal,all,all,"post-2017 PD_NFR column; postdoc, measure_group=support; axes (gender=all, race=all, mechanism=fellowship, federal/other_federal, degree=all, citizenship=all). Sum only WITHIN measure_group (marginals overlap). 2017 relabels reconcile to one tuple."
pd_fel_med_v,2017,2024,postdoc,mechanism_degree,all,all,fellowship,all,all,medical,all,"post-2017 PD_NFR column; postdoc, measure_group=mechanism_degree; axes (gender=all, race=all, mechanism=fellowship, all/all, degree=medical, citizenship=all). Sum only WITHIN measure_group (marginals overlap). 2017 relabels reconcile to one tuple."
pd_fel_men_all_v,2017,2024,postdoc,gender_mechanism,men,all,fellowship,all,all,all,all,"post-2017 PD_NFR column; postdoc, measure_group=gender_mechanism; axes (gender=men, race=all, mechanism=fellowship, all/all, degree=all, citizenship=all). Sum only WITHIN measure_group (marginals overlap). 2017 relabels reconcile to one tuple."
pd_fel_nfed_all_v,2017,2024,postdoc,support,all,all,fellowship,nonfederal,all,all,all,"post-2017 PD_NFR column; postdoc, measure_group=support; axes (gender=all, race=all, mechanism=fellowship, nonfederal/all, degree=all, citizenship=all). Sum only WITHIN measure_group (marginals overlap). 2017 relabels reconcile to one tuple."
pd_fel_nfed_forgn_v,2017,2024,postdoc,support,all,all,fellowship,nonfederal,foreign,all,all,"post-2017 PD_NFR column; postdoc, measure_group=support; axes (gender=all, race=all, mechanism=fellowship, nonfederal/foreign, degree=all, citizenship=all). Sum only WITHIN measure_group (marginals overlap). 2017 relabels reconcile to one tuple."
pd_fel_nfed_inst_v,2017,2024,postdoc,support,all,all,fellowship,nonfederal,institutional,all,all,"post-2017 PD_NFR column; postdoc, measure_group=support; axes (gender=all, race=all, mechanism=fellowship, nonfederal/institutional, degree=all, citizenship=all). Sum only WITHIN measure_group (marginals overlap). 2017 relabels reconcile to one tuple."
pd_fel_nfed_othus_v,2017,2024,postdoc,support,all,all,fellowship,nonfederal,other_us,all,all,"post-2017 PD_NFR column; postdoc, measure_group=support; axes (gender=all, race=all, mechanism=fellowship, nonfederal/other_us, degree=all, citizenship=all). Sum only WITHIN measure_group (marginals overlap). 2017 relabels reconcile to one tuple."
pd_fel_nmed_v,2017,2024,postdoc,mechanism_degree,all,all,fellowship,all,all,nonmedical,all,"post-2017 PD_NFR column; postdoc, measure_group=mechanism_degree; axes (gender=all, race=all, mechanism=fellowship, all/all, degree=nonmedical, citizenship=all). Sum only WITHIN measure_group (marginals overlap). 2017 relabels reconcile to one tuple."
pd_fel_unk_sup_v,2017,2024,postdoc,support,all,all,fellowship,unknown_source,all,all,all,"post-2017 PD_NFR column; postdoc, measure_group=support; axes (gender=all, race=all, mechanism=fellowship, unknown_source/all, degree=all, citizenship=all). Sum only WITHIN measure_group (marginals overlap). 2017 relabels reconcile to one tuple."
pd_fel_unk_v,2017,2024,postdoc,mechanism_degree,all,all,fellowship,all,all,unknown,all,"post-2017 PD_NFR column; postdoc, measure_group=mechanism_degree; axes (gender=all, race=all, mechanism=fellowship, all/all, degree=unknown, citizenship=all). Sum only WITHIN measure_group (marginals overlap). 2017 relabels reconcile to one tuple."
pd_fel_wmen_all_v,2017,2024,postdoc,gender_mechanism,women,all,fellowship,all,all,all,all,"post-2017 PD_NFR column; postdoc, measure_group=gender_mechanism; axes (gender=women, race=all, mechanism=fellowship, all/all, degree=all, citizenship=all). Sum only WITHIN measure_group (marginals overlap). 2017 relabels reconcile to one tuple."
pd_felshp_all_srces_v,1972,2016,postdoc,support,all,all,fellowship,all_sources,all,all,all,"pre-2017 PD_NFR column; postdoc, measure_group=support; axes (gender=all, race=all, mechanism=fellowship, all_sources/all, degree=all, citizenship=all). Sum only WITHIN measure_group (marginals overlap). 2017 relabels reconcile to one tuple."
pd_felshp_dual_degr_v,1972,2016,postdoc,mechanism_degree,all,all,fellowship,all,all,dual,all,"pre-2017 PD_NFR column; postdoc, measure_group=mechanism_degree; axes (gender=all, race=all, mechanism=fellowship, all/all, degree=dual, citizenship=all). Sum only WITHIN measure_group (marginals overlap). 2017 relabels reconcile to one tuple."
pd_felshp_fed_all_srces_v,1972,2016,postdoc,support,all,all,fellowship,federal,all,all,all,"pre-2017 PD_NFR column; postdoc, measure_group=support; axes (gender=all, race=all, mechanism=fellowship, federal/all, degree=all, citizenship=all). Sum only WITHIN measure_group (marginals overlap). 2017 relabels reconcile to one tuple."
pd_felshp_fed_doa_v,1972,2016,postdoc,support,all,all,fellowship,federal,USDA,all,all,"pre-2017 PD_NFR column; postdoc, measure_group=support; axes (gender=all, race=all, mechanism=fellowship, federal/USDA, degree=all, citizenship=all). Sum only WITHIN measure_group (marginals overlap). 2017 relabels reconcile to one tuple."
pd_felshp_fed_dod_v,1972,2016,postdoc,support,all,all,fellowship,federal,DOD,all,all,"pre-2017 PD_NFR column; postdoc, measure_group=support; axes (gender=all, race=all, mechanism=fellowship, federal/DOD, degree=all, citizenship=all). Sum only WITHIN measure_group (marginals overlap). 2017 relabels reconcile to one tuple."
pd_felshp_fed_doe_v,1972,2016,postdoc,support,all,all,fellowship,federal,DOE,all,all,"pre-2017 PD_NFR column; postdoc, measure_group=support; axes (gender=all, race=all, mechanism=fellowship, federal/DOE, degree=all, citizenship=all). Sum only WITHIN measure_group (marginals overlap). 2017 relabels reconcile to one tuple."
pd_felshp_fed_hhs_nih_v,1972,2016,postdoc,support,all,all,fellowship,federal,NIH,all,all,"pre-2017 PD_NFR column; postdoc, measure_group=support; axes (gender=all, race=all, mechanism=fellowship, federal/NIH, degree=all, citizenship=all). Sum only WITHIN measure_group (marginals overlap). 2017 relabels reconcile to one tuple."
pd_felshp_fed_hhs_oth_v,1972,2016,postdoc,support,all,all,fellowship,federal,HHS_other,all,all,"pre-2017 PD_NFR column; postdoc, measure_group=support; axes (gender=all, race=all, mechanism=fellowship, federal/HHS_other, degree=all, citizenship=all). Sum only WITHIN measure_group (marginals overlap). 2017 relabels reconcile to one tuple."
pd_felshp_fed_nasa_v,1972,2016,postdoc,support,all,all,fellowship,federal,NASA,all,all,"pre-2017 PD_NFR column; postdoc, measure_group=support; axes (gender=all, race=all, mechanism=fellowship, federal/NASA, degree=all, citizenship=all). Sum only WITHIN measure_group (marginals overlap). 2017 relabels reconcile to one tuple."
pd_felshp_fed_nsf_v,1972,2016,postdoc,support,all,all,fellowship,federal,NSF,all,all,"pre-2017 PD_NFR column; postdoc, measure_group=support; axes (gender=all, race=all, mechanism=fellowship, federal/NSF, degree=all, citizenship=all). Sum only WITHIN measure_group (marginals overlap). 2017 relabels reconcile to one tuple."
pd_felshp_fed_oth_v,1972,2016,postdoc,support,all,all,fellowship,federal,other_federal,all,all,"pre-2017 PD_NFR column; postdoc, measure_group=support; axes (gender=all, race=all, mechanism=fellowship, federal/other_federal, degree=all, citizenship=all). Sum only WITHIN measure_group (marginals overlap). 2017 relabels reconcile to one tuple."
pd_felshp_med_degr_v,1972,2016,postdoc,mechanism_degree,all,all,fellowship,all,all,medical,all,"pre-2017 PD_NFR column; postdoc, measure_group=mechanism_degree; axes (gender=all, race=all, mechanism=fellowship, all/all, degree=medical, citizenship=all). Sum only WITHIN measure_group (marginals overlap). 2017 relabels reconcile to one tuple."
pd_felshp_men_all_srces_v,1972,2016,postdoc,gender_mechanism,men,all,fellowship,all,all,all,all,"pre-2017 PD_NFR column; postdoc, measure_group=gender_mechanism; axes (gender=men, race=all, mechanism=fellowship, all/all, degree=all, citizenship=all). Sum only WITHIN measure_group (marginals overlap). 2017 relabels reconcile to one tuple."
pd_felshp_nonfed_all_srces_v,1972,2016,postdoc,support,all,all,fellowship,nonfederal,all,all,all,"pre-2017 PD_NFR column; postdoc, measure_group=support; axes (gender=all, race=all, mechanism=fellowship, nonfederal/all, degree=all, citizenship=all). Sum only WITHIN measure_group (marginals overlap). 2017 relabels reconcile to one tuple."
pd_felshp_nonfed_forgn_v,1972,2016,postdoc,support,all,all,fellowship,nonfederal,foreign,all,all,"pre-2017 PD_NFR column; postdoc, measure_group=support; axes (gender=all, race=all, mechanism=fellowship, nonfederal/foreign, degree=all, citizenship=all). Sum only WITHIN measure_group (marginals overlap). 2017 relabels reconcile to one tuple."
pd_felshp_nonfed_inst_sup_v,1972,2016,postdoc,support,all,all,fellowship,nonfederal,institutional,all,all,"pre-2017 PD_NFR column; postdoc, measure_group=support; axes (gender=all, race=all, mechanism=fellowship, nonfederal/institutional, degree=all, citizenship=all). Sum only WITHIN measure_group (marginals overlap). 2017 relabels reconcile to one tuple."
pd_felshp_nonfed_oth_us_v,1972,2016,postdoc,support,all,all,fellowship,nonfederal,other_us,all,all,"pre-2017 PD_NFR column; postdoc, measure_group=support; axes (gender=all, race=all, mechanism=fellowship, nonfederal/other_us, degree=all, citizenship=all). Sum only WITHIN measure_group (marginals overlap). 2017 relabels reconcile to one tuple."
pd_felshp_nonmed_degr_v,1972,2016,postdoc,mechanism_degree,all,all,fellowship,all,all,nonmedical,all,"pre-2017 PD_NFR column; postdoc, measure_group=mechanism_degree; axes (gender=all, race=all, mechanism=fellowship, all/all, degree=nonmedical, citizenship=all). Sum only WITHIN measure_group (marginals overlap). 2017 relabels reconcile to one tuple."
pd_felshp_unknown_degr_v,1972,2016,postdoc,mechanism_degree,all,all,fellowship,all,all,unknown,all,"pre-2017 PD_NFR column; postdoc, measure_group=mechanism_degree; axes (gender=all, race=all, mechanism=fellowship, all/all, degree=unknown, citizenship=all). Sum only WITHIN measure_group (marginals overlap). 2017 relabels reconcile to one tuple."
pd_felshp_unknown_sup_v,1972,2016,postdoc,support,all,all,fellowship,unknown_source,all,all,all,"pre-2017 PD_NFR column; postdoc, measure_group=support; axes (gender=all, race=all, mechanism=fellowship, unknown_source/all, degree=all, citizenship=all). Sum only WITHIN measure_group (marginals overlap). 2017 relabels reconcile to one tuple."
pd_felshp_wmen_all_srces_v,1972,2016,postdoc,gender_mechanism,women,all,fellowship,all,all,all,all,"pre-2017 PD_NFR column; postdoc, measure_group=gender_mechanism; axes (gender=women, race=all, mechanism=fellowship, all/all, degree=all, citizenship=all). Sum only WITHIN measure_group (marginals overlap). 2017 relabels reconcile to one tuple."
pd_forgn_dual_degr_v,1972,2016,postdoc,citizenship_degree,all,all,all,all,all,dual,foreign,"pre-2017 PD_NFR column; postdoc, measure_group=citizenship_degree; axes (gender=all, race=all, mechanism=all, all/all, degree=dual, citizenship=foreign). Sum only WITHIN measure_group (marginals overlap). 2017 relabels reconcile to one tuple."
pd_forgn_dual_v,2017,2024,postdoc,citizenship_degree,all,all,all,all,all,dual,foreign,"post-2017 PD_NFR column; postdoc, measure_group=citizenship_degree; axes (gender=all, race=all, mechanism=all, all/all, degree=dual, citizenship=foreign). Sum only WITHIN measure_group (marginals overlap). 2017 relabels reconcile to one tuple."
pd_forgn_med_degr_v,1972,2016,postdoc,citizenship_degree,all,all,all,all,all,medical,foreign,"pre-2017 PD_NFR column; postdoc, measure_group=citizenship_degree; axes (gender=all, race=all, mechanism=all, all/all, degree=medical, citizenship=foreign). Sum only WITHIN measure_group (marginals overlap). 2017 relabels reconcile to one tuple."
pd_forgn_med_v,2017,2024,postdoc,citizenship_degree,all,all,all,all,all,medical,foreign,"post-2017 PD_NFR column; postdoc, measure_group=citizenship_degree; axes (gender=all, race=all, mechanism=all, all/all, degree=medical, citizenship=foreign). Sum only WITHIN measure_group (marginals overlap). 2017 relabels reconcile to one tuple."
pd_forgn_nmed_v,2017,2024,postdoc,citizenship_degree,all,all,all,all,all,nonmedical,foreign,"post-2017 PD_NFR column; postdoc, measure_group=citizenship_degree; axes (gender=all, race=all, mechanism=all, all/all, degree=nonmedical, citizenship=foreign). Sum only WITHIN measure_group (marginals overlap). 2017 relabels reconcile to one tuple."
pd_forgn_nonmed_degr_v,1972,2016,postdoc,citizenship_degree,all,all,all,all,all,nonmedical,foreign,"pre-2017 PD_NFR column; postdoc, measure_group=citizenship_degree; axes (gender=all, race=all, mechanism=all, all/all, degree=nonmedical, citizenship=foreign). Sum only WITHIN measure_group (marginals overlap). 2017 relabels reconcile to one tuple."
pd_forgn_unk_v,2017,2024,postdoc,citizenship_degree,all,all,all,all,all,unknown,foreign,"post-2017 PD_NFR column; postdoc, measure_group=citizenship_degree; axes (gender=all, race=all, mechanism=all, all/all, degree=unknown, citizenship=foreign). Sum only WITHIN measure_group (marginals overlap). 2017 relabels reconcile to one tuple."
pd_forgn_unknown_degr_v,1972,2016,postdoc,citizenship_degree,all,all,all,all,all,unknown,foreign,"pre-2017 PD_NFR column; postdoc, measure_group=citizenship_degree; axes (gender=all, race=all, mechanism=all, all/all, degree=unknown, citizenship=foreign). Sum only WITHIN measure_group (marginals overlap). 2017 relabels reconcile to one tuple."
pd_grt_all_v,2017,2024,postdoc,support,all,all,research_grant,all_sources,all,all,all,"post-2017 PD_NFR column; postdoc, measure_group=support; axes (gender=all, race=all, mechanism=research_grant, all_sources/all, degree=all, citizenship=all). Sum only WITHIN measure_group (marginals overlap). 2017 relabels reconcile to one tuple."
pd_grt_dual_v,2017,2024,postdoc,mechanism_degree,all,all,research_grant,all,all,dual,all,"post-2017 PD_NFR column; postdoc, measure_group=mechanism_degree; axes (gender=all, race=all, mechanism=research_grant, all/all, degree=dual, citizenship=all). Sum only WITHIN measure_group (marginals overlap). 2017 relabels reconcile to one tuple."
pd_grt_fed_all_v,2017,2024,postdoc,support,all,all,research_grant,federal,all,all,all,"post-2017 PD_NFR column; postdoc, measure_group=support; axes (gender=all, race=all, mechanism=research_grant, federal/all, degree=all, citizenship=all). Sum only WITHIN measure_group (marginals overlap). 2017 relabels reconcile to one tuple."
pd_grt_fed_doa_v,2017,2024,postdoc,support,all,all,research_grant,federal,USDA,all,all,"post-2017 PD_NFR column; postdoc, measure_group=support; axes (gender=all, race=all, mechanism=research_grant, federal/USDA, degree=all, citizenship=all). Sum only WITHIN measure_group (marginals overlap). 2017 relabels reconcile to one tuple."
pd_grt_fed_dod_v,2017,2024,postdoc,support,all,all,research_grant,federal,DOD,all,all,"post-2017 PD_NFR column; postdoc, measure_group=support; axes (gender=all, race=all, mechanism=research_grant, federal/DOD, degree=all, citizenship=all). Sum only WITHIN measure_group (marginals overlap). 2017 relabels reconcile to one tuple."
pd_grt_fed_doe_v,2017,2024,postdoc,support,all,all,research_grant,federal,DOE,all,all,"post-2017 PD_NFR column; postdoc, measure_group=support; axes (gender=all, race=all, mechanism=research_grant, federal/DOE, degree=all, citizenship=all). Sum only WITHIN measure_group (marginals overlap). 2017 relabels reconcile to one tuple."
pd_grt_fed_hhs_v,2017,2024,postdoc,support,all,all,research_grant,federal,HHS_other,all,all,"post-2017 PD_NFR column; postdoc, measure_group=support; axes (gender=all, race=all, mechanism=research_grant, federal/HHS_other, degree=all, citizenship=all). Sum only WITHIN measure_group (marginals overlap). 2017 relabels reconcile to one tuple."
pd_grt_fed_nasa_v,2017,2024,postdoc,support,all,all,research_grant,federal,NASA,all,all,"post-2017 PD_NFR column; postdoc, measure_group=support; axes (gender=all, race=all, mechanism=research_grant, federal/NASA, degree=all, citizenship=all). Sum only WITHIN measure_group (marginals overlap). 2017 relabels reconcile to one tuple."
pd_grt_fed_nih_v,2017,2024,postdoc,support,all,all,research_grant,federal,NIH,all,all,"post-2017 PD_NFR column; postdoc, measure_group=support; axes (gender=all, race=all, mechanism=research_grant, federal/NIH, degree=all, citizenship=all). Sum only WITHIN measure_group (marginals overlap). 2017 relabels reconcile to one tuple."
pd_grt_fed_nsf_v,2017,2024,postdoc,support,all,all,research_grant,federal,NSF,all,all,"post-2017 PD_NFR column; postdoc, measure_group=support; axes (gender=all, race=all, mechanism=research_grant, federal/NSF, degree=all, citizenship=all). Sum only WITHIN measure_group (marginals overlap). 2017 relabels reconcile to one tuple."
pd_grt_fed_oth_v,2017,2024,postdoc,support,all,all,research_grant,federal,other_federal,all,all,"post-2017 PD_NFR column; postdoc, measure_group=support; axes (gender=all, race=all, mechanism=research_grant, federal/other_federal, degree=all, citizenship=all). Sum only WITHIN measure_group (marginals overlap). 2017 relabels reconcile to one tuple."
pd_grt_med_v,2017,2024,postdoc,mechanism_degree,all,all,research_grant,all,all,medical,all,"post-2017 PD_NFR column; postdoc, measure_group=mechanism_degree; axes (gender=all, race=all, mechanism=research_grant, all/all, degree=medical, citizenship=all). Sum only WITHIN measure_group (marginals overlap). 2017 relabels reconcile to one tuple."
pd_grt_men_all_v,2017,2024,postdoc,gender_mechanism,men,all,research_grant,all,all,all,all,"post-2017 PD_NFR column; postdoc, measure_group=gender_mechanism; axes (gender=men, race=all, mechanism=research_grant, all/all, degree=all, citizenship=all). Sum only WITHIN measure_group (marginals overlap). 2017 relabels reconcile to one tuple."
pd_grt_nfed_all_v,2017,2024,postdoc,support,all,all,research_grant,nonfederal,all,all,all,"post-2017 PD_NFR column; postdoc, measure_group=support; axes (gender=all, race=all, mechanism=research_grant, nonfederal/all, degree=all, citizenship=all). Sum only WITHIN measure_group (marginals overlap). 2017 relabels reconcile to one tuple."
pd_grt_nfed_forgn_v,2017,2024,postdoc,support,all,all,research_grant,nonfederal,foreign,all,all,"post-2017 PD_NFR column; postdoc, measure_group=support; axes (gender=all, race=all, mechanism=research_grant, nonfederal/foreign, degree=all, citizenship=all). Sum only WITHIN measure_group (marginals overlap). 2017 relabels reconcile to one tuple."
pd_grt_nfed_inst_v,2017,2024,postdoc,support,all,all,research_grant,nonfederal,institutional,all,all,"post-2017 PD_NFR column; postdoc, measure_group=support; axes (gender=all, race=all, mechanism=research_grant, nonfederal/institutional, degree=all, citizenship=all). Sum only WITHIN measure_group (marginals overlap). 2017 relabels reconcile to one tuple."
pd_grt_nfed_othus_v,2017,2024,postdoc,support,all,all,research_grant,nonfederal,other_us,all,all,"post-2017 PD_NFR column; postdoc, measure_group=support; axes (gender=all, race=all, mechanism=research_grant, nonfederal/other_us, degree=all, citizenship=all). Sum only WITHIN measure_group (marginals overlap). 2017 relabels reconcile to one tuple."
pd_grt_nmed_v,2017,2024,postdoc,mechanism_degree,all,all,research_grant,all,all,nonmedical,all,"post-2017 PD_NFR column; postdoc, measure_group=mechanism_degree; axes (gender=all, race=all, mechanism=research_grant, all/all, degree=nonmedical, citizenship=all). Sum only WITHIN measure_group (marginals overlap). 2017 relabels reconcile to one tuple."
pd_grt_unk_sup_v,2017,2024,postdoc,support,all,all,research_grant,unknown_source,all,all,all,"post-2017 PD_NFR column; postdoc, measure_group=support; axes (gender=all, race=all, mechanism=research_grant, unknown_source/all, degree=all, citizenship=all). Sum only WITHIN measure_group (marginals overlap). 2017 relabels reconcile to one tuple."
pd_grt_unk_v,2017,2024,postdoc,mechanism_degree,all,all,research_grant,all,all,unknown,all,"post-2017 PD_NFR column; postdoc, measure_group=mechanism_degree; axes (gender=all, race=all, mechanism=research_grant, all/all, degree=unknown, citizenship=all). Sum only WITHIN measure_group (marginals overlap). 2017 relabels reconcile to one tuple."
pd_grt_wmen_all_v,2017,2024,postdoc,gender_mechanism,women,all,research_grant,all,all,all,all,"post-2017 PD_NFR column; postdoc, measure_group=gender_mechanism; axes (gender=women, race=all, mechanism=research_grant, all/all, degree=all, citizenship=all). Sum only WITHIN measure_group (marginals overlap). 2017 relabels reconcile to one tuple."
pd_men_all_races_v,1972,2024,postdoc,demographic,men,all_races,all,all,all,all,all,"spans 2017 PD_NFR column; postdoc, measure_group=demographic; axes (gender=men, race=all_races, mechanism=all, all/all, degree=all, citizenship=all). Sum only WITHIN measure_group (marginals overlap). 2017 relabels reconcile to one tuple."
pd_men_asian_v,1972,2024,postdoc,demographic,men,asian,all,all,all,all,all,"spans 2017 PD_NFR column; postdoc, measure_group=demographic; axes (gender=men, race=asian, mechanism=all, all/all, degree=all, citizenship=all). Sum only WITHIN measure_group (marginals overlap). 2017 relabels reconcile to one tuple."
pd_men_black_v,1972,2024,postdoc,demographic,men,black,all,all,all,all,all,"spans 2017 PD_NFR column; postdoc, measure_group=demographic; axes (gender=men, race=black, mechanism=all, all/all, degree=all, citizenship=all). Sum only WITHIN measure_group (marginals overlap). 2017 relabels reconcile to one tuple."
pd_men_forgn_v,1972,2024,postdoc,demographic,men,foreign,all,all,all,all,all,"spans 2017 PD_NFR column; postdoc, measure_group=demographic; axes (gender=men, race=foreign, mechanism=all, all/all, degree=all, citizenship=all). Sum only WITHIN measure_group (marginals overlap). 2017 relabels reconcile to one tuple."
pd_men_hisp_v,1972,2024,postdoc,demographic,men,hispanic,all,all,all,all,all,"spans 2017 PD_NFR column; postdoc, measure_group=demographic; axes (gender=men, race=hispanic, mechanism=all, all/all, degree=all, citizenship=all). Sum only WITHIN measure_group (marginals overlap). 2017 relabels reconcile to one tuple."
pd_men_indian_v,1972,2024,postdoc,demographic,men,american_indian,all,all,all,all,all,"spans 2017 PD_NFR column; postdoc, measure_group=demographic; axes (gender=men, race=american_indian, mechanism=all, all/all, degree=all, citizenship=all). Sum only WITHIN measure_group (marginals overlap). 2017 relabels reconcile to one tuple."
pd_men_multi_non_hisp_v,1972,2016,postdoc,demographic,men,multiracial,all,all,all,all,all,"pre-2017 PD_NFR column; postdoc, measure_group=demographic; axes (gender=men, race=multiracial, mechanism=all, all/all, degree=all, citizenship=all). Sum only WITHIN measure_group (marginals overlap). 2017 relabels reconcile to one tuple."
pd_men_multi_v,2017,2024,postdoc,demographic,men,multiracial,all,all,all,all,all,"post-2017 PD_NFR column; postdoc, measure_group=demographic; axes (gender=men, race=multiracial, mechanism=all, all/all, degree=all, citizenship=all). Sum only WITHIN measure_group (marginals overlap). 2017 relabels reconcile to one tuple."
pd_men_pacific_v,1972,2024,postdoc,demographic,men,pacific_islander,all,all,all,all,all,"spans 2017 PD_NFR column; postdoc, measure_group=demographic; axes (gender=men, race=pacific_islander, mechanism=all, all/all, degree=all, citizenship=all). Sum only WITHIN measure_group (marginals overlap). 2017 relabels reconcile to one tuple."
pd_men_unk_v,2017,2024,postdoc,demographic,men,unknown,all,all,all,all,all,"post-2017 PD_NFR column; postdoc, measure_group=demographic; axes (gender=men, race=unknown, mechanism=all, all/all, degree=all, citizenship=all). Sum only WITHIN measure_group (marginals overlap). 2017 relabels reconcile to one tuple."
pd_men_unknown_v,1972,2016,postdoc,demographic,men,unknown,all,all,all,all,all,"pre-2017 PD_NFR column; postdoc, measure_group=demographic; axes (gender=men, race=unknown, mechanism=all, all/all, degree=all, citizenship=all). Sum only WITHIN measure_group (marginals overlap). 2017 relabels reconcile to one tuple."
pd_men_white_v,1972,2024,postdoc,demographic,men,white,all,all,all,all,all,"spans 2017 PD_NFR column; postdoc, measure_group=demographic; axes (gender=men, race=white, mechanism=all, all/all, degree=all, citizenship=all). Sum only WITHIN measure_group (marginals overlap). 2017 relabels reconcile to one tuple."
pd_om_all_v,2017,2024,postdoc,support,all,all,other,all_sources,all,all,all,"post-2017 PD_NFR column; postdoc, measure_group=support; axes (gender=all, race=all, mechanism=other, all_sources/all, degree=all, citizenship=all). Sum only WITHIN measure_group (marginals overlap). 2017 relabels reconcile to one tuple."
pd_om_dual_v,2017,2024,postdoc,mechanism_degree,all,all,other,all,all,dual,all,"post-2017 PD_NFR column; postdoc, measure_group=mechanism_degree; axes (gender=all, race=all, mechanism=other, all/all, degree=dual, citizenship=all). Sum only WITHIN measure_group (marginals overlap). 2017 relabels reconcile to one tuple."
pd_om_fed_all_v,2017,2024,postdoc,support,all,all,other,federal,all,all,all,"post-2017 PD_NFR column; postdoc, measure_group=support; axes (gender=all, race=all, mechanism=other, federal/all, degree=all, citizenship=all). Sum only WITHIN measure_group (marginals overlap). 2017 relabels reconcile to one tuple."
pd_om_fed_doa_v,2017,2024,postdoc,support,all,all,other,federal,USDA,all,all,"post-2017 PD_NFR column; postdoc, measure_group=support; axes (gender=all, race=all, mechanism=other, federal/USDA, degree=all, citizenship=all). Sum only WITHIN measure_group (marginals overlap). 2017 relabels reconcile to one tuple."
pd_om_fed_dod_v,2017,2024,postdoc,support,all,all,other,federal,DOD,all,all,"post-2017 PD_NFR column; postdoc, measure_group=support; axes (gender=all, race=all, mechanism=other, federal/DOD, degree=all, citizenship=all). Sum only WITHIN measure_group (marginals overlap). 2017 relabels reconcile to one tuple."
pd_om_fed_doe_v,2017,2024,postdoc,support,all,all,other,federal,DOE,all,all,"post-2017 PD_NFR column; postdoc, measure_group=support; axes (gender=all, race=all, mechanism=other, federal/DOE, degree=all, citizenship=all). Sum only WITHIN measure_group (marginals overlap). 2017 relabels reconcile to one tuple."
pd_om_fed_hhs_v,2017,2024,postdoc,support,all,all,other,federal,HHS_other,all,all,"post-2017 PD_NFR column; postdoc, measure_group=support; axes (gender=all, race=all, mechanism=other, federal/HHS_other, degree=all, citizenship=all). Sum only WITHIN measure_group (marginals overlap). 2017 relabels reconcile to one tuple."
pd_om_fed_nasa_v,2017,2024,postdoc,support,all,all,other,federal,NASA,all,all,"post-2017 PD_NFR column; postdoc, measure_group=support; axes (gender=all, race=all, mechanism=other, federal/NASA, degree=all, citizenship=all). Sum only WITHIN measure_group (marginals overlap). 2017 relabels reconcile to one tuple."
pd_om_fed_nih_v,2017,2024,postdoc,support,all,all,other,federal,NIH,all,all,"post-2017 PD_NFR column; postdoc, measure_group=support; axes (gender=all, race=all, mechanism=other, federal/NIH, degree=all, citizenship=all). Sum only WITHIN measure_group (marginals overlap). 2017 relabels reconcile to one tuple."
pd_om_fed_nsf_v,2017,2024,postdoc,support,all,all,other,federal,NSF,all,all,"post-2017 PD_NFR column; postdoc, measure_group=support; axes (gender=all, race=all, mechanism=other, federal/NSF, degree=all, citizenship=all). Sum only WITHIN measure_group (marginals overlap). 2017 relabels reconcile to one tuple."
pd_om_fed_oth_v,2017,2024,postdoc,support,all,all,other,federal,other_federal,all,all,"post-2017 PD_NFR column; postdoc, measure_group=support; axes (gender=all, race=all, mechanism=other, federal/other_federal, degree=all, citizenship=all). Sum only WITHIN measure_group (marginals overlap). 2017 relabels reconcile to one tuple."
pd_om_med_v,2017,2024,postdoc,mechanism_degree,all,all,other,all,all,medical,all,"post-2017 PD_NFR column; postdoc, measure_group=mechanism_degree; axes (gender=all, race=all, mechanism=other, all/all, degree=medical, citizenship=all). Sum only WITHIN measure_group (marginals overlap). 2017 relabels reconcile to one tuple."
pd_om_men_all_v,2017,2024,postdoc,gender_mechanism,men,all,other,all,all,all,all,"post-2017 PD_NFR column; postdoc, measure_group=gender_mechanism; axes (gender=men, race=all, mechanism=other, all/all, degree=all, citizenship=all). Sum only WITHIN measure_group (marginals overlap). 2017 relabels reconcile to one tuple."
pd_om_nfed_all_v,2017,2024,postdoc,support,all,all,other,nonfederal,all,all,all,"post-2017 PD_NFR column; postdoc, measure_group=support; axes (gender=all, race=all, mechanism=other, nonfederal/all, degree=all, citizenship=all). Sum only WITHIN measure_group (marginals overlap). 2017 relabels reconcile to one tuple."
pd_om_nfed_forgn_v,2017,2024,postdoc,support,all,all,other,nonfederal,foreign,all,all,"post-2017 PD_NFR column; postdoc, measure_group=support; axes (gender=all, race=all, mechanism=other, nonfederal/foreign, degree=all, citizenship=all). Sum only WITHIN measure_group (marginals overlap). 2017 relabels reconcile to one tuple."
pd_om_nfed_inst_v,2017,2024,postdoc,support,all,all,other,nonfederal,institutional,all,all,"post-2017 PD_NFR column; postdoc, measure_group=support; axes (gender=all, race=all, mechanism=other, nonfederal/institutional, degree=all, citizenship=all). Sum only WITHIN measure_group (marginals overlap). 2017 relabels reconcile to one tuple."
pd_om_nfed_othus_v,2017,2024,postdoc,support,all,all,other,nonfederal,other_us,all,all,"post-2017 PD_NFR column; postdoc, measure_group=support; axes (gender=all, race=all, mechanism=other, nonfederal/other_us, degree=all, citizenship=all). Sum only WITHIN measure_group (marginals overlap). 2017 relabels reconcile to one tuple."
pd_om_nmed_v,2017,2024,postdoc,mechanism_degree,all,all,other,all,all,nonmedical,all,"post-2017 PD_NFR column; postdoc, measure_group=mechanism_degree; axes (gender=all, race=all, mechanism=other, all/all, degree=nonmedical, citizenship=all). Sum only WITHIN measure_group (marginals overlap). 2017 relabels reconcile to one tuple."
pd_om_self_sup_v,2017,2024,postdoc,support,all,all,other,self_support,all,all,all,"post-2017 PD_NFR column; postdoc, measure_group=support; axes (gender=all, race=all, mechanism=other, self_support/all, degree=all, citizenship=all). Sum only WITHIN measure_group (marginals overlap). 2017 relabels reconcile to one tuple."
pd_om_unk_sup_v,2017,2024,postdoc,support,all,all,other,unknown_source,all,all,all,"post-2017 PD_NFR column; postdoc, measure_group=support; axes (gender=all, race=all, mechanism=other, unknown_source/all, degree=all, citizenship=all). Sum only WITHIN measure_group (marginals overlap). 2017 relabels reconcile to one tuple."
pd_om_unk_v,2017,2024,postdoc,mechanism_degree,all,all,other,all,all,unknown,all,"post-2017 PD_NFR column; postdoc, measure_group=mechanism_degree; axes (gender=all, race=all, mechanism=other, all/all, degree=unknown, citizenship=all). Sum only WITHIN measure_group (marginals overlap). 2017 relabels reconcile to one tuple."
pd_om_wmen_all_v,2017,2024,postdoc,gender_mechanism,women,all,other,all,all,all,all,"post-2017 PD_NFR column; postdoc, measure_group=gender_mechanism; axes (gender=women, race=all, mechanism=other, all/all, degree=all, citizenship=all). Sum only WITHIN measure_group (marginals overlap). 2017 relabels reconcile to one tuple."
pd_oth_mech_all_srces_v,1972,2016,postdoc,support,all,all,other,all_sources,all,all,all,"pre-2017 PD_NFR column; postdoc, measure_group=support; axes (gender=all, race=all, mechanism=other, all_sources/all, degree=all, citizenship=all). Sum only WITHIN measure_group (marginals overlap). 2017 relabels reconcile to one tuple."
pd_oth_mech_dual_degr_v,1972,2016,postdoc,mechanism_degree,all,all,other,all,all,dual,all,"pre-2017 PD_NFR column; postdoc, measure_group=mechanism_degree; axes (gender=all, race=all, mechanism=other, all/all, degree=dual, citizenship=all). Sum only WITHIN measure_group (marginals overlap). 2017 relabels reconcile to one tuple."
pd_oth_mech_fed_all_srces_v,1972,2016,postdoc,support,all,all,other,federal,all,all,all,"pre-2017 PD_NFR column; postdoc, measure_group=support; axes (gender=all, race=all, mechanism=other, federal/all, degree=all, citizenship=all). Sum only WITHIN measure_group (marginals overlap). 2017 relabels reconcile to one tuple."
pd_oth_mech_fed_doa_v,1972,2016,postdoc,support,all,all,other,federal,USDA,all,all,"pre-2017 PD_NFR column; postdoc, measure_group=support; axes (gender=all, race=all, mechanism=other, federal/USDA, degree=all, citizenship=all). Sum only WITHIN measure_group (marginals overlap). 2017 relabels reconcile to one tuple."
pd_oth_mech_fed_dod_v,1972,2016,postdoc,support,all,all,other,federal,DOD,all,all,"pre-2017 PD_NFR column; postdoc, measure_group=support; axes (gender=all, race=all, mechanism=other, federal/DOD, degree=all, citizenship=all). Sum only WITHIN measure_group (marginals overlap). 2017 relabels reconcile to one tuple."
pd_oth_mech_fed_doe_v,1972,2016,postdoc,support,all,all,other,federal,DOE,all,all,"pre-2017 PD_NFR column; postdoc, measure_group=support; axes (gender=all, race=all, mechanism=other, federal/DOE, degree=all, citizenship=all). Sum only WITHIN measure_group (marginals overlap). 2017 relabels reconcile to one tuple."
pd_oth_mech_fed_hhs_nih_v,1972,2016,postdoc,support,all,all,other,federal,NIH,all,all,"pre-2017 PD_NFR column; postdoc, measure_group=support; axes (gender=all, race=all, mechanism=other, federal/NIH, degree=all, citizenship=all). Sum only WITHIN measure_group (marginals overlap). 2017 relabels reconcile to one tuple."
pd_oth_mech_fed_hhs_oth_v,1972,2016,postdoc,support,all,all,other,federal,HHS_other,all,all,"pre-2017 PD_NFR column; postdoc, measure_group=support; axes (gender=all, race=all, mechanism=other, federal/HHS_other, degree=all, citizenship=all). Sum only WITHIN measure_group (marginals overlap). 2017 relabels reconcile to one tuple."
pd_oth_mech_fed_nasa_v,1972,2016,postdoc,support,all,all,other,federal,NASA,all,all,"pre-2017 PD_NFR column; postdoc, measure_group=support; axes (gender=all, race=all, mechanism=other, federal/NASA, degree=all, citizenship=all). Sum only WITHIN measure_group (marginals overlap). 2017 relabels reconcile to one tuple."
pd_oth_mech_fed_nsf_v,1972,2016,postdoc,support,all,all,other,federal,NSF,all,all,"pre-2017 PD_NFR column; postdoc, measure_group=support; axes (gender=all, race=all, mechanism=other, federal/NSF, degree=all, citizenship=all). Sum only WITHIN measure_group (marginals overlap). 2017 relabels reconcile to one tuple."
pd_oth_mech_fed_oth_v,1972,2016,postdoc,support,all,all,other,federal,other_federal,all,all,"pre-2017 PD_NFR column; postdoc, measure_group=support; axes (gender=all, race=all, mechanism=other, federal/other_federal, degree=all, citizenship=all). Sum only WITHIN measure_group (marginals overlap). 2017 relabels reconcile to one tuple."
pd_oth_mech_med_degr_v,1972,2016,postdoc,mechanism_degree,all,all,other,all,all,medical,all,"pre-2017 PD_NFR column; postdoc, measure_group=mechanism_degree; axes (gender=all, race=all, mechanism=other, all/all, degree=medical, citizenship=all). Sum only WITHIN measure_group (marginals overlap). 2017 relabels reconcile to one tuple."
pd_oth_mech_men_all_srces_v,1972,2016,postdoc,gender_mechanism,men,all,other,all,all,all,all,"pre-2017 PD_NFR column; postdoc, measure_group=gender_mechanism; axes (gender=men, race=all, mechanism=other, all/all, degree=all, citizenship=all). Sum only WITHIN measure_group (marginals overlap). 2017 relabels reconcile to one tuple."
pd_oth_mech_nonfed_all_srces_v,1972,2016,postdoc,support,all,all,other,nonfederal,all,all,all,"pre-2017 PD_NFR column; postdoc, measure_group=support; axes (gender=all, race=all, mechanism=other, nonfederal/all, degree=all, citizenship=all). Sum only WITHIN measure_group (marginals overlap). 2017 relabels reconcile to one tuple."
pd_oth_mech_nonfed_forgn_v,1972,2016,postdoc,support,all,all,other,nonfederal,foreign,all,all,"pre-2017 PD_NFR column; postdoc, measure_group=support; axes (gender=all, race=all, mechanism=other, nonfederal/foreign, degree=all, citizenship=all). Sum only WITHIN measure_group (marginals overlap). 2017 relabels reconcile to one tuple."
pd_oth_mech_nonfed_inst_sup_v,1972,2016,postdoc,support,all,all,other,nonfederal,institutional,all,all,"pre-2017 PD_NFR column; postdoc, measure_group=support; axes (gender=all, race=all, mechanism=other, nonfederal/institutional, degree=all, citizenship=all). Sum only WITHIN measure_group (marginals overlap). 2017 relabels reconcile to one tuple."
pd_oth_mech_nonfed_oth_us_v,1972,2016,postdoc,support,all,all,other,nonfederal,other_us,all,all,"pre-2017 PD_NFR column; postdoc, measure_group=support; axes (gender=all, race=all, mechanism=other, nonfederal/other_us, degree=all, citizenship=all). Sum only WITHIN measure_group (marginals overlap). 2017 relabels reconcile to one tuple."
pd_oth_mech_nonmed_degr_v,1972,2016,postdoc,mechanism_degree,all,all,other,all,all,nonmedical,all,"pre-2017 PD_NFR column; postdoc, measure_group=mechanism_degree; axes (gender=all, race=all, mechanism=other, all/all, degree=nonmedical, citizenship=all). Sum only WITHIN measure_group (marginals overlap). 2017 relabels reconcile to one tuple."
pd_oth_mech_self_sup_v,1972,2016,postdoc,support,all,all,other,self_support,all,all,all,"pre-2017 PD_NFR column; postdoc, measure_group=support; axes (gender=all, race=all, mechanism=other, self_support/all, degree=all, citizenship=all). Sum only WITHIN measure_group (marginals overlap). 2017 relabels reconcile to one tuple."
pd_oth_mech_unknown_degr_v,1972,2016,postdoc,mechanism_degree,all,all,other,all,all,unknown,all,"pre-2017 PD_NFR column; postdoc, measure_group=mechanism_degree; axes (gender=all, race=all, mechanism=other, all/all, degree=unknown, citizenship=all). Sum only WITHIN measure_group (marginals overlap). 2017 relabels reconcile to one tuple."
pd_oth_mech_unknown_sup_v,1972,2016,postdoc,support,all,all,other,unknown_source,all,all,all,"pre-2017 PD_NFR column; postdoc, measure_group=support; axes (gender=all, race=all, mechanism=other, unknown_source/all, degree=all, citizenship=all). Sum only WITHIN measure_group (marginals overlap). 2017 relabels reconcile to one tuple."
pd_oth_mech_wmen_all_srces_v,1972,2016,postdoc,gender_mechanism,women,all,other,all,all,all,all,"pre-2017 PD_NFR column; postdoc, measure_group=gender_mechanism; axes (gender=women, race=all, mechanism=other, all/all, degree=all, citizenship=all). Sum only WITHIN measure_group (marginals overlap). 2017 relabels reconcile to one tuple."
pd_rsch_grnt_all_srces_v,1972,2016,postdoc,support,all,all,research_grant,all_sources,all,all,all,"pre-2017 PD_NFR column; postdoc, measure_group=support; axes (gender=all, race=all, mechanism=research_grant, all_sources/all, degree=all, citizenship=all). Sum only WITHIN measure_group (marginals overlap). 2017 relabels reconcile to one tuple."
pd_rsch_grnt_dual_degr_v,1972,2016,postdoc,mechanism_degree,all,all,research_grant,all,all,dual,all,"pre-2017 PD_NFR column; postdoc, measure_group=mechanism_degree; axes (gender=all, race=all, mechanism=research_grant, all/all, degree=dual, citizenship=all). Sum only WITHIN measure_group (marginals overlap). 2017 relabels reconcile to one tuple."
pd_rsch_grnt_fed_all_srces_v,1972,2016,postdoc,support,all,all,research_grant,federal,all,all,all,"pre-2017 PD_NFR column; postdoc, measure_group=support; axes (gender=all, race=all, mechanism=research_grant, federal/all, degree=all, citizenship=all). Sum only WITHIN measure_group (marginals overlap). 2017 relabels reconcile to one tuple."
pd_rsch_grnt_fed_doa_v,1972,2016,postdoc,support,all,all,research_grant,federal,USDA,all,all,"pre-2017 PD_NFR column; postdoc, measure_group=support; axes (gender=all, race=all, mechanism=research_grant, federal/USDA, degree=all, citizenship=all). Sum only WITHIN measure_group (marginals overlap). 2017 relabels reconcile to one tuple."
pd_rsch_grnt_fed_dod_v,1972,2016,postdoc,support,all,all,research_grant,federal,DOD,all,all,"pre-2017 PD_NFR column; postdoc, measure_group=support; axes (gender=all, race=all, mechanism=research_grant, federal/DOD, degree=all, citizenship=all). Sum only WITHIN measure_group (marginals overlap). 2017 relabels reconcile to one tuple."
pd_rsch_grnt_fed_doe_v,1972,2016,postdoc,support,all,all,research_grant,federal,DOE,all,all,"pre-2017 PD_NFR column; postdoc, measure_group=support; axes (gender=all, race=all, mechanism=research_grant, federal/DOE, degree=all, citizenship=all). Sum only WITHIN measure_group (marginals overlap). 2017 relabels reconcile to one tuple."
pd_rsch_grnt_fed_hhs_nih_v,1972,2016,postdoc,support,all,all,research_grant,federal,NIH,all,all,"pre-2017 PD_NFR column; postdoc, measure_group=support; axes (gender=all, race=all, mechanism=research_grant, federal/NIH, degree=all, citizenship=all). Sum only WITHIN measure_group (marginals overlap). 2017 relabels reconcile to one tuple."
pd_rsch_grnt_fed_hhs_oth_v,1972,2016,postdoc,support,all,all,research_grant,federal,HHS_other,all,all,"pre-2017 PD_NFR column; postdoc, measure_group=support; axes (gender=all, race=all, mechanism=research_grant, federal/HHS_other, degree=all, citizenship=all). Sum only WITHIN measure_group (marginals overlap). 2017 relabels reconcile to one tuple."
pd_rsch_grnt_fed_nasa_v,1972,2016,postdoc,support,all,all,research_grant,federal,NASA,all,all,"pre-2017 PD_NFR column; postdoc, measure_group=support; axes (gender=all, race=all, mechanism=research_grant, federal/NASA, degree=all, citizenship=all). Sum only WITHIN measure_group (marginals overlap). 2017 relabels reconcile to one tuple."
pd_rsch_grnt_fed_nsf_v,1972,2016,postdoc,support,all,all,research_grant,federal,NSF,all,all,"pre-2017 PD_NFR column; postdoc, measure_group=support; axes (gender=all, race=all, mechanism=research_grant, federal/NSF, degree=all, citizenship=all). Sum only WITHIN measure_group (marginals overlap). 2017 relabels reconcile to one tuple."
pd_rsch_grnt_fed_oth_v,1972,2016,postdoc,support,all,all,research_grant,federal,other_federal,all,all,"pre-2017 PD_NFR column; postdoc, measure_group=support; axes (gender=all, race=all, mechanism=research_grant, federal/other_federal, degree=all, citizenship=all). Sum only WITHIN measure_group (marginals overlap). 2017 relabels reconcile to one tuple."
pd_rsch_grnt_med_degr_v,1972,2016,postdoc,mechanism_degree,all,all,research_grant,all,all,medical,all,"pre-2017 PD_NFR column; postdoc, measure_group=mechanism_degree; axes (gender=all, race=all, mechanism=research_grant, all/all, degree=medical, citizenship=all). Sum only WITHIN measure_group (marginals overlap). 2017 relabels reconcile to one tuple."
pd_rsch_grnt_men_all_srces_v,1972,2016,postdoc,gender_mechanism,men,all,research_grant,all,all,all,all,"pre-2017 PD_NFR column; postdoc, measure_group=gender_mechanism; axes (gender=men, race=all, mechanism=research_grant, all/all, degree=all, citizenship=all). Sum only WITHIN measure_group (marginals overlap). 2017 relabels reconcile to one tuple."
pd_rsch_grnt_nonfed_all_srces_v,1972,2016,postdoc,support,all,all,research_grant,nonfederal,all,all,all,"pre-2017 PD_NFR column; postdoc, measure_group=support; axes (gender=all, race=all, mechanism=research_grant, nonfederal/all, degree=all, citizenship=all). Sum only WITHIN measure_group (marginals overlap). 2017 relabels reconcile to one tuple."
pd_rsch_grnt_nonfed_forgn_v,1972,2016,postdoc,support,all,all,research_grant,nonfederal,foreign,all,all,"pre-2017 PD_NFR column; postdoc, measure_group=support; axes (gender=all, race=all, mechanism=research_grant, nonfederal/foreign, degree=all, citizenship=all). Sum only WITHIN measure_group (marginals overlap). 2017 relabels reconcile to one tuple."
pd_rsch_grnt_nonfed_inst_sup_v,1972,2016,postdoc,support,all,all,research_grant,nonfederal,institutional,all,all,"pre-2017 PD_NFR column; postdoc, measure_group=support; axes (gender=all, race=all, mechanism=research_grant, nonfederal/institutional, degree=all, citizenship=all). Sum only WITHIN measure_group (marginals overlap). 2017 relabels reconcile to one tuple."
pd_rsch_grnt_nonfed_oth_us_v,1972,2016,postdoc,support,all,all,research_grant,nonfederal,other_us,all,all,"pre-2017 PD_NFR column; postdoc, measure_group=support; axes (gender=all, race=all, mechanism=research_grant, nonfederal/other_us, degree=all, citizenship=all). Sum only WITHIN measure_group (marginals overlap). 2017 relabels reconcile to one tuple."
pd_rsch_grnt_nonmed_degr_v,1972,2016,postdoc,mechanism_degree,all,all,research_grant,all,all,nonmedical,all,"pre-2017 PD_NFR column; postdoc, measure_group=mechanism_degree; axes (gender=all, race=all, mechanism=research_grant, all/all, degree=nonmedical, citizenship=all). Sum only WITHIN measure_group (marginals overlap). 2017 relabels reconcile to one tuple."
pd_rsch_grnt_unknown_degr_v,1972,2016,postdoc,mechanism_degree,all,all,research_grant,all,all,unknown,all,"pre-2017 PD_NFR column; postdoc, measure_group=mechanism_degree; axes (gender=all, race=all, mechanism=research_grant, all/all, degree=unknown, citizenship=all). Sum only WITHIN measure_group (marginals overlap). 2017 relabels reconcile to one tuple."
pd_rsch_grnt_unknown_sup_v,1972,2016,postdoc,support,all,all,research_grant,unknown_source,all,all,all,"pre-2017 PD_NFR column; postdoc, measure_group=support; axes (gender=all, race=all, mechanism=research_grant, unknown_source/all, degree=all, citizenship=all). Sum only WITHIN measure_group (marginals overlap). 2017 relabels reconcile to one tuple."
pd_rsch_grnt_wmen_all_srces_v,1972,2016,postdoc,gender_mechanism,women,all,research_grant,all,all,all,all,"pre-2017 PD_NFR column; postdoc, measure_group=gender_mechanism; axes (gender=women, race=all, mechanism=research_grant, all/all, degree=all, citizenship=all). Sum only WITHIN measure_group (marginals overlap). 2017 relabels reconcile to one tuple."
pd_tot_all_races_v,1972,2024,postdoc,demographic,total,all_races,all,all,all,all,all,"spans 2017 PD_NFR column; postdoc, measure_group=demographic; axes (gender=total, race=all_races, mechanism=all, all/all, degree=all, citizenship=all). Sum only WITHIN measure_group (marginals overlap). 2017 relabels reconcile to one tuple."
pd_tot_all_srces_v,1972,2016,postdoc,support,all,all,all,all_sources,all,all,all,"pre-2017 PD_NFR column; postdoc, measure_group=support; axes (gender=all, race=all, mechanism=all, all_sources/all, degree=all, citizenship=all). Sum only WITHIN measure_group (marginals overlap). 2017 relabels reconcile to one tuple."
pd_tot_all_v,2017,2024,postdoc,support,all,all,all,all_sources,all,all,all,"post-2017 PD_NFR column; postdoc, measure_group=support; axes (gender=all, race=all, mechanism=all, all_sources/all, degree=all, citizenship=all). Sum only WITHIN measure_group (marginals overlap). 2017 relabels reconcile to one tuple."
pd_tot_asian_v,1972,2024,postdoc,demographic,total,asian,all,all,all,all,all,"spans 2017 PD_NFR column; postdoc, measure_group=demographic; axes (gender=total, race=asian, mechanism=all, all/all, degree=all, citizenship=all). Sum only WITHIN measure_group (marginals overlap). 2017 relabels reconcile to one tuple."
pd_tot_black_v,1972,2024,postdoc,demographic,total,black,all,all,all,all,all,"spans 2017 PD_NFR column; postdoc, measure_group=demographic; axes (gender=total, race=black, mechanism=all, all/all, degree=all, citizenship=all). Sum only WITHIN measure_group (marginals overlap). 2017 relabels reconcile to one tuple."
pd_tot_cit_dual_degr_v,1972,2016,postdoc,citizenship_degree,all,all,all,all,all,dual,all,"pre-2017 PD_NFR column; postdoc, measure_group=citizenship_degree; axes (gender=all, race=all, mechanism=all, all/all, degree=dual, citizenship=all). Sum only WITHIN measure_group (marginals overlap). 2017 relabels reconcile to one tuple."
pd_tot_cit_dual_v,2017,2024,postdoc,citizenship_degree,all,all,all,all,all,dual,all,"post-2017 PD_NFR column; postdoc, measure_group=citizenship_degree; axes (gender=all, race=all, mechanism=all, all/all, degree=dual, citizenship=all). Sum only WITHIN measure_group (marginals overlap). 2017 relabels reconcile to one tuple."
pd_tot_cit_med_degr_v,1972,2016,postdoc,citizenship_degree,all,all,all,all,all,medical,all,"pre-2017 PD_NFR column; postdoc, measure_group=citizenship_degree; axes (gender=all, race=all, mechanism=all, all/all, degree=medical, citizenship=all). Sum only WITHIN measure_group (marginals overlap). 2017 relabels reconcile to one tuple."
pd_tot_cit_med_v,2017,2024,postdoc,citizenship_degree,all,all,all,all,all,medical,all,"post-2017 PD_NFR column; postdoc, measure_group=citizenship_degree; axes (gender=all, race=all, mechanism=all, all/all, degree=medical, citizenship=all). Sum only WITHIN measure_group (marginals overlap). 2017 relabels reconcile to one tuple."
pd_tot_cit_nmed_v,2017,2024,postdoc,citizenship_degree,all,all,all,all,all,nonmedical,all,"post-2017 PD_NFR column; postdoc, measure_group=citizenship_degree; axes (gender=all, race=all, mechanism=all, all/all, degree=nonmedical, citizenship=all). Sum only WITHIN measure_group (marginals overlap). 2017 relabels reconcile to one tuple."
pd_tot_cit_nonmed_degr_v,1972,2016,postdoc,citizenship_degree,all,all,all,all,all,nonmedical,all,"pre-2017 PD_NFR column; postdoc, measure_group=citizenship_degree; axes (gender=all, race=all, mechanism=all, all/all, degree=nonmedical, citizenship=all). Sum only WITHIN measure_group (marginals overlap). 2017 relabels reconcile to one tuple."
pd_tot_cit_unk_v,2017,2024,postdoc,citizenship_degree,all,all,all,all,all,unknown,all,"post-2017 PD_NFR column; postdoc, measure_group=citizenship_degree; axes (gender=all, race=all, mechanism=all, all/all, degree=unknown, citizenship=all). Sum only WITHIN measure_group (marginals overlap). 2017 relabels reconcile to one tuple."
pd_tot_cit_unknown_degr_v,1972,2016,postdoc,citizenship_degree,all,all,all,all,all,unknown,all,"pre-2017 PD_NFR column; postdoc, measure_group=citizenship_degree; axes (gender=all, race=all, mechanism=all, all/all, degree=unknown, citizenship=all). Sum only WITHIN measure_group (marginals overlap). 2017 relabels reconcile to one tuple."
pd_tot_dual_degr_v,1972,2016,postdoc,mechanism_degree,all,all,all,all,all,dual,all,"pre-2017 PD_NFR column; postdoc, measure_group=mechanism_degree; axes (gender=all, race=all, mechanism=all, all/all, degree=dual, citizenship=all). Sum only WITHIN measure_group (marginals overlap). 2017 relabels reconcile to one tuple."
pd_tot_dual_v,2017,2024,postdoc,mechanism_degree,all,all,all,all,all,dual,all,"post-2017 PD_NFR column; postdoc, measure_group=mechanism_degree; axes (gender=all, race=all, mechanism=all, all/all, degree=dual, citizenship=all). Sum only WITHIN measure_group (marginals overlap). 2017 relabels reconcile to one tuple."
pd_tot_fed_all_srces_v,1972,2016,postdoc,support,all,all,all,federal,all,all,all,"pre-2017 PD_NFR column; postdoc, measure_group=support; axes (gender=all, race=all, mechanism=all, federal/all, degree=all, citizenship=all). Sum only WITHIN measure_group (marginals overlap). 2017 relabels reconcile to one tuple."
pd_tot_fed_all_v,2017,2024,postdoc,support,all,all,all,federal,all,all,all,"post-2017 PD_NFR column; postdoc, measure_group=support; axes (gender=all, race=all, mechanism=all, federal/all, degree=all, citizenship=all). Sum only WITHIN measure_group (marginals overlap). 2017 relabels reconcile to one tuple."
pd_tot_fed_doa_v,1972,2024,postdoc,support,all,all,all,federal,USDA,all,all,"spans 2017 PD_NFR column; postdoc, measure_group=support; axes (gender=all, race=all, mechanism=all, federal/USDA, degree=all, citizenship=all). Sum only WITHIN measure_group (marginals overlap). 2017 relabels reconcile to one tuple."
pd_tot_fed_dod_v,1972,2024,postdoc,support,all,all,all,federal,DOD,all,all,"spans 2017 PD_NFR column; postdoc, measure_group=support; axes (gender=all, race=all, mechanism=all, federal/DOD, degree=all, citizenship=all). Sum only WITHIN measure_group (marginals overlap). 2017 relabels reconcile to one tuple."
pd_tot_fed_doe_v,1972,2024,postdoc,support,all,all,all,federal,DOE,all,all,"spans 2017 PD_NFR column; postdoc, measure_group=support; axes (gender=all, race=all, mechanism=all, federal/DOE, degree=all, citizenship=all). Sum only WITHIN measure_group (marginals overlap). 2017 relabels reconcile to one tuple."
pd_tot_fed_hhs_nih_v,1972,2016,postdoc,support,all,all,all,federal,NIH,all,all,"pre-2017 PD_NFR column; postdoc, measure_group=support; axes (gender=all, race=all, mechanism=all, federal/NIH, degree=all, citizenship=all). Sum only WITHIN measure_group (marginals overlap). 2017 relabels reconcile to one tuple."
pd_tot_fed_hhs_oth_v,1972,2016,postdoc,support,all,all,all,federal,HHS_other,all,all,"pre-2017 PD_NFR column; postdoc, measure_group=support; axes (gender=all, race=all, mechanism=all, federal/HHS_other, degree=all, citizenship=all). Sum only WITHIN measure_group (marginals overlap). 2017 relabels reconcile to one tuple."
pd_tot_fed_hhs_v,2017,2024,postdoc,support,all,all,all,federal,HHS_other,all,all,"post-2017 PD_NFR column; postdoc, measure_group=support; axes (gender=all, race=all, mechanism=all, federal/HHS_other, degree=all, citizenship=all). Sum only WITHIN measure_group (marginals overlap). 2017 relabels reconcile to one tuple."
pd_tot_fed_nasa_v,1972,2024,postdoc,support,all,all,all,federal,NASA,all,all,"spans 2017 PD_NFR column; postdoc, measure_group=support; axes (gender=all, race=all, mechanism=all, federal/NASA, degree=all, citizenship=all). Sum only WITHIN measure_group (marginals overlap). 2017 relabels reconcile to one tuple."
pd_tot_fed_nih_v,2017,2024,postdoc,support,all,all,all,federal,NIH,all,all,"post-2017 PD_NFR column; postdoc, measure_group=support; axes (gender=all, race=all, mechanism=all, federal/NIH, degree=all, citizenship=all). Sum only WITHIN measure_group (marginals overlap). 2017 relabels reconcile to one tuple."
pd_tot_fed_nsf_v,1972,2024,postdoc,support,all,all,all,federal,NSF,all,all,"spans 2017 PD_NFR column; postdoc, measure_group=support; axes (gender=all, race=all, mechanism=all, federal/NSF, degree=all, citizenship=all). Sum only WITHIN measure_group (marginals overlap). 2017 relabels reconcile to one tuple."
pd_tot_fed_oth_v,1972,2024,postdoc,support,all,all,all,federal,other_federal,all,all,"spans 2017 PD_NFR column; postdoc, measure_group=support; axes (gender=all, race=all, mechanism=all, federal/other_federal, degree=all, citizenship=all). Sum only WITHIN measure_group (marginals overlap). 2017 relabels reconcile to one tuple."
pd_tot_forgn_v,1972,2024,postdoc,demographic,total,foreign,all,all,all,all,all,"spans 2017 PD_NFR column; postdoc, measure_group=demographic; axes (gender=total, race=foreign, mechanism=all, all/all, degree=all, citizenship=all). Sum only WITHIN measure_group (marginals overlap). 2017 relabels reconcile to one tuple."
pd_tot_hisp_v,1972,2024,postdoc,demographic,total,hispanic,all,all,all,all,all,"spans 2017 PD_NFR column; postdoc, measure_group=demographic; axes (gender=total, race=hispanic, mechanism=all, all/all, degree=all, citizenship=all). Sum only WITHIN measure_group (marginals overlap). 2017 relabels reconcile to one tuple."
pd_tot_indian_v,1972,2024,postdoc,demographic,total,american_indian,all,all,all,all,all,"spans 2017 PD_NFR column; postdoc, measure_group=demographic; axes (gender=total, race=american_indian, mechanism=all, all/all, degree=all, citizenship=all). Sum only WITHIN measure_group (marginals overlap). 2017 relabels reconcile to one tuple."
pd_tot_med_degr_v,1972,2016,postdoc,mechanism_degree,all,all,all,all,all,medical,all,"pre-2017 PD_NFR column; postdoc, measure_group=mechanism_degree; axes (gender=all, race=all, mechanism=all, all/all, degree=medical, citizenship=all). Sum only WITHIN measure_group (marginals overlap). 2017 relabels reconcile to one tuple."
pd_tot_med_v,2017,2024,postdoc,mechanism_degree,all,all,all,all,all,medical,all,"post-2017 PD_NFR column; postdoc, measure_group=mechanism_degree; axes (gender=all, race=all, mechanism=all, all/all, degree=medical, citizenship=all). Sum only WITHIN measure_group (marginals overlap). 2017 relabels reconcile to one tuple."
pd_tot_men_all_srces_v,1972,2016,postdoc,gender_mechanism,men,all,all,all,all,all,all,"pre-2017 PD_NFR column; postdoc, measure_group=gender_mechanism; axes (gender=men, race=all, mechanism=all, all/all, degree=all, citizenship=all). Sum only WITHIN measure_group (marginals overlap). 2017 relabels reconcile to one tuple."
pd_tot_men_all_v,2017,2024,postdoc,gender_mechanism,men,all,all,all,all,all,all,"post-2017 PD_NFR column; postdoc, measure_group=gender_mechanism; axes (gender=men, race=all, mechanism=all, all/all, degree=all, citizenship=all). Sum only WITHIN measure_group (marginals overlap). 2017 relabels reconcile to one tuple."
pd_tot_multi_non_hisp_v,1972,2016,postdoc,demographic,total,multiracial,all,all,all,all,all,"pre-2017 PD_NFR column; postdoc, measure_group=demographic; axes (gender=total, race=multiracial, mechanism=all, all/all, degree=all, citizenship=all). Sum only WITHIN measure_group (marginals overlap). 2017 relabels reconcile to one tuple."
pd_tot_multi_v,2017,2024,postdoc,demographic,total,multiracial,all,all,all,all,all,"post-2017 PD_NFR column; postdoc, measure_group=demographic; axes (gender=total, race=multiracial, mechanism=all, all/all, degree=all, citizenship=all). Sum only WITHIN measure_group (marginals overlap). 2017 relabels reconcile to one tuple."
pd_tot_nfed_all_v,2017,2024,postdoc,support,all,all,all,nonfederal,all,all,all,"post-2017 PD_NFR column; postdoc, measure_group=support; axes (gender=all, race=all, mechanism=all, nonfederal/all, degree=all, citizenship=all). Sum only WITHIN measure_group (marginals overlap). 2017 relabels reconcile to one tuple."
pd_tot_nfed_forgn_v,2017,2024,postdoc,support,all,all,all,nonfederal,foreign,all,all,"post-2017 PD_NFR column; postdoc, measure_group=support; axes (gender=all, race=all, mechanism=all, nonfederal/foreign, degree=all, citizenship=all). Sum only WITHIN measure_group (marginals overlap). 2017 relabels reconcile to one tuple."
pd_tot_nfed_inst_v,2017,2024,postdoc,support,all,all,all,nonfederal,institutional,all,all,"post-2017 PD_NFR column; postdoc, measure_group=support; axes (gender=all, race=all, mechanism=all, nonfederal/institutional, degree=all, citizenship=all). Sum only WITHIN measure_group (marginals overlap). 2017 relabels reconcile to one tuple."
pd_tot_nfed_othus_v,2017,2024,postdoc,support,all,all,all,nonfederal,other_us,all,all,"post-2017 PD_NFR column; postdoc, measure_group=support; axes (gender=all, race=all, mechanism=all, nonfederal/other_us, degree=all, citizenship=all). Sum only WITHIN measure_group (marginals overlap). 2017 relabels reconcile to one tuple."
pd_tot_nmed_v,2017,2024,postdoc,mechanism_degree,all,all,all,all,all,nonmedical,all,"post-2017 PD_NFR column; postdoc, measure_group=mechanism_degree; axes (gender=all, race=all, mechanism=all, all/all, degree=nonmedical, citizenship=all). Sum only WITHIN measure_group (marginals overlap). 2017 relabels reconcile to one tuple."
pd_tot_nonfed_all_srces_v,1972,2016,postdoc,support,all,all,all,nonfederal,all,all,all,"pre-2017 PD_NFR column; postdoc, measure_group=support; axes (gender=all, race=all, mechanism=all, nonfederal/all, degree=all, citizenship=all). Sum only WITHIN measure_group (marginals overlap). 2017 relabels reconcile to one tuple."
pd_tot_nonfed_forgn_v,1972,2016,postdoc,support,all,all,all,nonfederal,foreign,all,all,"pre-2017 PD_NFR column; postdoc, measure_group=support; axes (gender=all, race=all, mechanism=all, nonfederal/foreign, degree=all, citizenship=all). Sum only WITHIN measure_group (marginals overlap). 2017 relabels reconcile to one tuple."
pd_tot_nonfed_inst_sup_v,1972,2016,postdoc,support,all,all,all,nonfederal,institutional,all,all,"pre-2017 PD_NFR column; postdoc, measure_group=support; axes (gender=all, race=all, mechanism=all, nonfederal/institutional, degree=all, citizenship=all). Sum only WITHIN measure_group (marginals overlap). 2017 relabels reconcile to one tuple."
pd_tot_nonfed_oth_us_v,1972,2016,postdoc,support,all,all,all,nonfederal,other_us,all,all,"pre-2017 PD_NFR column; postdoc, measure_group=support; axes (gender=all, race=all, mechanism=all, nonfederal/other_us, degree=all, citizenship=all). Sum only WITHIN measure_group (marginals overlap). 2017 relabels reconcile to one tuple."
pd_tot_nonmed_degr_v,1972,2016,postdoc,mechanism_degree,all,all,all,all,all,nonmedical,all,"pre-2017 PD_NFR column; postdoc, measure_group=mechanism_degree; axes (gender=all, race=all, mechanism=all, all/all, degree=nonmedical, citizenship=all). Sum only WITHIN measure_group (marginals overlap). 2017 relabels reconcile to one tuple."
pd_tot_pacific_v,1972,2024,postdoc,demographic,total,pacific_islander,all,all,all,all,all,"spans 2017 PD_NFR column; postdoc, measure_group=demographic; axes (gender=total, race=pacific_islander, mechanism=all, all/all, degree=all, citizenship=all). Sum only WITHIN measure_group (marginals overlap). 2017 relabels reconcile to one tuple."
pd_tot_self_sup_v,1972,2024,postdoc,support,all,all,all,self_support,all,all,all,"spans 2017 PD_NFR column; postdoc, measure_group=support; axes (gender=all, race=all, mechanism=all, self_support/all, degree=all, citizenship=all). Sum only WITHIN measure_group (marginals overlap). 2017 relabels reconcile to one tuple."
pd_tot_unk_sup_v,2017,2024,postdoc,support,all,all,all,unknown_source,all,all,all,"post-2017 PD_NFR column; postdoc, measure_group=support; axes (gender=all, race=all, mechanism=all, unknown_source/all, degree=all, citizenship=all). Sum only WITHIN measure_group (marginals overlap). 2017 relabels reconcile to one tuple."
pd_tot_unk_v,2017,2024,postdoc,mechanism_degree,all,all,all,all,all,unknown,all,"post-2017 PD_NFR column; postdoc, measure_group=mechanism_degree; axes (gender=all, race=all, mechanism=all, all/all, degree=unknown, citizenship=all). Sum only WITHIN measure_group (marginals overlap). 2017 relabels reconcile to one tuple."
pd_tot_unknown_degr_v,1972,2016,postdoc,mechanism_degree,all,all,all,all,all,unknown,all,"pre-2017 PD_NFR column; postdoc, measure_group=mechanism_degree; axes (gender=all, race=all, mechanism=all, all/all, degree=unknown, citizenship=all). Sum only WITHIN measure_group (marginals overlap). 2017 relabels reconcile to one tuple."
pd_tot_unknown_sup_v,1972,2016,postdoc,support,all,all,all,unknown_source,all,all,all,"pre-2017 PD_NFR column; postdoc, measure_group=support; axes (gender=all, race=all, mechanism=all, unknown_source/all, degree=all, citizenship=all). Sum only WITHIN measure_group (marginals overlap). 2017 relabels reconcile to one tuple."
pd_tot_unknown_v,1972,2024,postdoc,demographic,total,unknown,all,all,all,all,all,"spans 2017 PD_NFR column; postdoc, measure_group=demographic; axes (gender=total, race=unknown, mechanism=all, all/all, degree=all, citizenship=all). Sum only WITHIN measure_group (marginals overlap). 2017 relabels reconcile to one tuple."
pd_tot_us_v,1972,2024,postdoc,demographic,total,us_citizen,all,all,all,all,all,"spans 2017 PD_NFR column; postdoc, measure_group=demographic; axes (gender=total, race=us_citizen, mechanism=all, all/all, degree=all, citizenship=all). Sum only WITHIN measure_group (marginals overlap). 2017 relabels reconcile to one tuple."
pd_tot_white_v,1972,2024,postdoc,demographic,total,white,all,all,all,all,all,"spans 2017 PD_NFR column; postdoc, measure_group=demographic; axes (gender=total, race=white, mechanism=all, all/all, degree=all, citizenship=all). Sum only WITHIN measure_group (marginals overlap). 2017 relabels reconcile to one tuple."
pd_tot_wmen_all_srces_v,1972,2016,postdoc,gender_mechanism,women,all,all,all,all,all,all,"pre-2017 PD_NFR column; postdoc, measure_group=gender_mechanism; axes (gender=women, race=all, mechanism=all, all/all, degree=all, citizenship=all). Sum only WITHIN measure_group (marginals overlap). 2017 relabels reconcile to one tuple."
pd_tot_wmen_all_v,2017,2024,postdoc,gender_mechanism,women,all,all,all,all,all,all,"post-2017 PD_NFR column; postdoc, measure_group=gender_mechanism; axes (gender=women, race=all, mechanism=all, all/all, degree=all, citizenship=all). Sum only WITHIN measure_group (marginals overlap). 2017 relabels reconcile to one tuple."
pd_trn_all_v,2017,2024,postdoc,support,all,all,traineeship,all_sources,all,all,all,"post-2017 PD_NFR column; postdoc, measure_group=support; axes (gender=all, race=all, mechanism=traineeship, all_sources/all, degree=all, citizenship=all). Sum only WITHIN measure_group (marginals overlap). 2017 relabels reconcile to one tuple."
pd_trn_dual_v,2017,2024,postdoc,mechanism_degree,all,all,traineeship,all,all,dual,all,"post-2017 PD_NFR column; postdoc, measure_group=mechanism_degree; axes (gender=all, race=all, mechanism=traineeship, all/all, degree=dual, citizenship=all). Sum only WITHIN measure_group (marginals overlap). 2017 relabels reconcile to one tuple."
pd_trn_fed_all_v,2017,2024,postdoc,support,all,all,traineeship,federal,all,all,all,"post-2017 PD_NFR column; postdoc, measure_group=support; axes (gender=all, race=all, mechanism=traineeship, federal/all, degree=all, citizenship=all). Sum only WITHIN measure_group (marginals overlap). 2017 relabels reconcile to one tuple."
pd_trn_fed_doa_v,2017,2024,postdoc,support,all,all,traineeship,federal,USDA,all,all,"post-2017 PD_NFR column; postdoc, measure_group=support; axes (gender=all, race=all, mechanism=traineeship, federal/USDA, degree=all, citizenship=all). Sum only WITHIN measure_group (marginals overlap). 2017 relabels reconcile to one tuple."
pd_trn_fed_dod_v,2017,2024,postdoc,support,all,all,traineeship,federal,DOD,all,all,"post-2017 PD_NFR column; postdoc, measure_group=support; axes (gender=all, race=all, mechanism=traineeship, federal/DOD, degree=all, citizenship=all). Sum only WITHIN measure_group (marginals overlap). 2017 relabels reconcile to one tuple."
pd_trn_fed_doe_v,2017,2024,postdoc,support,all,all,traineeship,federal,DOE,all,all,"post-2017 PD_NFR column; postdoc, measure_group=support; axes (gender=all, race=all, mechanism=traineeship, federal/DOE, degree=all, citizenship=all). Sum only WITHIN measure_group (marginals overlap). 2017 relabels reconcile to one tuple."
pd_trn_fed_hhs_v,2017,2024,postdoc,support,all,all,traineeship,federal,HHS_other,all,all,"post-2017 PD_NFR column; postdoc, measure_group=support; axes (gender=all, race=all, mechanism=traineeship, federal/HHS_other, degree=all, citizenship=all). Sum only WITHIN measure_group (marginals overlap). 2017 relabels reconcile to one tuple."
pd_trn_fed_nasa_v,2017,2024,postdoc,support,all,all,traineeship,federal,NASA,all,all,"post-2017 PD_NFR column; postdoc, measure_group=support; axes (gender=all, race=all, mechanism=traineeship, federal/NASA, degree=all, citizenship=all). Sum only WITHIN measure_group (marginals overlap). 2017 relabels reconcile to one tuple."
pd_trn_fed_nih_v,2017,2024,postdoc,support,all,all,traineeship,federal,NIH,all,all,"post-2017 PD_NFR column; postdoc, measure_group=support; axes (gender=all, race=all, mechanism=traineeship, federal/NIH, degree=all, citizenship=all). Sum only WITHIN measure_group (marginals overlap). 2017 relabels reconcile to one tuple."
pd_trn_fed_nsf_v,2017,2024,postdoc,support,all,all,traineeship,federal,NSF,all,all,"post-2017 PD_NFR column; postdoc, measure_group=support; axes (gender=all, race=all, mechanism=traineeship, federal/NSF, degree=all, citizenship=all). Sum only WITHIN measure_group (marginals overlap). 2017 relabels reconcile to one tuple."
pd_trn_fed_oth_v,2017,2024,postdoc,support,all,all,traineeship,federal,other_federal,all,all,"post-2017 PD_NFR column; postdoc, measure_group=support; axes (gender=all, race=all, mechanism=traineeship, federal/other_federal, degree=all, citizenship=all). Sum only WITHIN measure_group (marginals overlap). 2017 relabels reconcile to one tuple."
pd_trn_med_v,2017,2024,postdoc,mechanism_degree,all,all,traineeship,all,all,medical,all,"post-2017 PD_NFR column; postdoc, measure_group=mechanism_degree; axes (gender=all, race=all, mechanism=traineeship, all/all, degree=medical, citizenship=all). Sum only WITHIN measure_group (marginals overlap). 2017 relabels reconcile to one tuple."
pd_trn_men_all_v,2017,2024,postdoc,gender_mechanism,men,all,traineeship,all,all,all,all,"post-2017 PD_NFR column; postdoc, measure_group=gender_mechanism; axes (gender=men, race=all, mechanism=traineeship, all/all, degree=all, citizenship=all). Sum only WITHIN measure_group (marginals overlap). 2017 relabels reconcile to one tuple."
pd_trn_nfed_all_v,2017,2024,postdoc,support,all,all,traineeship,nonfederal,all,all,all,"post-2017 PD_NFR column; postdoc, measure_group=support; axes (gender=all, race=all, mechanism=traineeship, nonfederal/all, degree=all, citizenship=all). Sum only WITHIN measure_group (marginals overlap). 2017 relabels reconcile to one tuple."
pd_trn_nfed_forgn_v,2017,2024,postdoc,support,all,all,traineeship,nonfederal,foreign,all,all,"post-2017 PD_NFR column; postdoc, measure_group=support; axes (gender=all, race=all, mechanism=traineeship, nonfederal/foreign, degree=all, citizenship=all). Sum only WITHIN measure_group (marginals overlap). 2017 relabels reconcile to one tuple."
pd_trn_nfed_inst_v,2017,2024,postdoc,support,all,all,traineeship,nonfederal,institutional,all,all,"post-2017 PD_NFR column; postdoc, measure_group=support; axes (gender=all, race=all, mechanism=traineeship, nonfederal/institutional, degree=all, citizenship=all). Sum only WITHIN measure_group (marginals overlap). 2017 relabels reconcile to one tuple."
pd_trn_nfed_othus_v,2017,2024,postdoc,support,all,all,traineeship,nonfederal,other_us,all,all,"post-2017 PD_NFR column; postdoc, measure_group=support; axes (gender=all, race=all, mechanism=traineeship, nonfederal/other_us, degree=all, citizenship=all). Sum only WITHIN measure_group (marginals overlap). 2017 relabels reconcile to one tuple."
pd_trn_nmed_v,2017,2024,postdoc,mechanism_degree,all,all,traineeship,all,all,nonmedical,all,"post-2017 PD_NFR column; postdoc, measure_group=mechanism_degree; axes (gender=all, race=all, mechanism=traineeship, all/all, degree=nonmedical, citizenship=all). Sum only WITHIN measure_group (marginals overlap). 2017 relabels reconcile to one tuple."
pd_trn_unk_sup_v,2017,2024,postdoc,support,all,all,traineeship,unknown_source,all,all,all,"post-2017 PD_NFR column; postdoc, measure_group=support; axes (gender=all, race=all, mechanism=traineeship, unknown_source/all, degree=all, citizenship=all). Sum only WITHIN measure_group (marginals overlap). 2017 relabels reconcile to one tuple."
pd_trn_unk_v,2017,2024,postdoc,mechanism_degree,all,all,traineeship,all,all,unknown,all,"post-2017 PD_NFR column; postdoc, measure_group=mechanism_degree; axes (gender=all, race=all, mechanism=traineeship, all/all, degree=unknown, citizenship=all). Sum only WITHIN measure_group (marginals overlap). 2017 relabels reconcile to one tuple."
pd_trn_wmen_all_v,2017,2024,postdoc,gender_mechanism,women,all,traineeship,all,all,all,all,"post-2017 PD_NFR column; postdoc, measure_group=gender_mechanism; axes (gender=women, race=all, mechanism=traineeship, all/all, degree=all, citizenship=all). Sum only WITHIN measure_group (marginals overlap). 2017 relabels reconcile to one tuple."
pd_trneeshp_all_srces_v,1972,2016,postdoc,support,all,all,traineeship,all_sources,all,all,all,"pre-2017 PD_NFR column; postdoc, measure_group=support; axes (gender=all, race=all, mechanism=traineeship, all_sources/all, degree=all, citizenship=all). Sum only WITHIN measure_group (marginals overlap). 2017 relabels reconcile to one tuple."
pd_trneeshp_dual_degr_v,1972,2016,postdoc,mechanism_degree,all,all,traineeship,all,all,dual,all,"pre-2017 PD_NFR column; postdoc, measure_group=mechanism_degree; axes (gender=all, race=all, mechanism=traineeship, all/all, degree=dual, citizenship=all). Sum only WITHIN measure_group (marginals overlap). 2017 relabels reconcile to one tuple."
pd_trneeshp_fed_all_srces_v,1972,2016,postdoc,support,all,all,traineeship,federal,all,all,all,"pre-2017 PD_NFR column; postdoc, measure_group=support; axes (gender=all, race=all, mechanism=traineeship, federal/all, degree=all, citizenship=all). Sum only WITHIN measure_group (marginals overlap). 2017 relabels reconcile to one tuple."
pd_trneeshp_fed_doa_v,1972,2016,postdoc,support,all,all,traineeship,federal,USDA,all,all,"pre-2017 PD_NFR column; postdoc, measure_group=support; axes (gender=all, race=all, mechanism=traineeship, federal/USDA, degree=all, citizenship=all). Sum only WITHIN measure_group (marginals overlap). 2017 relabels reconcile to one tuple."
pd_trneeshp_fed_dod_v,1972,2016,postdoc,support,all,all,traineeship,federal,DOD,all,all,"pre-2017 PD_NFR column; postdoc, measure_group=support; axes (gender=all, race=all, mechanism=traineeship, federal/DOD, degree=all, citizenship=all). Sum only WITHIN measure_group (marginals overlap). 2017 relabels reconcile to one tuple."
pd_trneeshp_fed_doe_v,1972,2016,postdoc,support,all,all,traineeship,federal,DOE,all,all,"pre-2017 PD_NFR column; postdoc, measure_group=support; axes (gender=all, race=all, mechanism=traineeship, federal/DOE, degree=all, citizenship=all). Sum only WITHIN measure_group (marginals overlap). 2017 relabels reconcile to one tuple."
pd_trneeshp_fed_hhs_nih_v,1972,2016,postdoc,support,all,all,traineeship,federal,NIH,all,all,"pre-2017 PD_NFR column; postdoc, measure_group=support; axes (gender=all, race=all, mechanism=traineeship, federal/NIH, degree=all, citizenship=all). Sum only WITHIN measure_group (marginals overlap). 2017 relabels reconcile to one tuple."
pd_trneeshp_fed_hhs_oth_v,1972,2016,postdoc,support,all,all,traineeship,federal,HHS_other,all,all,"pre-2017 PD_NFR column; postdoc, measure_group=support; axes (gender=all, race=all, mechanism=traineeship, federal/HHS_other, degree=all, citizenship=all). Sum only WITHIN measure_group (marginals overlap). 2017 relabels reconcile to one tuple."
pd_trneeshp_fed_nasa_v,1972,2016,postdoc,support,all,all,traineeship,federal,NASA,all,all,"pre-2017 PD_NFR column; postdoc, measure_group=support; axes (gender=all, race=all, mechanism=traineeship, federal/NASA, degree=all, citizenship=all). Sum only WITHIN measure_group (marginals overlap). 2017 relabels reconcile to one tuple."
pd_trneeshp_fed_nsf_v,1972,2016,postdoc,support,all,all,traineeship,federal,NSF,all,all,"pre-2017 PD_NFR column; postdoc, measure_group=support; axes (gender=all, race=all, mechanism=traineeship, federal/NSF, degree=all, citizenship=all). Sum only WITHIN measure_group (marginals overlap). 2017 relabels reconcile to one tuple."
pd_trneeshp_fed_oth_v,1972,2016,postdoc,support,all,all,traineeship,federal,other_federal,all,all,"pre-2017 PD_NFR column; postdoc, measure_group=support; axes (gender=all, race=all, mechanism=traineeship, federal/other_federal, degree=all, citizenship=all). Sum only WITHIN measure_group (marginals overlap). 2017 relabels reconcile to one tuple."
pd_trneeshp_med_degr_v,1972,2016,postdoc,mechanism_degree,all,all,traineeship,all,all,medical,all,"pre-2017 PD_NFR column; postdoc, measure_group=mechanism_degree; axes (gender=all, race=all, mechanism=traineeship, all/all, degree=medical, citizenship=all). Sum only WITHIN measure_group (marginals overlap). 2017 relabels reconcile to one tuple."
pd_trneeshp_men_all_srces_v,1972,2016,postdoc,gender_mechanism,men,all,traineeship,all,all,all,all,"pre-2017 PD_NFR column; postdoc, measure_group=gender_mechanism; axes (gender=men, race=all, mechanism=traineeship, all/all, degree=all, citizenship=all). Sum only WITHIN measure_group (marginals overlap). 2017 relabels reconcile to one tuple."
pd_trneeshp_nonfed_all_srces_v,1972,2016,postdoc,support,all,all,traineeship,nonfederal,all,all,all,"pre-2017 PD_NFR column; postdoc, measure_group=support; axes (gender=all, race=all, mechanism=traineeship, nonfederal/all, degree=all, citizenship=all). Sum only WITHIN measure_group (marginals overlap). 2017 relabels reconcile to one tuple."
pd_trneeshp_nonfed_forgn_v,1972,2016,postdoc,support,all,all,traineeship,nonfederal,foreign,all,all,"pre-2017 PD_NFR column; postdoc, measure_group=support; axes (gender=all, race=all, mechanism=traineeship, nonfederal/foreign, degree=all, citizenship=all). Sum only WITHIN measure_group (marginals overlap). 2017 relabels reconcile to one tuple."
pd_trneeshp_nonfed_inst_sup_v,1972,2016,postdoc,support,all,all,traineeship,nonfederal,institutional,all,all,"pre-2017 PD_NFR column; postdoc, measure_group=support; axes (gender=all, race=all, mechanism=traineeship, nonfederal/institutional, degree=all, citizenship=all). Sum only WITHIN measure_group (marginals overlap). 2017 relabels reconcile to one tuple."
pd_trneeshp_nonfed_oth_us_v,1972,2016,postdoc,support,all,all,traineeship,nonfederal,other_us,all,all,"pre-2017 PD_NFR column; postdoc, measure_group=support; axes (gender=all, race=all, mechanism=traineeship, nonfederal/other_us, degree=all, citizenship=all). Sum only WITHIN measure_group (marginals overlap). 2017 relabels reconcile to one tuple."
pd_trneeshp_nonmed_degr_v,1972,2016,postdoc,mechanism_degree,all,all,traineeship,all,all,nonmedical,all,"pre-2017 PD_NFR column; postdoc, measure_group=mechanism_degree; axes (gender=all, race=all, mechanism=traineeship, all/all, degree=nonmedical, citizenship=all). Sum only WITHIN measure_group (marginals overlap). 2017 relabels reconcile to one tuple."
pd_trneeshp_unknown_degr_v,1972,2016,postdoc,mechanism_degree,all,all,traineeship,all,all,unknown,all,"pre-2017 PD_NFR column; postdoc, measure_group=mechanism_degree; axes (gender=all, race=all, mechanism=traineeship, all/all, degree=unknown, citizenship=all). Sum only WITHIN measure_group (marginals overlap). 2017 relabels reconcile to one tuple."
pd_trneeshp_unknown_sup_v,1972,2016,postdoc,support,all,all,traineeship,unknown_source,all,all,all,"pre-2017 PD_NFR column; postdoc, measure_group=support; axes (gender=all, race=all, mechanism=traineeship, unknown_source/all, degree=all, citizenship=all). Sum only WITHIN measure_group (marginals overlap). 2017 relabels reconcile to one tuple."
pd_trneeshp_wmen_all_srces_v,1972,2016,postdoc,gender_mechanism,women,all,traineeship,all,all,all,all,"pre-2017 PD_NFR column; postdoc, measure_group=gender_mechanism; axes (gender=women, race=all, mechanism=traineeship, all/all, degree=all, citizenship=all). Sum only WITHIN measure_group (marginals overlap). 2017 relabels reconcile to one tuple."
pd_us_dual_degr_v,1972,2016,postdoc,citizenship_degree,all,all,all,all,all,dual,us,"pre-2017 PD_NFR column; postdoc, measure_group=citizenship_degree; axes (gender=all, race=all, mechanism=all, all/all, degree=dual, citizenship=us). Sum only WITHIN measure_group (marginals overlap). 2017 relabels reconcile to one tuple."
pd_us_dual_v,2017,2024,postdoc,citizenship_degree,all,all,all,all,all,dual,us,"post-2017 PD_NFR column; postdoc, measure_group=citizenship_degree; axes (gender=all, race=all, mechanism=all, all/all, degree=dual, citizenship=us). Sum only WITHIN measure_group (marginals overlap). 2017 relabels reconcile to one tuple."
pd_us_med_degr_v,1972,2016,postdoc,citizenship_degree,all,all,all,all,all,medical,us,"pre-2017 PD_NFR column; postdoc, measure_group=citizenship_degree; axes (gender=all, race=all, mechanism=all, all/all, degree=medical, citizenship=us). Sum only WITHIN measure_group (marginals overlap). 2017 relabels reconcile to one tuple."
pd_us_med_v,2017,2024,postdoc,citizenship_degree,all,all,all,all,all,medical,us,"post-2017 PD_NFR column; postdoc, measure_group=citizenship_degree; axes (gender=all, race=all, mechanism=all, all/all, degree=medical, citizenship=us). Sum only WITHIN measure_group (marginals overlap). 2017 relabels reconcile to one tuple."
pd_us_nmed_v,2017,2024,postdoc,citizenship_degree,all,all,all,all,all,nonmedical,us,"post-2017 PD_NFR column; postdoc, measure_group=citizenship_degree; axes (gender=all, race=all, mechanism=all, all/all, degree=nonmedical, citizenship=us). Sum only WITHIN measure_group (marginals overlap). 2017 relabels reconcile to one tuple."
pd_us_nonmed_degr_v,1972,2016,postdoc,citizenship_degree,all,all,all,all,all,nonmedical,us,"pre-2017 PD_NFR column; postdoc, measure_group=citizenship_degree; axes (gender=all, race=all, mechanism=all, all/all, degree=nonmedical, citizenship=us). Sum only WITHIN measure_group (marginals overlap). 2017 relabels reconcile to one tuple."
pd_us_unk_v,2017,2024,postdoc,citizenship_degree,all,all,all,all,all,unknown,us,"post-2017 PD_NFR column; postdoc, measure_group=citizenship_degree; axes (gender=all, race=all, mechanism=all, all/all, degree=unknown, citizenship=us). Sum only WITHIN measure_group (marginals overlap). 2017 relabels reconcile to one tuple."
pd_us_unknown_degr_v,1972,2016,postdoc,citizenship_degree,all,all,all,all,all,unknown,us,"pre-2017 PD_NFR column; postdoc, measure_group=citizenship_degree; axes (gender=all, race=all, mechanism=all, all/all, degree=unknown, citizenship=us). Sum only WITHIN measure_group (marginals overlap). 2017 relabels reconcile to one tuple."
pd_wmen_all_races_v,1972,2024,postdoc,demographic,women,all_races,all,all,all,all,all,"spans 2017 PD_NFR column; postdoc, measure_group=demographic; axes (gender=women, race=all_races, mechanism=all, all/all, degree=all, citizenship=all). Sum only WITHIN measure_group (marginals overlap). 2017 relabels reconcile to one tuple."
pd_wmen_asian_v,1972,2024,postdoc,demographic,women,asian,all,all,all,all,all,"spans 2017 PD_NFR column; postdoc, measure_group=demographic; axes (gender=women, race=asian, mechanism=all, all/all, degree=all, citizenship=all). Sum only WITHIN measure_group (marginals overlap). 2017 relabels reconcile to one tuple."
pd_wmen_black_v,1972,2024,postdoc,demographic,women,black,all,all,all,all,all,"spans 2017 PD_NFR column; postdoc, measure_group=demographic; axes (gender=women, race=black, mechanism=all, all/all, degree=all, citizenship=all). Sum only WITHIN measure_group (marginals overlap). 2017 relabels reconcile to one tuple."
pd_wmen_forgn_v,1972,2024,postdoc,demographic,women,foreign,all,all,all,all,all,"spans 2017 PD_NFR column; postdoc, measure_group=demographic; axes (gender=women, race=foreign, mechanism=all, all/all, degree=all, citizenship=all). Sum only WITHIN measure_group (marginals overlap). 2017 relabels reconcile to one tuple."
pd_wmen_hisp_v,1972,2024,postdoc,demographic,women,hispanic,all,all,all,all,all,"spans 2017 PD_NFR column; postdoc, measure_group=demographic; axes (gender=women, race=hispanic, mechanism=all, all/all, degree=all, citizenship=all). Sum only WITHIN measure_group (marginals overlap). 2017 relabels reconcile to one tuple."
pd_wmen_indian_v,1972,2024,postdoc,demographic,women,american_indian,all,all,all,all,all,"spans 2017 PD_NFR column; postdoc, measure_group=demographic; axes (gender=women, race=american_indian, mechanism=all, all/all, degree=all, citizenship=all). Sum only WITHIN measure_group (marginals overlap). 2017 relabels reconcile to one tuple."
pd_wmen_multi_non_hisp_v,1972,2016,postdoc,demographic,women,multiracial,all,all,all,all,all,"pre-2017 PD_NFR column; postdoc, measure_group=demographic; axes (gender=women, race=multiracial, mechanism=all, all/all, degree=all, citizenship=all). Sum only WITHIN measure_group (marginals overlap). 2017 relabels reconcile to one tuple."
pd_wmen_multi_v,2017,2024,postdoc,demographic,women,multiracial,all,all,all,all,all,"post-2017 PD_NFR column; postdoc, measure_group=demographic; axes (gender=women, race=multiracial, mechanism=all, all/all, degree=all, citizenship=all). Sum only WITHIN measure_group (marginals overlap). 2017 relabels reconcile to one tuple."
pd_wmen_pacific_v,1972,2024,postdoc,demographic,women,pacific_islander,all,all,all,all,all,"spans 2017 PD_NFR column; postdoc, measure_group=demographic; axes (gender=women, race=pacific_islander, mechanism=all, all/all, degree=all, citizenship=all). Sum only WITHIN measure_group (marginals overlap). 2017 relabels reconcile to one tuple."
pd_wmen_unk_v,2017,2024,postdoc,demographic,women,unknown,all,all,all,all,all,"post-2017 PD_NFR column; postdoc, measure_group=demographic; axes (gender=women, race=unknown, mechanism=all, all/all, degree=all, citizenship=all). Sum only WITHIN measure_group (marginals overlap). 2017 relabels reconcile to one tuple."
pd_wmen_unknown_v,1972,2016,postdoc,demographic,women,unknown,all,all,all,all,all,"pre-2017 PD_NFR column; postdoc, measure_group=demographic; axes (gender=women, race=unknown, mechanism=all, all/all, degree=all, citizenship=all). Sum only WITHIN measure_group (marginals overlap). 2017 relabels reconcile to one tuple."
pd_wmen_white_v,1972,2024,postdoc,demographic,women,white,all,all,all,all,all,"spans 2017 PD_NFR column; postdoc, measure_group=demographic; axes (gender=women, race=white, mechanism=all, all/all, degree=all, citizenship=all). Sum only WITHIN measure_group (marginals overlap). 2017 relabels reconcile to one tuple."
tot_postdoc_felshp_v,1972,2016,postdoc,gender_support,total,all,fellowship,all,all,all,all,"pre-2017 PD_NFR column; postdoc, measure_group=gender_support; axes (gender=total, race=all, mechanism=fellowship, all/all, degree=all, citizenship=all). Sum only WITHIN measure_group (marginals overlap). 2017 relabels reconcile to one tuple."
tot_postdoc_nonfed_v,1972,2016,postdoc,gender_support,total,all,all,nonfederal,all,all,all,"pre-2017 PD_NFR column; postdoc, measure_group=gender_support; axes (gender=total, race=all, mechanism=all, nonfederal/all, degree=all, citizenship=all). Sum only WITHIN measure_group (marginals overlap). 2017 relabels reconcile to one tuple."
tot_postdoc_rsch_grnt_v,1972,2016,postdoc,gender_support,total,all,research_grant,all,all,all,all,"pre-2017 PD_NFR column; postdoc, measure_group=gender_support; axes (gender=total, race=all, mechanism=research_grant, all/all, degree=all, citizenship=all). Sum only WITHIN measure_group (marginals overlap). 2017 relabels reconcile to one tuple."
tot_postdoc_trneeshp_v,1972,2016,postdoc,gender_support,total,all,traineeship,all,all,all,all,"pre-2017 PD_NFR column; postdoc, measure_group=gender_support; axes (gender=total, race=all, mechanism=traineeship, all/all, degree=all, citizenship=all). Sum only WITHIN measure_group (marginals overlap). 2017 relabels reconcile to one tuple."
wmen_postdoc_felshp_v,1972,2016,postdoc,gender_support,women,all,fellowship,all,all,all,all,"pre-2017 PD_NFR column; postdoc, measure_group=gender_support; axes (gender=women, race=all, mechanism=fellowship, all/all, degree=all, citizenship=all). Sum only WITHIN measure_group (marginals overlap). 2017 relabels reconcile to one tuple."
wmen_postdoc_nonfed_v,1972,2016,postdoc,gender_support,women,all,all,nonfederal,all,all,all,"pre-2017 PD_NFR column; postdoc, measure_group=gender_support; axes (gender=women, race=all, mechanism=all, nonfederal/all, degree=all, citizenship=all). Sum only WITHIN measure_group (marginals overlap). 2017 relabels reconcile to one tuple."
wmen_postdoc_rsch_grnt_v,1972,2016,postdoc,gender_support,women,all,research_grant,all,all,all,all,"pre-2017 PD_NFR column; postdoc, measure_group=gender_support; axes (gender=women, race=all, mechanism=research_grant, all/all, degree=all, citizenship=all). Sum only WITHIN measure_group (marginals overlap). 2017 relabels reconcile to one tuple."
wmen_postdoc_trneeshp_v,1972,2016,postdoc,gender_support,women,all,traineeship,all,all,all,all,"pre-2017 PD_NFR column; postdoc, measure_group=gender_support; axes (gender=women, race=all, mechanism=traineeship, all/all, degree=all, citizenship=all). Sum only WITHIN measure_group (marginals overlap). 2017 relabels reconcile to one tuple."
